,accurateChippedPasses,accurateCrosses,accurateCrossesPercentage,accurateFinalThirdPasses,accurateLongBalls,accurateLongBallsPercentage,accurateOppositionHalfPasses,accurateOwnHalfPasses,accuratePasses,accuratePassesPercentage,aerialDuelsWon,aerialDuelsWonPercentage,aerialLost,appearances,assists,attemptPenaltyMiss,attemptPenaltyPost,attemptPenaltyTarget,ballRecovery,bigChancesCreated,bigChancesMissed,blockedShots,cleanSheet,clearances,countRating,crossesNotClaimed,directRedCards,dispossessed,dribbledPast,duelLost,errorLeadToGoal,errorLeadToShot,expectedAssists,expectedGoals,fouls,freeKickGoal,goalConversionPercentage,goalKicks,goals,goalsAssistsSum,goalsConceded,goalsConcededInsideTheBox,goalsConcededOutsideTheBox,goalsFromInsideTheBox,goalsFromOutsideTheBox,goalsPrevented,groundDuelsWon,groundDuelsWonPercentage,headedGoals,highClaims,hitWoodwork,inaccuratePasses,interceptions,keyPasses,leftFootGoals,matchesStarted,minutesPlayed,offsides,outfielderBlocks,ownGoals,passToAssist,penaltiesTaken,penaltyConceded,penaltyConversion,penaltyFaced,penaltyGoals,penaltySave,penaltyWon,possessionLost,possessionWonAttThird,punches,rating,redCards,rightFootGoals,runsOut,savedShotsFromInsideTheBox,savedShotsFromOutsideTheBox,saves,savesCaught,savesParried,scoringFrequency,setPieceConversion,shotFromSetPiece,shotsFromInsideTheBox,shotsFromOutsideTheBox,shotsOffTarget,shotsOnTarget,successfulDribbles,successfulDribblesPercentage,successfulRunsOut,tackles,tacklesWon,tacklesWonPercentage,totalAttemptAssist,totalChippedPasses,totalContest,totalCross,totalDuelsWon,totalDuelsWonPercentage,totalLongBalls,totalOppositionHalfPasses,totalOwnHalfPasses,totalPasses,totalRating,totalShots,totwAppearances,touches,wasFouled,yellowCards,yellowRedCards,player,team,player id,team id
0,152,55,30.05,662,138,60.0,1089,550,1639,82.2,21,38.89,33,35,21,1,0,1,167,33,8,30,7,42,35,0,0,30,39,148,0,3,12.32,10.83,25,1,10.59,0,9,30,46,40,6,8,1,,103,47.25,0,0,5,355,20,137,0,35,3066,4,5,0,1,6,1,66.67,0,4,0,0,594,16,0,7.61,0,9,0,0,0,0,0,0,340.67,20.0,5,39,46,31,24,15,41.67,0,54,32,59.26,136,250,36,183,124,45.59,230,1368,626,1994,266.2,85,7,2647,35,5,0,Bruno Fernandes,Manchester United,288205,35
1,6,0,0.0,5,17,27.87,12,56,68,60.71,1,100.0,0,3,0,0,0,0,21,0,0,0,0,4,3,0,0,1,0,1,0,0,0.01,,0,0,0.0,37,0,0,4,4,0,0,0,1.6,0,0.0,0,4,0,44,0,1,0,3,270,0,0,0,0,0,0,0.0,1,0,0,0,48,0,2,7.57,0,0,2,5,5,10,0,1,0.0,0.0,0,0,0,0,0,0,0.0,2,0,0,0.0,1,8,0,0,1,50.0,61,54,58,112,22.7,0,1,146,0,0,0,Max Weiss,Burnley,1128801,6
2,66,47,26.4,534,88,48.09,1062,803,1865,87.31,50,67.57,24,36,5,0,0,0,180,17,3,13,13,78,36,0,0,18,14,96,1,0,6.96,3.17,26,0,10.0,0,4,9,25,19,6,3,1,,95,56.89,1,0,0,271,37,64,0,35,3099,1,12,0,1,0,0,0.0,0,0,0,0,498,12,0,7.46,0,3,0,0,0,0,0,0,774.75,0.0,5,13,27,14,13,14,50.0,0,70,35,50.0,63,126,28,178,145,60.17,183,1262,874,2136,268.5,40,4,2769,11,3,0,Declan Rice,Arsenal,856714,42
3,78,21,25.61,446,81,60.45,772,478,1250,86.15,13,37.14,22,29,5,0,0,0,135,7,4,6,6,36,29,0,0,46,26,165,0,0,4.98,5.6,45,0,21.43,0,9,14,37,30,7,6,3,,155,52.01,2,0,2,201,15,46,1,27,2455,2,3,0,1,2,0,100.0,0,2,0,2,407,18,0,7.45,0,6,0,0,0,0,0,0,272.78,0.0,2,20,22,13,23,18,37.5,0,62,43,69.35,45,123,48,82,168,50.45,134,935,516,1451,216.1,42,5,2034,75,6,0,Bruno Guimarães,Newcastle United,866469,39
4,94,1,16.67,340,90,68.7,861,597,1458,90.11,39,78.0,11,21,0,0,0,0,107,2,0,6,3,41,20,0,0,11,15,59,0,3,2.59,1.13,14,0,6.25,1,1,1,15,12,3,1,0,,79,62.2,1,0,1,160,14,25,0,17,1513,0,3,0,0,0,0,0.0,0,0,0,0,203,10,0,7.43,0,0,0,0,0,0,0,0,1513.0,0.0,0,8,8,7,3,7,46.67,0,41,22,53.66,25,134,15,6,118,66.67,131,974,644,1618,148.6,16,2,1869,31,3,0,Rodri,Manchester City,827606,17
5,6,16,27.12,386,14,63.64,529,111,640,82.9,4,33.33,8,30,5,0,0,0,88,13,4,15,2,2,30,0,0,49,10,153,0,0,6.18,2.75,23,0,12.82,0,5,10,18,15,3,3,2,,167,53.53,0,0,1,132,13,60,2,19,1784,3,0,0,1,0,0,0.0,0,0,0,2,378,20,0,7.39,0,3,0,0,0,0,0,0,356.8,0.0,0,27,12,9,15,84,56.76,0,23,15,65.22,59,10,148,59,171,52.78,22,649,123,772,221.7,39,5,1319,61,0,0,Jérémy Doku,Manchester City,934386,17
6,79,51,28.98,582,119,53.36,1106,932,2038,85.52,66,58.93,46,38,4,0,0,0,306,9,1,18,7,49,38,0,0,62,40,245,0,4,4.79,2.9,57,0,9.09,0,4,8,50,41,9,3,1,,231,53.72,0,0,0,345,41,55,1,37,3334,2,16,0,1,1,1,100.0,0,1,0,0,656,25,0,7.34,0,3,0,0,0,0,0,0,833.5,0.0,2,17,27,16,10,50,54.35,0,104,63,60.58,54,165,92,176,297,54.8,223,1363,1020,2383,278.8,44,3,3300,80,8,0,Elliot Anderson,Nottingham Forest,994546,14
7,109,23,23.23,441,138,54.98,852,660,1512,83.67,56,61.54,35,34,6,0,0,0,179,9,0,6,9,85,34,0,0,17,16,102,0,3,3.71,1.02,23,0,4.76,0,1,7,39,33,6,0,1,,99,59.64,0,0,1,295,29,34,1,32,2903,0,20,0,0,0,0,0.0,0,0,0,0,429,9,0,7.33,0,0,0,0,0,0,0,0,2903.0,0.0,3,5,16,10,5,11,45.83,0,50,33,66.0,34,199,24,99,155,60.31,251,1084,723,1807,249.2,21,4,2295,41,8,0,Granit Xhaka,Sunderland,117777,41
8,5,1,33.33,107,4,28.57,160,92,252,65.63,73,61.86,45,35,8,0,0,1,41,9,30,24,9,42,35,0,0,23,6,111,0,0,2.85,25.43,24,0,21.43,0,27,35,32,25,7,26,1,,57,46.34,3,0,6,132,5,25,21,34,2958,5,1,0,0,4,0,75.0,0,3,0,0,225,13,0,7.31,0,3,0,0,0,0,0,0,109.56,0.0,0,114,12,43,59,17,53.13,0,15,9,60.0,25,13,32,3,130,53.94,14,265,119,384,255.9,126,6,778,25,2,0,Erling Haaland,Manchester City,839956,17
9,80,3,17.65,398,77,40.96,955,1115,2070,89.65,103,65.19,55,35,3,0,0,0,138,5,6,8,14,164,35,0,0,18,11,112,2,0,2.32,4.12,25,0,9.38,37,3,6,35,28,7,3,0,,91,61.49,1,0,2,239,50,18,0,35,3150,0,23,0,0,0,0,0.0,0,0,0,1,300,5,0,7.3,0,2,0,0,0,0,0,0,1050.0,0.0,0,30,2,15,9,7,63.64,0,46,31,67.39,18,160,11,17,194,63.4,188,1116,1193,2309,255.5,32,5,2808,38,6,0,Marc Guéhi,Manchester City,877994,17
10,46,1,20.0,205,78,44.57,594,934,1528,88.17,99,62.26,60,32,4,0,0,0,64,5,4,10,17,182,32,0,0,4,7,91,1,2,1.82,2.93,21,0,11.11,46,3,7,20,15,5,3,0,,72,69.9,1,0,2,205,23,7,2,30,2751,0,34,0,0,0,0,0.0,0,0,0,0,234,2,0,7.27,0,0,0,0,0,0,0,0,917.0,0.0,0,22,5,10,7,1,50.0,0,38,20,52.63,7,98,2,5,171,65.27,175,731,1002,1733,232.5,27,5,2158,34,4,0,Gabriel Magalhães,Arsenal,869792,42
11,82,0,0.0,410,137,45.97,1149,1336,2485,89.0,174,74.36,60,38,0,0,0,0,87,0,8,4,10,275,38,0,0,1,2,78,2,2,1.35,3.77,19,0,20.0,141,6,6,53,42,11,6,0,,42,70.0,5,0,1,307,28,12,0,38,3420,1,26,0,0,0,1,0.0,0,0,0,0,327,3,0,7.26,0,0,0,0,0,0,0,0,570.0,0.0,0,27,3,12,14,2,100.0,0,22,13,59.09,12,153,2,1,216,73.47,298,1395,1397,2792,275.9,30,5,3261,18,4,0,Virgil van Dijk,Liverpool FC,151545,44
12,150,8,30.77,330,182,38.16,775,1026,1801,77.66,92,47.92,100,37,5,0,0,0,154,7,2,4,10,253,37,0,0,14,29,178,0,2,4.67,1.52,34,0,0.0,79,0,5,53,46,7,0,0,,104,57.14,0,0,1,518,56,24,0,37,3290,1,47,0,0,0,0,0.0,0,0,0,1,600,2,0,7.24,0,0,0,0,0,0,0,0,0.0,0.0,0,10,7,8,5,6,66.67,0,62,35,56.45,24,345,9,26,196,52.41,477,1166,1153,2319,268.0,17,5,2990,37,8,0,Marcos Senesi,Bournemouth,830659,60
13,125,10,43.48,333,133,47.16,853,1345,2198,87.19,114,58.76,80,36,3,0,0,0,113,2,3,7,9,189,36,0,0,6,21,133,4,0,1.62,3.3,27,0,13.04,11,3,6,44,36,8,3,0,,95,64.19,1,0,1,323,47,13,0,36,3211,4,28,1,0,0,1,0.0,0,0,0,0,366,3,0,7.24,0,2,0,0,0,0,0,0,1070.33,0.0,0,18,5,6,10,3,60.0,0,53,30,56.6,13,230,5,23,209,61.11,282,1099,1422,2521,260.5,23,5,3041,43,9,0,Jan Paul van Hecke,Brighton & Hove Albion,962012,30
14,15,40,32.79,341,14,35.9,476,117,593,76.71,22,42.31,30,31,5,0,0,0,117,12,8,24,8,11,31,0,0,32,16,160,0,1,7.16,7.55,33,0,9.86,0,7,12,16,11,5,7,0,,145,52.73,1,0,1,180,16,63,4,25,2225,14,1,0,2,1,0,100.0,0,1,0,0,407,27,0,7.24,0,2,0,0,0,0,0,0,317.86,0.0,2,52,19,20,27,50,49.5,0,41,21,51.22,61,39,101,122,167,51.07,39,626,147,773,224.3,71,5,1382,54,2,0,Bukayo Saka,Arsenal,934235,42
15,18,10,25.64,238,18,56.25,347,135,482,84.12,4,17.39,19,20,6,0,0,0,87,5,4,12,5,11,20,0,0,30,10,104,0,2,3.57,2.15,13,0,7.69,0,2,8,23,21,2,1,1,,102,54.55,0,0,1,91,12,40,1,18,1631,0,6,0,2,0,0,0.0,0,0,0,0,227,16,0,7.23,1,1,0,0,0,0,0,0,815.5,0.0,0,19,7,6,8,23,40.35,0,21,15,71.43,38,29,57,39,106,50.48,32,416,157,573,144.6,26,3,932,58,3,1,Jack Grealish,Everton,189061,48
16,39,53,25.6,490,60,45.8,901,663,1564,87.23,30,63.83,17,38,7,0,0,0,184,12,0,11,11,85,38,0,0,15,46,132,0,1,5.95,2.03,39,0,4.44,0,2,9,50,46,4,1,1,,179,60.88,0,0,1,229,59,56,0,38,3414,0,10,0,0,0,0,0.0,0,0,0,0,479,15,0,7.23,0,2,0,0,0,0,0,0,1707.0,0.0,11,14,31,20,14,18,52.94,0,120,71,59.17,56,76,34,207,209,61.29,131,1052,741,1793,274.7,45,2,2654,42,12,0,James Garner,Everton,927361,48
17,105,4,23.53,306,86,54.09,693,608,1301,81.31,57,51.35,54,34,2,0,0,0,138,4,6,16,2,73,34,0,0,13,50,169,0,5,3.12,5.52,46,0,17.31,0,9,11,31,28,3,8,1,,131,53.25,8,0,1,299,31,36,0,33,2593,5,27,0,0,0,0,0.0,0,0,0,0,369,9,0,7.22,1,1,0,0,0,0,0,0,288.11,0.0,0,31,21,18,18,6,37.5,0,90,45,50.0,36,167,16,17,188,52.66,159,896,704,1600,245.5,52,3,2128,36,9,1,Casemiro,Manchester United,122951,35
18,46,24,30.0,480,31,48.44,819,285,1104,86.45,1,12.5,7,33,12,0,0,0,91,19,2,23,3,7,33,0,0,34,19,132,0,1,8.65,4.13,17,0,7.27,0,4,16,18,15,3,3,1,,111,47.03,0,0,3,173,7,61,0,19,1794,1,1,0,1,0,0,0.0,0,0,0,0,374,16,0,7.21,0,4,0,0,0,0,0,0,448.5,0.0,4,39,16,19,13,51,48.11,0,26,18,69.23,60,84,106,80,112,45.9,64,965,312,1277,238.0,55,3,1758,34,1,0,Rayan Cherki,Manchester City,979128,17
19,47,14,30.43,281,60,63.16,574,385,959,84.94,22,56.41,17,25,4,0,0,0,94,5,2,7,2,19,25,0,0,13,23,85,0,1,3.33,1.17,25,0,0.0,0,0,4,27,23,4,0,0,,107,61.14,0,0,0,170,18,32,0,21,1862,1,14,0,0,0,0,0.0,0,0,0,0,255,9,0,7.2,0,0,0,0,0,0,0,0,0.0,0.0,0,8,16,10,7,9,52.94,0,58,36,62.07,32,91,17,46,129,60.28,95,700,429,1129,180.1,24,1,1484,41,0,0,Youri Tielemans,Aston Villa,331737,40
20,80,12,23.08,346,110,61.45,700,666,1366,87.45,19,48.72,20,36,4,0,0,0,182,3,1,11,5,36,36,0,0,32,41,160,0,4,2.97,2.0,49,0,10.71,0,3,7,50,45,5,2,1,,180,56.25,1,0,1,196,35,37,0,35,3024,0,12,0,0,0,0,0.0,0,0,0,0,333,17,0,7.19,0,2,0,0,0,0,0,0,1008.0,0.0,0,8,20,9,8,28,58.33,0,103,67,65.05,37,147,48,52,199,55.43,179,846,716,1562,259.0,28,1,2120,49,7,0,Mateus Fernandes,West Ham United,1142562,37
21,45,30,23.81,301,57,55.34,602,576,1178,88.97,31,65.96,16,29,4,0,0,0,102,8,0,9,4,41,29,0,0,13,10,77,1,3,3.19,1.04,27,1,9.09,0,2,6,20,20,0,1,1,,81,57.04,0,0,2,146,33,27,0,20,1961,1,6,0,0,0,0,0.0,0,0,0,0,298,7,0,7.18,0,2,0,0,0,0,0,0,980.5,14.29,7,4,18,6,7,11,50.0,0,48,33,68.75,27,91,22,126,112,59.26,103,699,625,1324,208.3,22,3,1845,22,4,0,Reece James,Chelsea,885908,38
22,40,3,33.33,237,53,51.96,754,875,1629,92.98,58,65.17,31,26,0,0,0,0,73,0,1,3,11,117,26,0,0,3,2,54,0,2,0.64,0.56,15,0,20.0,19,2,2,22,16,6,1,1,,24,51.06,0,0,0,123,23,7,0,24,2149,0,17,0,0,0,0,0.0,0,0,0,0,139,2,0,7.18,0,2,0,0,0,0,0,0,1074.5,0.0,0,6,4,3,4,3,50.0,0,13,6,46.15,7,80,6,9,82,60.29,102,832,920,1752,186.6,10,3,2012,9,3,0,Rúben Dias,Manchester City,318941,17
23,81,68,33.17,660,130,62.2,1149,770,1919,87.75,19,44.19,24,36,7,0,1,0,187,14,4,24,8,58,36,0,1,27,39,155,2,5,6.81,4.85,41,4,8.45,0,6,13,52,41,11,2,4,,112,46.09,0,0,2,268,30,78,1,36,3233,2,8,0,0,1,0,0.0,0,0,0,0,519,20,0,7.18,1,5,0,0,0,0,0,0,538.83,28.57,14,19,52,24,23,26,52.0,0,56,32,57.14,78,138,50,205,131,45.8,209,1323,864,2187,258.3,71,4,2996,30,8,0,Dominik Szoboszlai,Liverpool FC,869856,44
24,3,0,0.0,1,13,31.71,3,84,87,73.73,1,100.0,0,4,0,0,0,0,35,0,0,0,1,6,4,0,0,0,0,0,1,0,0.0,,0,0,0.0,15,0,0,6,6,0,0,0,2.53,4,100.0,0,2,0,31,0,0,0,4,360,0,0,0,0,0,0,0.0,1,0,0,0,31,0,1,7.18,0,0,8,10,4,14,0,5,0.0,0.0,0,0,0,0,0,1,100.0,7,2,1,50.0,0,3,1,0,5,100.0,41,26,92,118,28.7,0,0,158,1,0,0,James Trafford,Manchester City,980643,17
25,10,21,18.75,368,23,34.33,586,260,846,82.46,21,45.65,25,31,4,0,0,0,134,10,3,11,5,28,31,0,0,49,19,144,0,1,5.38,4.31,32,0,20.51,0,8,12,39,37,2,8,0,,126,51.43,0,0,1,180,12,37,6,30,2635,2,4,0,0,0,1,0.0,0,0,0,0,398,21,0,7.16,0,2,0,0,0,0,0,0,329.38,0.0,0,26,13,13,15,27,54.0,0,52,25,48.08,37,29,50,112,147,50.52,67,729,297,1026,222.1,39,3,1580,48,6,0,Kiernan Dewsbury-Hall,Everton,861970,48
26,71,2,28.57,394,65,64.36,968,915,1883,91.72,15,34.09,29,33,1,0,0,0,177,4,1,13,5,28,33,0,1,19,24,137,1,3,2.38,1.44,54,0,11.11,0,3,4,46,43,3,1,2,,157,59.25,0,0,0,170,59,19,0,32,2802,0,15,0,1,0,1,0.0,0,0,0,0,239,8,0,7.15,1,3,0,0,0,0,0,0,934.0,0.0,0,7,20,7,7,15,53.57,0,87,46,52.87,18,117,28,7,172,55.66,101,1089,964,2053,236.0,27,1,2496,55,11,0,Moisés Caicedo,Chelsea,987650,38
27,80,16,17.98,574,95,60.13,1057,698,1755,86.03,26,50.0,26,36,4,0,0,0,140,11,9,20,5,28,36,0,0,41,36,173,0,0,7.25,11.29,36,1,13.89,0,10,14,46,42,4,8,2,,111,43.02,1,0,5,285,21,69,0,35,3121,1,2,0,1,2,0,100.0,0,2,0,0,497,15,0,7.15,0,9,0,0,0,0,0,0,312.1,12.5,8,41,31,21,31,13,27.08,0,53,22,41.51,68,152,48,89,137,44.19,158,1278,762,2040,257.4,72,2,2608,45,10,0,Enzo Fernández,Chelsea,974505,38
28,73,2,28.57,151,100,41.15,433,824,1257,80.63,147,69.67,64,37,3,0,0,0,88,2,4,6,11,242,37,0,0,1,13,111,1,7,2.07,2.75,32,0,9.52,98,2,5,48,44,4,2,0,,87,64.93,1,0,0,302,32,19,0,37,3330,2,52,0,1,0,1,0.0,0,0,0,0,332,3,0,7.15,0,1,0,0,0,0,0,0,1665.0,0.0,0,21,0,5,10,4,50.0,0,51,29,56.86,18,182,8,7,234,67.83,243,668,891,1559,264.5,21,4,2093,35,8,0,James Tarkowski,Everton,145188,48
29,48,45,28.66,250,42,53.85,442,284,726,77.32,48,62.34,29,29,3,0,0,0,119,9,1,24,5,52,29,0,0,26,24,137,0,1,4.51,2.92,36,3,9.09,0,5,8,36,31,5,1,4,,107,49.77,0,0,0,213,20,63,1,28,2378,0,9,0,0,0,1,0.0,0,0,0,0,414,25,0,7.14,0,4,0,0,0,0,0,0,475.6,37.5,8,21,34,17,14,20,47.62,0,65,36,55.38,63,86,42,157,155,53.08,78,604,335,939,207.0,55,3,1525,24,3,0,Anton Stach,Leeds United,889861,34
30,49,10,38.46,283,83,52.53,699,783,1482,85.62,57,64.04,32,35,1,0,0,0,182,1,3,11,6,83,35,0,0,12,19,111,0,5,2.25,2.5,50,0,3.85,0,1,2,49,42,7,1,0,,127,61.65,0,0,0,249,50,20,0,35,3123,0,18,0,1,0,1,0.0,0,0,0,1,434,16,0,7.13,0,1,0,0,0,0,0,0,3123.0,0.0,0,11,15,9,6,12,70.59,0,81,46,56.79,19,89,17,26,184,62.37,158,875,856,1731,249.7,26,3,2370,36,10,0,Ethan Ampadu,Leeds United,847097,34
31,37,0,0.0,198,31,67.39,392,330,722,88.26,36,64.29,20,18,3,0,0,0,65,0,2,3,2,20,18,0,0,15,19,88,0,3,0.86,0.49,17,0,14.29,0,1,4,15,14,1,0,1,,80,54.05,0,0,0,96,18,15,1,17,1418,0,8,0,0,0,0,0.0,0,0,0,0,145,5,0,7.12,0,0,0,0,0,0,0,0,1418.0,0.0,0,5,2,0,4,14,45.16,0,37,17,45.95,15,61,31,2,116,56.86,46,461,357,818,128.2,7,0,1048,30,5,0,Boubacar Kamara,Aston Villa,826204,40
32,41,32,27.83,265,37,56.92,428,203,631,81.21,5,20.0,20,36,7,0,0,0,82,8,1,27,4,48,36,0,0,23,24,95,0,2,4.78,5.83,13,1,12.82,0,10,17,38,34,4,7,3,,84,52.83,0,0,1,146,15,39,9,32,2691,13,3,0,0,0,0,0.0,0,0,0,0,308,10,0,7.11,0,1,0,0,0,0,0,0,269.1,16.67,6,43,35,26,25,18,54.55,0,29,19,65.52,39,67,33,115,89,48.37,65,538,239,777,256.1,78,6,1264,37,7,0,Harry Wilson,Fulham,355528,43
33,37,0,0.0,104,47,48.96,316,669,985,87.32,73,71.57,29,23,1,0,0,0,88,4,1,2,4,94,23,0,1,6,11,79,1,2,1.26,1.31,32,0,23.53,16,4,5,31,26,5,4,0,,82,62.12,3,0,0,143,30,12,0,22,1872,1,14,0,1,0,0,0.0,0,0,0,0,170,2,0,7.11,2,1,0,0,0,0,0,0,468.0,0.0,0,16,1,9,6,8,80.0,0,58,29,50.0,11,64,10,1,155,66.24,96,412,716,1128,163.5,17,4,1446,16,9,1,Cristian Romero,Tottenham Hotspur,829932,33
34,0,0,0.0,1,1,100.0,3,2,5,71.43,0,0.0,0,3,0,0,0,0,1,0,0,0,0,0,2,0,0,2,0,3,0,0,0.0,0.23,0,0,50.0,0,1,1,0,0,0,1,0,,3,50.0,0,0,0,2,0,0,0,0,26,0,0,0,0,0,0,0.0,0,0,0,0,5,0,0,7.1,0,1,0,0,0,0,0,0,26.0,0.0,0,2,0,1,1,2,66.67,0,1,0,0.0,0,0,3,0,3,50.0,1,5,2,7,14.2,2,0,16,0,0,0,Tom Edozie,Wolverhampton,1445189,3
35,0,0,0.0,2,5,35.71,4,14,18,66.67,0,0.0,0,1,0,0,0,0,9,0,0,0,1,1,1,0,0,0,0,0,0,0,0.0,,0,0,0.0,11,0,0,0,0,0,0,0,0.36,0,0.0,0,1,0,9,0,0,0,1,90,0,0,0,0,0,0,0.0,1,0,0,0,9,0,1,7.1,0,0,0,2,1,3,0,0,0.0,0.0,0,0,0,0,0,0,0.0,0,0,0,0.0,0,1,0,0,0,0.0,14,10,17,27,7.1,0,0,36,0,0,0,Walter Benítez,Crystal Palace,249859,7
36,5,0,0.0,5,23,52.27,10,37,47,69.12,1,100.0,0,3,0,0,0,0,8,0,0,0,1,1,3,0,0,0,0,0,0,0,0.02,,0,0,0.0,14,0,0,4,4,0,0,0,1.01,0,0.0,0,0,0,21,0,0,0,3,270,0,0,0,0,0,0,0.0,0,0,0,0,21,0,1,7.1,0,0,1,7,1,8,0,0,0.0,0.0,0,0,0,0,0,0,0.0,1,0,0,0.0,0,8,0,0,1,100.0,44,29,39,68,21.3,0,0,81,0,0,0,Stefan Ortega,Nottingham Forest,125274,14
37,2,0,0.0,5,14,24.14,10,34,44,50.0,1,100.0,0,3,0,0,0,0,26,0,0,0,0,5,3,0,0,0,0,0,0,0,0.01,,0,0,0.0,21,0,0,7,7,0,0,0,0.15,2,100.0,0,3,0,44,0,0,0,3,270,0,0,0,0,0,0,0.0,1,0,0,0,44,0,3,7.1,0,0,4,7,0,7,0,0,0.0,0.0,0,0,0,0,0,0,0.0,4,0,0,0.0,0,5,0,0,3,100.0,58,46,42,88,21.3,0,0,122,2,0,0,Daniel Bentley,Wolverhampton,101367,3
38,37,1,25.0,78,71,46.1,240,432,672,84.42,46,63.01,27,16,0,0,0,0,43,0,2,4,4,71,14,0,0,1,6,48,0,3,0.61,0.98,15,0,0.0,4,0,0,13,10,3,0,0,,20,48.78,0,0,1,124,18,4,0,11,1091,1,12,0,0,0,0,0.0,0,0,0,0,138,1,0,7.1,0,0,0,0,0,0,0,0,0.0,0.0,2,7,10,9,4,0,0.0,0,14,10,71.43,4,90,1,4,66,57.89,154,336,460,796,99.4,17,1,975,6,1,0,Fabian Schär,Newcastle United,101882,39
39,2,0,0.0,13,8,80.0,57,63,120,93.75,3,100.0,0,2,0,0,0,0,4,0,1,0,0,4,2,0,0,1,0,2,0,0,0.06,0.26,0,0,0.0,6,0,0,1,0,1,0,0,,6,75.0,0,0,0,8,4,1,0,2,135,0,0,0,0,0,0,0.0,0,0,0,0,11,0,0,7.1,0,0,0,0,0,0,0,0,0.0,0.0,0,2,0,1,1,3,75.0,0,3,3,100.0,1,3,4,0,9,81.82,10,63,65,128,14.2,2,0,148,0,0,0,Max Alleyne,Manchester City,1168513,17
40,13,1,5.56,196,11,50.0,345,177,522,75.32,74,48.05,80,35,5,0,0,0,72,6,12,21,3,27,35,0,0,55,4,210,0,0,2.0,14.96,38,0,20.55,0,15,20,36,33,3,15,0,,122,48.41,3,0,0,171,7,29,5,31,2674,16,5,0,0,0,0,0.0,0,0,0,3,389,16,0,7.1,0,7,0,0,0,0,0,0,178.27,0.0,0,63,10,24,28,40,51.28,0,27,18,66.67,29,27,78,18,196,48.28,22,479,214,693,248.4,73,3,1246,56,5,0,João Pedro,Chelsea,975079,38
41,25,11,22.0,283,22,52.38,470,238,708,80.45,28,37.84,46,33,2,0,0,0,127,4,4,32,3,22,33,0,0,53,18,189,0,0,3.28,7.06,27,0,11.11,0,10,12,35,31,4,8,2,,136,48.75,0,0,3,172,21,35,1,29,2503,2,3,0,1,0,0,0.0,0,0,0,2,410,20,0,7.09,0,9,0,0,0,0,0,0,250.3,0.0,0,51,39,23,35,44,48.35,0,39,23,58.97,34,42,91,50,164,46.46,42,597,283,880,234.0,90,3,1515,54,4,0,Matheus Cunha,Manchester United,886363,35
42,39,1,50.0,117,44,45.36,368,476,844,89.88,12,57.14,9,18,0,0,0,0,67,1,0,3,4,62,18,0,1,2,3,25,0,1,0.6,0.15,9,0,0.0,39,0,0,15,13,2,0,0,,35,68.63,0,0,0,95,12,5,0,13,1237,0,12,1,0,0,0,0.0,0,0,0,0,109,1,0,7.09,1,0,0,0,0,0,0,0,0.0,0.0,0,1,4,2,0,14,87.5,0,19,12,63.16,5,73,16,2,47,65.28,97,441,498,939,127.6,5,1,1109,2,0,0,Lisandro Martínez,Manchester United,859999,35
43,61,32,34.41,376,73,63.48,652,567,1219,85.13,7,46.67,8,29,3,0,0,0,127,4,0,15,2,18,29,0,0,24,9,75,0,1,4.69,1.92,8,0,10.26,0,4,7,40,35,5,2,2,,55,45.08,0,0,0,213,14,44,1,29,2434,1,3,0,0,0,0,0.0,0,0,0,0,374,10,0,7.07,0,3,0,0,0,0,0,0,608.5,0.0,0,19,20,9,15,19,42.22,0,27,19,70.37,44,114,45,93,62,45.26,115,803,629,1432,205.0,39,3,1818,10,3,0,Alex Iwobi,Fulham,352770,43
44,52,14,15.91,265,53,41.09,600,582,1182,84.85,37,54.41,31,37,1,0,0,0,195,4,2,14,6,81,36,0,0,26,24,148,0,1,2.95,3.81,45,0,6.82,0,3,4,41,34,7,2,1,,148,55.85,0,0,1,211,36,28,2,34,2859,1,15,0,1,0,1,0.0,0,0,0,0,384,13,0,7.06,0,1,0,0,0,0,0,0,953.0,0.0,2,16,28,17,13,29,55.77,0,60,38,63.33,27,114,52,88,185,55.56,129,767,626,1393,254.3,44,3,2006,60,5,0,Alex Scott,Bournemouth,1104986,60
45,49,1,33.33,249,66,45.83,798,1145,1943,89.62,124,71.26,50,36,0,0,0,0,117,2,2,3,8,190,36,0,0,5,10,99,0,3,0.98,1.21,33,0,8.33,22,1,1,45,35,10,1,0,,96,66.21,0,0,0,225,29,8,0,36,3100,0,24,0,0,0,1,0.0,0,0,0,0,260,1,0,7.06,0,1,0,0,0,0,0,0,3100.0,0.0,0,11,1,5,4,5,71.43,0,53,28,52.83,8,103,7,3,220,68.97,144,942,1226,2168,254.1,12,4,2638,41,7,0,Ibrahima Konaté,Liverpool FC,826215,44
46,54,40,33.61,268,36,47.37,485,437,922,85.93,13,43.33,17,19,3,0,0,0,76,5,1,6,5,24,19,0,0,10,18,70,0,1,3.83,1.45,17,0,5.56,0,1,4,17,15,2,1,0,,48,47.52,0,0,0,151,12,39,0,18,1636,4,4,0,0,0,0,0.0,0,0,0,0,272,17,0,7.06,0,1,0,0,0,0,0,0,1636.0,0.0,1,9,9,3,9,7,43.75,0,29,18,62.07,39,97,16,119,61,46.56,76,606,467,1073,134.1,18,0,1394,12,2,0,Pascal Groß,Brighton & Hove Albion,48480,30
47,65,28,31.46,279,68,48.23,559,418,977,79.3,24,43.64,31,34,5,0,0,0,165,14,0,15,5,42,34,0,0,27,43,148,0,2,7.38,1.52,35,0,3.13,0,1,6,43,39,4,0,1,,116,49.79,0,0,2,255,27,44,1,29,2562,0,3,0,0,0,1,0.0,0,0,0,0,398,17,0,7.06,1,0,0,0,0,0,0,0,2562.0,0.0,0,9,23,11,6,15,51.72,0,70,37,52.86,44,119,29,89,140,48.61,141,754,478,1232,239.9,32,2,1700,31,4,1,Adam Wharton,Crystal Palace,1109771,7
48,10,15,21.43,203,17,65.38,307,116,423,81.82,8,23.53,26,26,2,0,0,0,57,5,9,11,2,13,25,0,1,26,12,113,1,1,3.37,8.83,13,0,12.5,0,6,8,28,23,5,6,0,,92,51.4,0,0,2,94,3,26,0,24,1817,5,0,0,0,3,0,100.0,0,3,0,1,260,10,0,7.05,1,6,0,0,0,0,0,0,302.83,0.0,0,32,16,17,20,33,47.14,0,19,13,68.42,26,20,70,70,100,46.95,26,385,132,517,176.3,48,2,937,40,3,0,Anthony Gordon,Newcastle United,914902,39
49,48,0,0.0,51,248,35.63,173,672,845,65.25,7,77.78,2,37,0,0,0,0,300,0,0,0,10,47,37,0,0,0,1,6,2,1,0.26,,3,0,0.0,199,0,0,49,45,4,0,0,-0.11,9,69.23,0,23,0,450,1,3,0,37,3330,0,0,0,1,0,3,0.0,8,0,3,0,460,0,31,7.05,0,0,16,69,38,110,1,21,0.0,0.0,0,0,0,0,0,3,100.0,16,1,0,0.0,2,87,3,0,16,72.73,696,562,733,1295,260.9,0,1,1674,6,1,0,Caoimhin Kelleher,Brentford,827362,50
50,21,0,0.0,465,23,31.51,977,676,1653,88.87,27,55.1,22,36,3,0,0,0,128,4,0,13,9,53,36,0,0,26,17,124,0,4,2.26,1.9,38,0,13.16,0,5,8,42,35,7,2,3,,133,56.6,0,0,1,207,48,29,1,34,2996,0,12,0,0,0,0,0.0,0,0,0,0,327,9,0,7.04,0,4,0,0,0,0,0,0,599.2,0.0,0,8,30,12,13,32,58.18,0,59,36,61.02,29,44,55,7,160,56.34,73,1122,738,1860,253.6,38,3,2367,42,5,0,Ryan Gravenberch,Liverpool FC,904897,44
51,49,3,25.0,414,53,46.9,934,750,1684,87.34,65,66.33,33,38,1,0,0,0,116,1,2,8,10,78,37,0,0,10,21,103,2,3,2.26,2.85,33,0,18.52,0,5,6,25,20,5,3,2,,88,55.7,2,0,2,244,39,19,0,34,3001,1,5,0,0,0,0,0.0,0,0,0,0,312,7,0,7.04,0,3,0,0,0,0,0,0,600.2,0.0,0,20,7,10,9,7,46.67,0,68,38,55.88,19,99,15,12,153,59.77,113,1120,808,1928,260.6,27,2,2331,15,4,0,Martín Zubimendi,Arsenal,966837,42
52,70,0,0.0,50,197,34.99,103,1075,1178,76.05,11,91.67,1,38,0,0,0,0,331,0,0,0,10,32,38,0,0,0,2,5,4,2,0.11,,2,0,0.0,103,0,0,46,38,8,0,0,2.03,5,55.56,0,24,0,371,0,1,0,38,3420,0,0,1,0,0,1,0.0,6,0,1,0,378,0,15,7.04,0,0,22,76,24,106,0,18,0.0,0.0,0,0,0,0,0,1,100.0,20,1,1,100.0,1,136,1,0,16,76.19,563,422,1127,1549,267.6,0,3,1869,3,3,0,Bart Verbruggen,Brighton & Hove Albion,994363,30
53,60,1,25.0,98,89,44.95,356,607,963,82.24,84,68.29,39,31,0,0,0,0,103,0,3,3,6,194,31,0,0,2,14,71,0,2,0.7,2.55,16,0,13.04,0,3,3,43,39,4,3,0,,50,60.98,2,0,0,208,49,4,0,27,2535,2,30,2,0,0,0,0.0,0,0,0,0,236,2,0,7.04,0,1,0,0,0,0,0,0,845.0,0.0,0,21,2,12,8,2,100.0,0,40,25,62.5,4,130,2,4,134,65.37,198,508,663,1171,218.3,23,6,1600,9,2,0,Konstantinos Mavropanos,West Ham United,829022,37
54,17,5,13.89,302,35,66.04,465,238,703,85.73,0,0.0,4,26,1,0,0,1,83,3,6,21,2,12,26,0,0,35,10,106,0,1,2.47,10.56,13,0,15.63,0,10,11,33,31,2,9,1,,84,45.16,0,0,0,117,15,25,10,24,1965,2,0,0,1,6,0,83.33,0,5,0,0,283,21,0,7.04,0,0,0,0,0,0,0,0,196.5,0.0,6,34,30,18,25,22,32.84,0,25,12,48.0,24,31,67,36,84,44.21,53,557,263,820,183.0,64,2,1222,37,5,0,Cole Palmer,Chelsea,982780,38
55,31,0,0.0,52,168,32.81,120,372,492,58.16,6,100.0,0,22,0,0,0,0,202,0,0,0,5,29,22,0,0,0,0,0,0,1,0.08,,0,0,0.0,119,0,0,27,21,6,0,0,-1.5,7,100.0,0,14,0,354,0,0,0,22,1980,0,0,0,0,0,0,0.0,2,0,0,0,357,0,16,7.04,0,0,16,43,20,63,0,15,0.0,0.0,0,0,0,0,0,1,100.0,16,1,0,0.0,0,65,1,0,13,100.0,512,434,412,846,154.8,0,2,1071,7,1,0,Karl Darlow,Leeds United,123689,34
56,29,0,0.0,139,42,64.62,353,389,742,87.4,45,66.18,23,25,0,0,0,0,72,0,4,4,3,59,25,0,0,10,11,69,1,1,0.7,1.71,20,0,10.53,0,2,2,26,23,3,1,1,,77,62.6,1,0,1,107,25,7,0,21,1776,0,17,0,0,0,0,0.0,0,0,0,0,145,5,0,7.04,0,1,0,0,0,0,0,0,888.0,0.0,0,10,9,8,7,7,53.85,0,48,30,62.5,7,52,13,0,122,63.87,65,431,418,849,175.9,19,1,1149,25,3,0,Amadou Onana,Aston Villa,923973,40
57,8,4,16.67,98,10,62.5,174,75,249,78.3,25,43.86,32,15,2,0,0,0,43,3,0,11,1,20,15,0,0,10,9,80,0,0,1.82,2.91,9,0,17.86,0,5,7,10,9,1,4,1,,30,38.46,1,0,3,69,8,14,1,13,1119,1,0,0,0,0,1,0.0,0,0,0,0,151,9,0,7.03,0,3,0,0,0,0,0,0,223.8,0.0,0,14,14,9,8,13,38.24,0,11,7,63.64,14,13,34,24,55,40.74,16,236,82,318,105.5,28,0,538,6,1,0,Rayan,Bournemouth,1464966,60
58,10,14,23.73,204,9,56.25,346,183,529,82.79,7,30.43,16,31,2,0,0,0,120,4,7,21,5,30,31,0,0,39,13,168,0,1,3.42,5.17,49,0,9.26,0,5,7,42,38,4,5,0,,163,51.75,1,0,1,110,16,28,1,29,2480,6,4,0,0,0,0,0.0,0,0,0,1,335,14,0,7.03,0,3,0,0,0,0,0,0,496.0,0.0,0,41,13,18,15,51,48.57,0,45,25,55.56,28,17,105,59,170,50.3,16,426,213,639,217.8,54,3,1221,67,6,0,Crysencio Summerville,West Ham United,917005,37
59,48,0,0.0,135,41,41.0,377,479,856,81.99,36,58.06,26,33,2,0,0,0,92,1,1,14,4,58,33,0,0,30,24,120,0,2,0.66,2.7,28,0,15.15,0,5,7,37,27,10,4,1,,157,62.55,0,0,2,188,30,8,1,23,2197,0,12,0,0,0,0,0.0,0,0,0,0,270,5,0,7.02,0,4,0,0,0,0,0,0,439.4,0.0,0,18,15,10,9,10,43.48,0,110,66,60.0,8,95,23,4,193,61.66,100,499,545,1044,231.8,33,3,1521,37,8,0,João Palhinha,Tottenham Hotspur,364612,33
60,108,4,26.67,227,166,45.86,637,1321,1958,86.07,79,71.82,31,33,1,0,0,0,114,3,2,3,8,229,33,0,1,3,16,82,2,1,1.82,1.48,31,0,0.0,13,0,1,44,40,4,0,0,,62,54.87,0,0,1,317,36,7,0,33,2884,0,19,0,0,0,0,0.0,0,0,0,0,352,1,0,7.02,1,0,0,0,0,0,0,0,0.0,0.0,0,12,4,9,4,6,85.71,0,45,27,60.0,7,225,7,15,141,63.23,362,871,1404,2275,231.8,16,3,2749,13,7,0,Joachim Andersen,Fulham,362682,43
61,76,0,0.0,14,128,43.39,56,650,706,80.32,16,94.12,1,34,0,0,0,0,235,0,0,0,15,43,34,3,0,0,1,2,2,3,0.15,,0,0,0.0,105,0,0,29,22,7,0,0,5.81,6,85.71,0,14,0,173,1,1,0,34,3060,0,0,0,0,0,0,0.0,1,0,1,0,179,0,27,7.02,0,0,17,56,19,78,1,21,0.0,0.0,0,0,0,0,0,2,100.0,16,0,0,0.0,1,119,2,0,22,91.67,295,172,707,879,238.8,0,0,1160,4,8,0,Gianluigi Donnarumma,Manchester City,824509,17
62,26,4,44.44,258,59,50.86,701,1253,1954,92.87,73,55.3,59,31,0,0,0,0,113,1,2,1,15,133,30,0,0,9,7,100,0,2,1.42,0.86,22,0,20.0,26,1,1,20,15,5,1,0,,58,58.59,1,0,0,150,17,10,0,30,2615,1,7,0,0,0,0,0.0,0,0,0,0,184,2,0,7.02,0,0,0,0,0,0,0,0,2615.0,0.0,0,5,0,3,1,7,70.0,0,35,22,62.86,10,53,10,9,131,56.71,116,799,1305,2104,210.7,5,0,2412,16,2,0,William Saliba,Arsenal,941168,42
63,50,1,12.5,192,85,57.43,567,952,1519,89.62,114,65.14,61,35,0,0,0,0,118,1,6,8,4,184,35,0,0,3,12,97,2,4,0.97,4.72,24,0,14.29,2,4,4,52,44,8,4,0,,62,63.27,2,0,0,176,31,6,1,33,2964,2,33,0,0,0,1,0.0,0,0,0,0,199,0,0,7.02,0,1,0,0,0,0,0,0,741.0,0.0,0,26,2,6,14,8,100.0,0,44,32,72.73,6,85,8,8,176,64.47,148,684,1011,1695,245.8,28,2,2114,11,4,0,Malick Thiaw,Newcastle United,1014286,39
64,13,8,16.33,341,26,50.0,548,201,749,80.02,59,49.17,61,37,4,0,0,1,143,8,7,14,11,29,37,0,0,63,20,271,0,2,3.12,11.09,56,1,20.48,0,17,21,52,44,8,13,4,,125,37.31,0,0,3,187,13,39,6,37,3200,19,7,0,0,2,1,50.0,0,1,0,0,520,24,0,7.02,0,11,0,0,0,0,0,0,188.24,50.0,2,61,22,28,41,59,44.36,0,45,32,71.11,39,18,133,49,184,40.44,52,703,233,936,259.7,83,4,1702,21,7,0,Antoine Semenyo,Manchester City,934354,17
65,50,28,28.87,309,37,40.22,502,224,726,76.34,19,41.3,27,33,4,0,0,0,139,12,3,5,3,16,33,0,0,33,45,155,1,1,5.44,2.62,19,0,13.79,0,4,8,32,30,2,4,0,,97,43.11,1,0,1,225,25,42,0,24,2078,4,4,0,0,0,0,0.0,0,0,0,0,425,26,0,7.02,0,3,0,0,0,0,0,0,519.5,0.0,1,17,12,13,11,18,35.29,0,57,35,61.4,42,96,51,97,116,42.8,92,687,264,951,231.5,29,2,1420,23,0,0,Mikkel Damsgaard,Brentford,907072,50
66,40,0,0.0,38,193,33.8,151,405,556,59.09,7,100.0,0,32,0,0,0,0,225,0,0,0,8,26,32,0,0,0,1,1,1,0,0.04,,0,0,0.0,147,0,0,39,34,5,0,0,4.39,4,80.0,0,30,0,385,0,0,0,32,2880,0,0,0,0,0,0,0.0,4,0,0,0,394,0,14,7.01,0,0,11,53,24,79,1,12,0.0,0.0,0,0,0,0,0,0,0.0,11,1,1,100.0,0,104,0,0,11,91.67,571,473,468,941,224.4,0,1,1180,4,0,0,Senne Lammens,Manchester United,964753,35
67,19,0,0.0,66,21,53.85,147,147,294,83.76,30,78.95,8,10,0,0,0,0,29,1,0,1,0,41,10,0,0,2,3,20,0,2,0.12,0.35,3,0,16.67,0,1,1,9,8,1,1,0,,14,53.85,1,0,0,57,11,3,0,7,689,1,2,0,0,0,0,0.0,0,0,0,1,76,0,0,7.01,0,0,0,0,0,0,0,0,689.0,0.0,0,5,1,3,2,0,0.0,0,13,5,38.46,3,35,4,3,44,68.75,39,186,165,351,70.1,6,0,464,1,1,0,Jarrad Branthwaite,Everton,979563,48
68,134,0,0.0,149,362,39.74,270,616,886,61.57,5,71.43,2,38,0,0,0,0,311,1,0,0,11,52,38,0,0,0,1,4,3,0,0.24,,1,0,0.0,200,0,0,50,46,4,0,0,2.77,8,80.0,0,14,0,553,0,2,0,38,3420,0,0,0,0,0,1,0.0,4,0,1,0,562,0,18,7.01,0,0,35,70,30,100,0,21,0.0,0.0,0,0,0,0,0,0,0.0,33,2,1,50.0,2,246,0,0,13,76.47,911,770,669,1439,266.3,0,4,1764,6,4,0,Jordan Pickford,Everton,138530,48
69,53,40,33.61,373,50,63.29,695,372,1067,88.18,6,25.0,18,33,5,0,0,0,102,11,6,19,7,12,33,0,0,33,14,104,0,2,4.77,6.42,18,0,12.73,0,7,12,19,14,5,5,2,,90,51.14,2,0,1,143,9,55,4,23,2107,3,3,0,1,0,0,0.0,0,0,0,0,320,10,0,7.01,0,1,0,0,0,0,0,0,301.0,0.0,2,30,25,17,19,25,53.19,0,34,16,47.06,54,81,47,119,96,48.0,79,809,401,1210,231.2,55,3,1662,31,4,0,Phil Foden,Manchester City,859765,17
70,14,27,18.24,251,16,35.56,428,157,585,73.77,33,36.67,57,38,11,0,0,0,159,16,5,29,7,39,38,0,0,77,26,242,0,1,5.24,7.26,19,0,11.39,0,9,20,63,58,5,7,2,,152,45.1,1,0,2,208,27,45,6,38,3405,17,7,0,0,1,0,100.0,0,1,0,0,573,26,0,7.01,0,2,0,0,0,0,0,0,378.33,0.0,1,56,23,22,28,53,44.92,0,50,29,58.0,45,44,118,148,185,43.33,45,597,196,793,266.2,79,1,1616,49,5,0,Jarrod Bowen,West Ham United,552884,37
71,24,0,0.0,41,47,43.12,260,777,1037,87.14,87,64.44,48,25,1,0,0,0,88,3,1,4,4,141,23,0,0,5,3,68,0,4,0.88,1.74,13,0,6.67,7,1,2,27,21,6,1,0,,44,68.75,1,0,1,153,27,8,0,21,1838,1,26,1,0,0,1,0.0,0,0,0,0,174,1,0,7.0,0,0,0,0,0,0,0,0,1838.0,0.0,0,14,1,7,4,4,100.0,0,22,14,63.64,8,54,4,2,131,65.83,109,341,849,1190,161.1,15,0,1521,19,2,0,Sven Botman,Newcastle United,910046,39
72,1,0,0.0,1,3,37.5,2,13,15,75.0,1,100.0,0,1,0,0,0,0,8,0,0,0,0,3,1,0,0,0,0,0,0,0,0.0,,0,0,0.0,5,0,0,1,1,0,0,0,-0.06,0,0.0,0,1,0,5,0,0,0,1,90,0,0,0,0,0,0,0.0,0,0,0,0,5,0,1,7.0,0,0,1,2,0,2,0,1,0.0,0.0,0,0,0,0,0,0,0.0,1,0,0,0.0,0,1,0,0,1,100.0,8,7,13,20,7.0,0,0,33,0,0,0,Kepa Arrizabalaga,Arsenal,232422,42
73,6,0,0.0,2,13,20.31,7,39,46,46.94,0,0.0,0,3,0,0,0,0,33,0,0,0,1,6,3,0,0,0,0,0,0,0,0.02,,0,0,0.0,15,0,0,2,2,0,0,0,0.61,2,100.0,0,0,0,52,0,0,0,3,270,0,0,0,0,0,0,0.0,0,0,0,0,52,0,3,7.0,0,0,1,5,5,10,0,2,0.0,0.0,0,0,0,0,0,1,100.0,1,0,0,0.0,0,11,1,0,2,100.0,64,54,44,98,21.0,0,0,131,1,0,0,Melker Ellborg,Sunderland,1099795,41
74,45,1,50.0,203,38,48.72,494,442,936,89.4,29,54.72,24,18,2,0,0,0,50,1,2,4,5,61,18,0,0,4,1,48,0,2,0.71,2.4,16,0,11.76,23,2,4,13,10,3,2,0,,27,52.94,1,0,1,111,15,6,0,16,1374,0,10,0,2,0,1,0.0,0,0,0,0,135,0,0,6.99,0,1,0,0,0,0,0,0,687.0,0.0,0,14,3,7,6,2,33.33,0,18,13,72.22,4,66,6,2,56,53.85,78,564,483,1047,125.9,17,1,1249,7,2,0,Joško Gvardiol,Manchester City,964994,17
75,30,6,27.27,305,38,51.35,485,216,701,84.66,3,37.5,5,24,6,0,0,0,70,6,0,5,3,6,24,0,0,13,12,57,0,1,3.67,1.23,9,0,4.55,0,1,7,13,10,3,0,1,,37,41.57,0,0,0,127,7,40,1,16,1370,2,0,0,1,0,0,0.0,0,0,0,0,201,19,0,6.99,0,0,0,0,0,0,0,0,1370.0,0.0,0,10,12,9,8,9,33.33,0,19,8,42.11,39,77,27,22,40,41.24,74,593,235,828,167.8,22,2,999,9,0,0,Martin Ødegaard,Arsenal,547410,42
76,32,1,20.0,177,61,61.0,666,1337,2003,95.47,32,57.14,24,34,0,0,0,0,108,1,1,4,8,122,34,0,1,6,4,49,1,3,0.58,1.25,11,0,0.0,26,0,0,44,40,4,0,0,,68,73.12,0,0,1,95,23,5,0,34,3036,0,29,0,0,0,0,0.0,0,0,0,0,127,3,0,6.99,1,0,0,0,0,0,0,0,0.0,0.0,0,11,0,5,2,8,66.67,0,22,8,36.36,5,75,12,5,100,67.11,100,725,1373,2098,237.7,11,0,2439,40,0,0,Ezri Konsa,Aston Villa,827679,40
77,56,0,0.0,68,252,33.78,200,501,701,58.22,22,84.62,4,35,0,0,0,0,291,0,0,0,4,59,35,0,0,0,1,5,2,0,0.07,,0,0,0.0,357,0,0,71,65,6,0,0,-3.31,7,87.5,0,24,0,503,0,0,0,35,3150,0,0,0,0,0,0,0.0,7,0,0,0,510,0,42,6.98,0,0,15,85,40,127,2,30,0.0,0.0,0,0,0,0,0,0,0.0,14,1,1,100.0,0,110,0,0,29,85.29,746,649,555,1204,244.4,0,3,1584,8,1,0,Martin Dúbravka,Burnley,42209,6
78,2,7,33.33,110,3,50.0,139,28,167,86.98,0,0.0,5,19,1,0,0,0,19,3,0,4,0,3,19,0,0,12,4,38,0,0,2.03,1.31,4,0,12.5,0,2,3,12,8,4,2,0,,46,58.23,0,0,2,25,3,16,0,5,582,0,1,0,0,0,0,0.0,0,0,0,0,89,3,0,6.97,0,2,0,0,0,0,0,0,291.0,0.0,0,11,5,6,6,30,69.77,0,4,2,50.0,16,6,43,21,46,54.76,6,158,34,192,132.5,16,2,353,12,0,0,Rio Ngumoha,Liverpool FC,1881902,44
79,23,2,18.18,81,53,30.29,255,551,806,77.72,114,65.52,60,29,3,0,0,0,75,2,1,2,6,168,28,0,0,5,13,94,0,2,1.16,0.89,17,0,0.0,5,0,3,24,21,3,0,0,,52,60.47,0,0,1,231,39,13,0,22,2120,2,15,2,0,0,0,0.0,0,0,0,0,329,1,0,6.97,0,0,0,0,0,0,0,0,0.0,0.0,0,9,3,8,2,2,100.0,0,39,20,51.28,13,86,2,11,166,63.85,175,435,602,1037,195.2,12,2,1495,13,5,0,James Hill,Bournemouth,1156586,60
80,13,2,16.67,228,16,42.11,386,179,565,84.83,10,28.57,25,33,2,0,0,0,79,4,2,24,2,10,33,0,0,24,7,90,0,2,2.66,5.05,16,0,11.11,0,7,9,14,11,3,6,1,,88,57.52,0,0,2,101,11,16,1,22,1900,1,1,0,0,0,0,0.0,0,0,0,0,186,17,0,6.97,0,6,0,0,0,0,0,0,271.43,0.0,1,34,29,19,20,29,59.18,0,19,14,73.68,16,33,49,12,98,52.13,38,467,199,666,230.0,63,2,973,40,1,0,Eberechi Eze,Arsenal,864921,42
81,69,0,0.0,130,82,48.81,335,611,946,83.57,24,52.17,22,25,0,0,0,0,102,1,0,5,6,130,25,0,0,9,6,64,0,2,0.48,0.74,23,0,9.09,28,1,1,29,21,8,1,0,,50,54.35,0,0,0,186,34,8,1,25,2133,0,24,2,0,0,0,0.0,0,0,0,0,223,3,0,6.97,0,0,0,0,0,0,0,0,2133.0,0.0,2,5,6,2,4,9,64.29,0,35,22,62.86,8,133,14,3,74,53.62,168,466,666,1132,174.2,11,1,1483,7,5,0,Murillo,Nottingham Forest,1199282,14
82,28,1,33.33,299,35,57.38,731,458,1189,90.35,33,54.1,28,25,0,0,0,0,90,1,0,9,4,44,25,0,0,15,10,85,0,2,1.11,0.7,30,0,7.14,4,1,1,18,15,3,0,1,,72,55.81,0,0,0,127,24,11,0,17,1575,0,6,0,0,0,0,0.0,0,0,0,0,171,13,0,6.97,0,1,0,0,0,0,0,0,1575.0,0.0,0,3,11,3,2,12,70.59,0,42,30,71.43,11,48,17,3,105,55.26,61,815,501,1316,174.2,14,1,1571,18,6,0,Nico González,Manchester City,954056,17
83,35,5,33.33,91,32,41.03,247,405,652,86.47,17,56.67,13,12,1,0,0,0,54,0,0,0,3,42,12,0,0,1,5,26,0,0,0.46,0.04,7,0,0.0,29,0,1,10,9,1,0,0,,29,69.05,0,0,0,102,18,4,0,9,819,0,2,0,0,0,0,0.0,0,0,0,0,121,2,0,6.97,0,0,0,0,0,0,0,0,0.0,0.0,0,1,0,1,0,2,100.0,0,16,9,56.25,4,65,2,15,46,63.89,78,316,438,754,83.6,1,0,902,11,2,0,Olivier Boscagli,Brighton & Hove Albion,788784,30
84,98,38,30.16,307,98,54.75,546,361,907,80.84,8,27.59,21,36,1,0,0,0,117,11,2,10,4,37,36,0,0,25,34,116,0,2,6.02,2.27,20,0,10.34,0,3,4,33,30,3,1,2,,75,44.12,0,0,1,215,21,35,0,26,2277,2,4,0,2,0,0,0.0,0,0,0,0,405,10,0,6.96,0,3,0,0,0,0,0,0,759.0,0.0,3,9,20,11,8,19,54.29,0,41,23,56.1,33,162,35,126,83,41.71,179,717,405,1122,250.7,29,0,1603,15,3,0,Mathias Jensen,Brentford,799251,50
85,30,0,0.0,180,38,55.88,430,400,830,86.82,24,47.06,27,28,2,0,0,0,114,2,1,2,7,50,27,0,0,15,24,119,0,3,1.8,1.15,42,0,12.5,1,2,4,26,23,3,1,1,,87,48.6,0,0,1,126,25,12,0,25,2080,0,19,0,0,0,2,0.0,0,0,0,0,191,6,0,6.96,0,2,0,0,0,0,0,0,1040.0,0.0,0,5,11,9,5,11,47.83,0,59,30,50.85,12,51,23,8,111,48.26,68,519,437,956,188.0,16,1,1294,18,5,0,Ibrahim Sangaré,Nottingham Forest,843754,14
86,59,0,0.0,86,203,29.94,158,683,841,63.66,24,100.0,0,35,0,0,0,0,334,1,0,0,10,37,35,0,0,0,2,2,4,3,0.15,,0,0,0.0,163,0,0,46,38,8,0,0,-1.77,11,84.62,0,45,0,480,0,5,0,35,3150,0,0,0,0,0,0,0.0,3,0,1,0,490,0,25,6.96,0,0,9,72,36,109,0,21,0.0,0.0,0,0,0,0,0,1,100.0,9,0,0,0.0,5,110,1,0,35,94.59,678,580,741,1321,243.6,0,4,1688,14,4,0,Robin Roefs,Sunderland,1012928,41
87,31,14,16.28,199,46,38.02,429,506,935,78.64,79,59.85,53,32,4,0,0,0,131,7,3,10,8,156,32,0,0,15,14,131,1,2,2.49,1.88,35,0,11.54,38,3,7,40,32,8,2,1,,104,57.14,1,0,0,254,40,24,1,32,2787,3,10,1,0,0,0,0.0,0,0,0,0,518,3,0,6.96,0,1,0,0,0,0,0,0,929.0,0.0,0,19,7,12,4,13,48.15,0,69,46,66.67,24,76,27,86,183,58.28,121,602,587,1189,222.7,26,1,2020,26,5,0,Nordi Mukiele,Sunderland,780014,41
88,73,0,0.0,51,175,36.01,133,760,893,73.74,16,94.12,1,32,1,0,0,0,272,2,0,0,7,27,32,1,0,0,0,1,3,2,0.11,,0,0,0.0,105,0,1,39,34,5,0,0,3.52,12,100.0,0,43,0,318,0,2,0,32,2835,0,0,0,0,0,0,0.0,1,0,1,0,326,0,10,6.96,0,0,20,54,40,95,1,20,0.0,0.0,0,0,0,0,0,0,0.0,19,0,0,0.0,2,151,0,0,28,96.55,486,384,827,1211,222.6,0,3,1539,17,2,0,Emiliano Martínez,Aston Villa,158263,40
89,43,19,31.15,165,43,50.59,338,370,708,87.3,23,60.53,15,25,4,0,0,0,85,7,1,3,4,34,25,0,0,6,20,66,1,0,2.27,0.91,20,0,8.33,0,1,5,21,19,2,1,0,,43,45.74,1,0,1,103,30,21,0,15,1449,0,8,0,0,0,0,0.0,0,0,0,0,172,6,0,6.96,0,0,0,0,0,0,0,0,1449.0,0.0,0,6,6,6,3,5,45.45,0,27,16,59.26,21,74,11,61,66,50.0,85,413,398,811,173.9,12,2,1081,13,8,0,Vitaly Janelt,Brentford,814873,50
90,14,4,80.0,35,21,47.73,141,396,537,87.75,50,61.73,31,13,0,0,0,0,40,2,1,3,1,68,13,0,0,1,6,44,0,1,0.77,1.46,6,0,9.09,2,1,1,20,18,2,1,0,,24,64.86,1,0,0,75,15,3,0,13,1170,0,7,0,0,0,0,0.0,0,0,0,0,89,1,0,6.95,0,0,0,0,0,0,0,0,1170.0,0.0,0,11,0,5,3,1,50.0,0,19,13,68.42,3,28,2,5,74,62.71,44,187,425,612,90.4,11,1,791,5,0,0,Matthijs de Ligt,Manchester United,803031,35
91,31,0,0.0,57,48,46.15,206,440,646,85.34,23,62.16,14,21,0,0,0,0,53,0,2,0,2,87,19,0,0,0,7,37,1,3,0.16,1.32,16,0,20.0,22,1,1,23,20,3,1,0,,42,64.62,1,0,0,111,11,2,0,14,1366,1,15,0,0,0,0,0.0,0,0,0,0,124,1,0,6.95,0,0,0,0,0,0,0,0,1366.0,0.0,0,4,1,3,2,5,100.0,0,30,17,56.67,2,66,5,2,65,63.73,104,272,485,757,132.1,5,0,980,7,5,0,Morato,Nottingham Forest,985086,14
92,39,14,24.14,281,31,41.89,440,143,583,77.01,6,31.58,13,31,6,0,0,0,80,8,8,18,4,14,31,0,0,39,18,113,0,1,3.56,5.48,13,0,11.32,0,6,12,15,12,3,4,2,,90,47.37,0,0,5,174,9,36,1,21,2006,5,3,0,0,0,0,0.0,0,0,0,0,345,10,0,6.95,0,5,0,0,0,0,0,0,334.33,0.0,0,39,14,20,15,25,44.64,0,27,17,62.96,36,82,56,58,96,45.93,74,590,167,757,215.5,53,2,1194,39,2,0,Leandro Trossard,Arsenal,135666,42
93,58,1,20.0,190,82,47.67,624,1677,2301,92.34,76,60.32,50,33,0,0,0,0,136,1,0,5,7,142,33,0,0,5,21,90,1,2,0.57,1.71,15,0,4.17,155,1,1,40,33,7,1,0,,51,56.04,1,0,0,191,30,7,0,31,2844,1,27,0,0,0,1,0.0,0,0,0,1,218,2,0,6.95,0,0,0,0,0,0,0,0,2844.0,0.0,3,20,4,16,3,4,100.0,0,35,22,62.86,7,107,4,5,127,58.53,172,747,1745,2492,229.4,24,2,2862,12,10,0,Lewis Dunk,Brighton & Hove Albion,115365,30
94,0,0,0.0,9,2,25.0,41,55,96,88.07,5,83.33,1,2,0,0,0,0,6,0,0,0,0,7,2,0,0,1,1,4,0,0,0.02,,1,0,0.0,5,0,0,2,2,0,0,0,,5,62.5,0,0,0,13,0,0,0,1,134,0,1,0,0,0,0,0.0,0,0,0,0,15,0,0,6.95,0,0,0,0,0,0,0,0,0.0,0.0,0,0,0,0,0,0,0.0,0,4,0,0.0,0,5,0,1,10,71.43,8,51,58,109,13.9,0,0,128,1,0,0,Jenson Seelt,Sunderland,1088897,41
95,45,16,24.24,600,61,51.69,1153,769,1922,89.11,42,60.87,27,34,5,0,0,0,169,6,0,1,12,100,34,0,0,18,21,110,1,2,2.24,0.35,17,0,14.29,0,1,6,28,21,7,1,0,,115,58.08,0,0,0,235,30,28,0,32,2865,4,8,0,0,0,1,0.0,0,0,0,1,404,8,0,6.95,0,1,0,0,0,0,0,0,2865.0,0.0,0,2,5,4,2,28,49.12,0,57,40,70.18,28,99,57,66,157,58.8,118,1304,853,2157,236.2,7,1,2886,30,5,0,Matheus Nunes,Manchester City,945122,17
96,30,38,20.32,397,30,66.67,600,213,813,87.33,9,27.27,24,34,6,0,0,0,84,12,3,22,5,13,33,0,0,25,26,148,0,0,6.83,4.62,16,1,10.87,0,5,11,33,32,1,4,1,,91,42.33,1,0,2,118,6,55,3,30,2643,6,0,0,2,0,0,0.0,0,0,0,0,420,13,0,6.95,1,1,0,0,0,0,0,0,528.6,100.0,1,31,15,11,13,47,45.19,0,19,11,57.89,53,47,104,187,100,40.32,45,694,237,931,229.2,46,2,1510,25,2,1,Pedro Neto,Chelsea,879349,38
97,27,6,15.79,107,34,39.53,233,306,539,76.02,40,54.05,34,29,1,0,0,0,70,5,2,8,6,90,28,0,0,10,11,81,0,1,1.17,1.67,13,0,8.33,0,2,3,26,23,3,2,0,,87,64.93,0,0,1,170,28,12,1,21,1916,2,11,0,0,0,0,0.0,0,0,0,0,287,2,0,6.94,0,1,0,0,0,0,0,0,958.0,0.0,0,16,8,10,6,3,18.75,0,56,37,66.07,12,68,16,38,127,61.06,86,353,356,709,194.4,24,2,1227,30,4,0,James Justin,Leeds United,827681,34
98,22,1,33.33,130,41,51.9,432,559,991,91.76,15,50.0,15,21,0,0,0,0,75,0,1,0,5,56,21,0,0,2,3,36,0,1,0.57,0.68,14,0,0.0,3,0,0,13,12,1,0,0,,40,65.57,0,0,0,89,33,6,0,15,1429,0,9,0,0,0,0,0.0,0,0,0,0,116,2,0,6.94,0,0,0,0,0,0,0,0,0.0,0.0,0,3,4,6,1,7,77.78,0,27,20,74.07,6,41,9,3,55,60.44,79,481,599,1080,145.8,7,0,1304,6,2,0,Abdukodir Khusanov,Manchester City,1194333,17
99,31,1,20.0,183,50,40.0,625,1499,2124,93.04,75,55.56,60,34,0,0,0,0,119,1,2,3,9,178,34,0,1,5,9,95,1,1,1.05,1.43,20,0,18.75,27,3,3,37,34,3,3,0,,59,62.77,2,0,0,159,35,5,1,31,2782,2,17,0,0,0,0,0.0,0,0,0,0,186,5,0,6.94,1,0,0,0,0,0,0,0,927.33,0.0,0,11,5,8,5,7,77.78,0,35,23,65.71,5,71,9,5,134,58.52,125,723,1560,2283,236.0,16,3,2686,18,3,0,Trevoh Chalobah,Chelsea,826134,38
100,9,15,26.32,133,7,36.84,218,166,384,76.04,44,53.66,38,26,4,0,0,0,77,6,3,5,2,32,25,0,0,22,16,125,0,0,1.85,2.35,23,0,15.38,0,4,8,20,19,1,3,1,,105,54.69,1,0,1,121,15,27,3,15,1461,7,3,0,0,0,0,0.0,0,0,0,0,272,3,0,6.94,0,0,0,0,0,0,0,0,365.25,0.0,0,19,7,9,12,11,28.21,0,48,31,64.58,27,26,39,57,149,54.38,19,308,197,505,173.5,26,2,979,47,5,0,Patrick Dorgu,Manchester United,1397168,35
101,18,7,18.92,107,22,78.57,174,79,253,76.2,12,37.5,20,28,1,0,0,0,61,4,4,10,0,16,28,0,0,31,13,134,0,0,1.32,5.26,18,0,22.86,0,8,9,26,23,3,7,1,,76,40.0,0,0,1,79,12,20,2,19,1573,0,1,0,0,0,0,0.0,0,0,0,0,263,11,0,6.94,0,6,0,0,0,0,0,0,196.63,0.0,0,27,8,10,15,39,42.39,0,23,15,65.22,20,27,92,37,88,39.64,28,233,99,332,194.3,35,2,708,14,3,0,Noah Okafor,Leeds United,865523,34
102,10,0,0.0,4,15,30.61,12,33,45,56.96,0,0.0,0,3,0,0,0,0,22,0,0,0,0,3,3,0,0,0,0,0,0,0,0.0,,0,0,0.0,10,0,0,4,2,2,0,0,-0.25,0,0.0,0,1,0,34,1,0,0,2,212,0,0,0,0,0,0,0.0,0,0,0,0,35,0,0,6.93,0,0,3,9,0,9,0,1,0.0,0.0,0,0,0,0,0,0,0.0,3,0,0,0.0,0,22,0,0,0,0.0,49,38,41,79,20.8,0,0,106,0,0,0,Freddie Woodman,Liverpool FC,284417,44
103,26,14,22.22,191,26,37.14,354,299,653,79.25,44,44.9,54,29,3,0,0,0,97,8,1,7,10,97,29,0,0,7,21,128,0,2,3.97,2.44,35,0,14.81,0,4,7,33,32,1,3,1,,94,55.95,1,0,0,171,26,28,0,29,2403,8,1,0,1,0,0,0.0,0,0,0,0,293,6,0,6.93,0,3,0,0,0,0,0,0,600.75,0.0,0,23,4,7,13,2,13.33,0,74,48,64.86,27,60,15,63,138,51.88,70,478,346,824,201.0,27,2,1412,18,7,0,Daniel Muñoz,Crystal Palace,870360,7
104,40,0,0.0,62,174,25.25,133,466,599,53.72,17,89.47,2,37,0,0,0,0,299,0,0,0,11,54,37,0,0,0,0,4,0,2,0.13,,2,0,0.0,240,0,0,51,47,4,0,0,1.57,4,66.67,0,22,0,516,2,1,0,37,3330,0,0,0,0,0,2,0.0,6,0,1,0,522,0,34,6.93,0,0,26,76,28,106,1,16,0.0,0.0,0,0,0,0,0,1,100.0,26,1,0,0.0,1,70,1,0,21,84.0,689,588,527,1115,256.4,0,4,1458,5,5,0,Dean Henderson,Crystal Palace,788134,7
105,72,0,0.0,25,173,35.6,99,979,1078,77.33,21,95.45,1,38,0,0,0,0,318,0,0,0,9,45,38,1,0,0,0,1,1,4,0.04,,0,0,0.0,203,0,0,51,45,6,0,0,-6.02,7,100.0,0,28,0,316,1,0,0,38,3420,0,0,1,0,0,0,0.0,4,0,0,0,329,0,30,6.93,0,0,22,61,36,98,1,16,0.0,0.0,0,0,0,0,0,0,0.0,22,4,1,25.0,0,114,0,0,28,96.55,486,364,1030,1394,263.2,0,2,1776,6,3,0,Bernd Leno,Fulham,103335,43
106,49,20,20.83,374,71,47.33,735,584,1319,84.39,13,50.0,13,35,2,0,0,0,147,6,1,18,5,37,33,0,0,17,23,88,0,1,2.89,1.74,24,0,0.0,0,0,2,38,32,6,0,0,,94,55.62,0,0,2,244,31,32,0,31,2543,1,7,0,0,0,0,0.0,0,0,0,0,396,15,0,6.92,0,0,0,0,0,0,0,0,0.0,0.0,2,10,27,11,8,19,61.29,0,35,26,74.29,32,98,31,96,107,54.87,150,923,640,1563,228.5,37,0,2030,42,4,0,Sandro Tonali,Newcastle United,892673,39
107,5,1,12.5,162,3,60.0,241,66,307,76.75,31,37.8,51,28,4,0,0,0,42,3,11,17,2,27,28,0,0,26,3,147,0,0,2.67,9.87,35,0,16.92,0,11,15,25,23,2,11,0,,61,38.85,2,0,1,93,3,21,1,21,1810,10,2,0,0,0,0,0.0,0,0,0,0,216,14,0,6.92,0,8,0,0,0,0,0,0,164.55,0.0,0,50,15,29,19,38,52.78,0,11,7,63.64,21,10,72,8,92,38.49,5,321,79,400,193.8,65,5,745,12,0,0,Hugo Ekitiké,Liverpool FC,1048422,44
108,28,7,36.84,147,13,52.0,261,175,436,69.21,112,38.49,179,38,1,0,0,1,93,6,20,17,9,64,38,0,0,42,15,322,0,2,1.88,20.57,73,0,26.19,0,22,23,50,47,3,22,0,,91,38.89,2,0,3,194,12,24,6,37,3284,23,8,0,0,9,0,88.89,0,8,0,0,387,15,0,6.92,0,14,0,0,0,0,0,0,149.27,0.0,0,80,4,24,43,29,54.72,0,38,22,57.89,24,40,53,19,203,38.67,25,412,218,630,263.0,84,6,1215,26,7,0,Igor Thiago,Brentford,1016907,50
109,43,9,20.93,439,42,56.0,705,275,980,81.13,41,35.04,76,37,4,0,0,0,110,5,10,24,7,32,37,0,0,37,22,192,1,4,2.92,10.84,26,1,18.07,0,15,19,45,36,9,13,2,,89,43.41,3,0,0,228,13,49,2,35,3110,5,3,0,0,1,0,100.0,0,1,0,1,435,20,0,6.92,0,10,0,0,0,0,0,0,207.33,20.0,5,55,28,27,32,30,47.62,0,20,15,75.0,49,77,63,43,130,40.37,75,888,320,1208,256.0,83,1,1744,41,1,0,Morgan Gibbs-White,Nottingham Forest,865912,14
110,27,25,25.0,301,33,56.9,543,363,906,81.4,18,26.09,51,36,6,0,0,1,154,13,1,12,8,36,36,0,0,31,39,185,1,3,5.92,5.16,31,0,13.89,0,5,11,43,36,7,5,0,,139,50.92,0,0,1,207,29,53,1,33,2944,4,12,0,0,4,0,75.0,0,3,0,0,432,23,0,6.92,0,4,0,0,0,0,0,0,588.8,0.0,4,18,18,12,12,13,28.26,0,89,57,64.04,53,57,46,100,157,45.91,58,703,410,1113,249.0,36,0,1748,37,5,0,Enzo Le Fée,Sunderland,984014,41
111,22,6,14.29,192,21,61.76,399,355,754,89.76,45,72.58,17,23,4,0,0,0,69,3,2,4,2,34,21,0,0,9,12,45,0,2,2.11,1.34,5,0,8.33,0,1,5,22,17,5,1,0,,44,61.11,0,0,1,86,20,15,1,15,1494,2,3,0,0,0,0,0.0,0,0,0,0,158,2,0,6.91,0,0,0,0,0,0,0,0,1494.0,0.0,0,8,4,4,4,12,85.71,0,29,18,62.07,15,31,14,42,89,66.42,34,460,380,840,145.2,12,2,1121,4,0,0,Lewis Miley,Newcastle United,1400650,39
112,34,13,38.24,145,36,46.75,328,420,748,84.42,27,60.0,18,22,0,0,0,0,82,1,0,6,5,68,22,0,0,16,13,87,0,0,1.42,0.96,27,0,6.25,0,1,1,25,23,2,0,1,,104,60.12,0,0,0,138,27,11,0,21,1802,1,6,0,0,0,0,0.0,0,0,0,0,237,2,0,6.91,0,1,0,0,0,0,0,0,1802.0,0.0,0,10,6,7,3,8,36.36,0,65,38,58.46,11,61,22,34,131,60.09,77,402,484,886,152.1,16,0,1407,31,2,0,Kenny Tete,Fulham,190877,43
113,18,6,13.04,344,20,38.46,573,352,925,85.25,40,66.67,20,30,5,0,0,0,97,4,7,3,11,53,30,0,0,25,9,110,0,1,1.61,4.77,38,0,12.0,0,3,8,20,14,6,3,0,,107,54.31,2,0,0,160,24,27,0,28,2457,0,6,0,0,0,0,0.0,0,0,0,1,302,7,0,6.91,0,1,0,0,0,0,0,0,819.0,0.0,0,24,1,15,7,13,39.39,0,66,37,56.06,27,42,33,46,147,57.2,52,695,390,1085,207.4,25,1,1656,29,5,0,Jurriën Timber,Arsenal,958959,42
114,11,0,0.0,30,20,41.67,203,482,685,90.49,41,70.69,17,16,0,0,0,0,22,1,0,1,2,66,15,0,0,1,2,25,1,0,0.4,0.11,6,0,0.0,14,0,0,14,12,2,0,0,,17,68.0,0,0,0,72,9,1,0,8,796,1,5,0,0,0,0,0.0,0,0,0,0,78,0,0,6.91,0,0,0,0,0,0,0,0,0.0,0.0,0,2,0,1,0,0,0.0,0,17,8,47.06,1,24,0,0,58,69.88,48,244,513,757,103.7,2,1,874,0,2,0,Tosin Adarabioyo,Chelsea,352668,38
115,76,0,0.0,54,199,32.1,131,740,871,66.74,14,93.33,1,35,1,0,0,0,303,2,0,0,9,26,35,0,1,1,0,3,1,3,0.07,,2,0,0.0,130,0,1,47,44,3,0,0,1.7,12,85.71,0,39,0,434,1,5,0,35,3041,0,0,0,0,0,0,0.0,2,0,0,0,445,0,7,6.91,1,0,23,71,24,98,1,20,0.0,0.0,0,0,0,0,0,0,0.0,21,2,0,0.0,5,172,0,0,26,89.66,620,480,825,1305,241.9,0,0,1677,14,3,0,Robert Sánchez,Chelsea,920546,38
116,40,20,16.81,354,20,50.0,493,117,610,76.92,8,29.63,19,27,7,0,0,0,81,11,11,23,4,7,27,0,0,50,9,141,0,0,5.31,8.16,10,0,10.29,0,7,14,35,28,7,7,0,,52,29.89,0,0,1,183,4,49,4,23,2148,14,1,0,0,1,0,100.0,0,1,0,0,471,21,0,6.91,0,3,0,0,0,0,0,0,306.86,0.0,3,57,11,26,19,19,26.39,0,17,12,70.59,49,76,72,119,60,29.85,40,655,138,793,186.6,68,1,1323,16,1,0,Mohamed Salah,Liverpool FC,159665,44
117,36,1,8.33,164,42,43.75,350,378,728,84.06,17,51.52,16,18,2,0,0,0,73,4,0,4,2,35,18,0,0,10,12,55,0,2,1.35,0.9,16,0,18.18,0,2,4,29,27,2,2,0,,49,55.68,0,0,0,138,22,13,0,18,1519,0,11,1,0,0,1,0.0,0,0,0,0,183,3,0,6.91,0,2,0,0,0,0,0,0,759.5,0.0,0,3,8,1,6,2,33.33,0,31,18,58.06,13,84,6,12,66,54.55,96,465,401,866,124.4,11,1,1084,18,2,0,Josh Cullen,Burnley,792122,6
118,40,21,25.3,238,43,60.56,402,219,621,82.36,11,34.38,21,30,4,0,0,0,89,7,4,7,2,15,30,0,0,46,14,132,0,1,3.99,2.96,31,0,17.86,0,5,9,28,24,4,1,4,,96,46.38,0,0,0,133,12,41,5,28,2169,0,5,0,0,0,0,0.0,0,0,0,0,309,21,0,6.91,0,0,0,0,0,0,0,0,433.8,0.0,0,13,15,9,12,19,48.72,0,29,17,58.62,41,85,39,83,107,44.77,71,505,249,754,207.3,28,1,1175,48,5,0,John McGinn,Aston Villa,250223,40
119,12,0,0.0,33,17,56.67,111,336,447,90.49,18,64.29,10,17,1,0,0,0,40,1,1,1,2,60,15,0,0,1,5,25,0,0,0.18,0.35,7,0,0.0,19,0,1,15,12,3,0,0,,37,71.15,0,0,0,47,1,2,0,11,938,0,11,1,0,0,0,0.0,0,0,0,0,54,1,0,6.91,0,0,0,0,0,0,0,0,0.0,0.0,0,3,0,2,0,6,75.0,0,22,13,59.09,2,19,8,1,55,68.75,30,142,352,494,103.6,3,1,631,9,2,0,Ayden Heaven,Manchester United,1445799,35
120,27,7,20.0,203,25,51.02,387,221,608,77.06,38,42.7,51,18,1,0,0,0,76,6,1,6,1,17,18,0,0,27,12,142,0,1,2.11,2.82,28,0,17.39,0,4,5,32,30,2,2,2,,85,48.3,0,0,0,181,8,23,4,18,1521,5,6,0,0,2,1,100.0,0,2,0,0,314,9,0,6.91,1,0,0,0,0,0,0,0,380.25,0.0,2,8,15,6,11,16,38.1,0,39,22,56.41,23,66,42,35,123,46.42,49,541,248,789,124.3,23,1,1141,30,5,1,Lucas Paquetá,West Ham United,839981,37
121,118,61,25.74,382,134,45.58,622,480,1102,74.97,19,43.18,25,34,2,0,0,0,133,8,0,9,9,102,34,0,0,9,38,130,0,5,4.48,1.05,32,0,3.13,0,1,3,40,28,12,1,0,,121,53.54,1,0,0,368,31,56,0,32,2798,1,10,0,3,0,0,0.0,0,0,0,0,647,9,0,6.9,0,0,0,0,0,0,0,0,2798.0,0.0,6,13,19,15,8,19,42.22,0,76,50,65.79,53,241,45,237,140,51.85,294,877,593,1470,234.7,32,0,2429,26,10,0,Pedro Porro,Tottenham Hotspur,913654,33
122,17,11,12.64,339,15,57.69,482,107,589,78.53,56,50.91,54,36,5,0,0,0,87,10,8,33,6,21,36,0,0,28,14,172,0,0,4.69,8.46,42,0,8.05,0,7,12,39,33,6,7,0,,106,47.32,0,0,4,161,13,54,2,32,2754,30,4,0,0,0,0,0.0,0,0,0,1,389,20,0,6.9,0,5,0,0,0,0,0,0,393.43,0.0,0,59,28,33,21,34,49.28,0,28,14,50.0,54,32,69,87,162,48.5,26,608,142,750,248.5,87,1,1316,44,3,0,Cody Gakpo,Liverpool FC,862967,44
123,48,0,0.0,77,68,50.0,244,613,857,84.85,66,52.38,60,25,2,0,0,0,63,3,1,4,5,160,25,0,0,0,6,85,0,1,0.78,0.88,19,0,6.67,17,1,3,26,25,1,1,0,,38,60.32,1,0,1,153,24,7,0,21,1913,0,14,0,0,0,1,0.0,0,0,0,0,167,1,0,6.9,0,0,0,0,0,0,0,0,1913.0,0.0,0,15,0,5,6,2,66.67,0,26,14,53.85,7,94,3,1,104,55.03,136,360,650,1010,172.5,15,0,1319,10,4,0,Jaka Bijol,Leeds United,886930,34
124,16,4,12.12,169,22,33.85,373,371,744,88.89,32,50.79,31,25,2,0,0,0,63,2,0,1,4,88,25,0,0,5,14,72,0,0,1.63,0.36,18,0,33.33,4,1,3,19,15,4,1,0,,68,62.39,0,0,0,93,26,13,1,20,1792,1,9,1,0,0,0,0.0,0,0,0,0,171,3,0,6.9,0,0,0,0,0,0,0,0,1792.0,0.0,0,1,2,0,2,7,50.0,0,48,27,56.25,13,29,14,33,100,58.14,65,435,402,837,172.5,3,1,1253,14,2,0,Piero Hincapié,Arsenal,1002837,42
125,4,2,66.67,13,5,62.5,26,30,56,86.15,4,57.14,3,3,0,0,0,0,5,0,0,0,0,8,3,0,0,1,0,6,0,0,0.09,0.49,2,0,50.0,0,1,1,3,2,1,1,0,,5,62.5,0,0,0,9,1,1,1,2,138,0,1,0,0,0,0,0.0,0,0,0,0,16,0,0,6.9,0,0,0,0,0,0,0,0,138.0,0.0,0,2,0,0,2,0,0.0,0,5,4,80.0,1,4,0,3,9,60.0,8,31,34,65,20.7,2,0,105,0,1,0,Ben Davies,Tottenham Hotspur,94758,33
126,3,6,27.27,182,7,35.0,345,188,533,90.34,14,60.87,9,17,2,0,0,0,49,2,1,2,4,18,15,0,0,12,6,63,0,1,2.02,0.59,17,0,0.0,0,0,2,8,5,3,0,0,,67,55.37,0,0,0,57,13,12,0,12,976,0,1,0,0,0,0,0.0,0,0,0,0,130,5,0,6.9,0,0,0,0,0,0,0,0,0.0,0.0,0,4,6,6,2,22,52.38,0,35,22,62.86,12,8,42,22,81,56.25,20,381,209,590,103.5,10,1,875,10,2,0,Rayan Aït-Nouri,Manchester City,931278,17
127,52,0,0.0,85,196,34.21,160,547,707,64.8,10,90.91,1,37,0,0,0,0,305,0,0,0,19,37,37,1,0,0,0,1,1,3,0.12,,0,0,0.0,130,0,0,26,20,6,0,0,-1.13,15,100.0,0,33,0,384,1,3,0,37,3330,0,0,0,0,0,0,0.0,0,0,0,0,395,0,10,6.9,0,0,32,44,15,60,0,11,0.0,0.0,0,0,0,0,0,1,100.0,32,1,1,100.0,3,84,1,0,25,96.15,573,505,586,1091,255.3,0,2,1438,14,1,0,David Raya,Arsenal,581310,42
128,13,0,0.0,16,96,28.57,63,305,368,60.33,15,100.0,0,27,0,0,0,0,255,0,0,0,7,35,27,0,0,0,0,1,3,2,0.02,0.16,1,0,0.0,199,0,0,38,30,8,0,0,-3.5,2,66.67,0,29,0,242,0,0,0,27,2417,0,0,0,0,0,0,0.0,2,0,0,0,253,0,12,6.9,0,0,28,62,26,89,0,23,0.0,0.0,0,1,0,0,1,0,0.0,26,1,1,100.0,0,23,0,0,17,94.44,336,265,345,610,186.3,1,1,989,2,2,0,Nick Pope,Newcastle United,162653,39
129,13,1,33.33,106,11,40.74,251,327,578,91.31,20,41.67,28,20,0,0,0,0,34,0,0,0,2,47,18,0,0,8,5,60,0,1,0.63,0.1,17,0,0.0,2,0,0,8,7,1,0,0,,40,55.56,0,0,0,55,8,5,0,9,1003,1,7,0,0,0,0,0.0,0,0,0,0,83,0,0,6.89,0,0,0,0,0,0,0,0,0.0,0.0,0,1,0,1,0,1,33.33,0,32,19,59.38,5,21,3,3,60,50.0,27,281,352,633,124.1,1,0,819,7,4,0,Cristhian Mosquera,Arsenal,1144630,42
130,34,0,0.0,81,61,47.66,311,631,942,85.48,112,63.64,64,33,1,0,0,0,88,0,3,8,7,203,32,0,1,5,12,100,0,0,0.51,2.33,16,0,11.54,3,3,4,42,39,3,3,0,,48,57.14,1,0,2,160,37,2,0,29,2619,0,27,0,0,0,0,0.0,0,0,0,0,188,1,0,6.89,1,1,0,0,0,0,0,0,873.0,0.0,0,22,4,11,7,6,54.55,0,36,23,63.89,2,66,11,1,160,61.54,128,426,676,1102,220.6,26,2,1537,6,1,0,Michael Keane,Everton,110846,48
131,16,11,24.44,330,23,69.7,525,270,795,87.94,13,40.63,19,32,3,0,0,0,113,7,6,14,4,29,32,0,0,25,20,126,1,0,4.78,5.57,23,0,3.77,0,2,5,33,30,3,1,1,,115,51.8,1,0,1,109,17,41,1,27,2344,12,3,0,0,0,0,0.0,0,0,0,1,271,10,0,6.89,0,0,0,0,0,0,0,0,1172.0,0.0,0,38,15,16,23,39,49.37,0,38,25,65.79,41,27,79,45,128,50.39,33,607,297,904,220.6,53,0,1415,38,2,0,Amad Diallo,Manchester United,971037,35
132,28,29,20.42,306,47,31.33,532,552,1084,81.81,39,50.0,39,37,3,0,0,0,164,5,2,18,9,88,37,0,1,28,37,170,1,2,3.96,1.97,30,0,4.35,0,2,5,47,38,9,1,1,,177,57.47,0,0,0,241,47,37,0,36,3206,4,17,0,1,0,1,0.0,0,0,0,0,549,11,0,6.89,1,2,0,0,0,0,0,0,1603.0,0.0,2,17,29,9,19,31,43.66,0,96,62,64.58,36,83,71,142,216,55.96,150,696,629,1325,255.0,46,2,2387,52,6,0,Neco Williams,Nottingham Forest,927356,14
133,24,2,40.0,92,84,49.12,429,1031,1460,88.16,119,61.34,75,35,2,0,0,0,94,3,2,7,11,252,35,0,1,6,11,129,1,2,0.89,2.38,34,0,4.17,2,1,3,45,41,4,1,0,,85,61.15,1,0,2,196,45,7,0,35,3087,0,18,0,0,0,2,0.0,0,0,0,0,232,1,0,6.89,1,0,0,0,0,0,0,0,3087.0,0.0,0,22,2,10,7,7,63.64,0,60,38,63.33,7,61,11,5,204,61.26,171,565,1091,1656,241.2,24,2,2224,19,4,0,Maxence Lacroix,Crystal Palace,879674,7
134,23,7,18.42,133,36,53.73,279,254,533,84.74,25,64.1,14,18,0,0,0,0,81,0,0,3,6,71,18,0,0,15,13,73,0,2,0.82,0.4,13,0,0.0,0,0,0,19,17,2,0,0,,60,50.42,0,0,1,96,25,10,0,18,1590,0,3,0,1,0,0,0.0,0,0,0,0,229,3,0,6.89,0,0,0,0,0,0,0,0,0.0,0.0,0,4,8,8,1,15,44.12,0,31,21,67.74,9,50,34,38,85,53.8,67,344,285,629,124.0,12,0,1093,15,3,0,Ola Aina,Nottingham Forest,800417,14
135,13,34,36.56,111,12,35.29,191,95,286,76.27,8,17.39,38,27,1,0,0,0,77,7,0,6,3,26,27,0,0,41,15,169,1,1,3.69,2.01,25,0,7.14,0,3,4,30,28,2,0,3,,106,44.73,0,0,2,89,5,31,0,19,1799,2,1,0,1,0,1,0.0,0,0,0,2,323,13,0,6.89,0,3,0,0,0,0,0,0,599.67,0.0,3,12,30,19,17,31,36.9,0,28,13,46.43,30,23,84,93,114,40.28,34,254,121,375,185.9,42,2,897,47,0,0,Mateus Mané,Wolverhampton,1899647,3
136,14,4,30.77,134,19,47.5,260,214,474,87.29,18,56.25,14,20,0,0,0,0,46,0,0,3,2,54,20,0,0,4,3,40,0,2,0.36,0.19,12,0,0.0,1,0,0,10,7,3,0,0,,50,65.79,0,0,0,69,14,7,0,11,1022,0,2,0,1,0,0,0.0,0,0,0,0,102,4,0,6.89,0,0,0,0,0,0,0,0,0.0,0.0,0,1,4,2,0,8,53.33,0,28,16,57.14,6,32,15,13,68,62.96,40,298,245,543,137.7,5,0,798,14,3,0,Noussair Mazraoui,Manchester United,847030,35
137,37,0,0.0,33,127,39.69,99,146,245,55.94,3,75.0,1,12,0,0,0,0,108,0,0,0,0,24,12,4,0,0,0,1,1,0,0.05,,0,0,0.0,100,0,0,24,18,6,0,0,-5.43,2,100.0,0,7,0,193,0,0,0,12,1080,0,0,1,0,0,0,0.0,1,0,0,0,195,0,14,6.88,0,0,14,26,13,39,0,15,0.0,0.0,0,0,0,0,0,0,0.0,13,2,1,50.0,0,75,0,0,5,83.33,320,270,168,438,82.6,0,0,576,0,0,0,Sam Johnstone,Wolverhampton,98427,3
138,6,0,0.0,13,4,30.77,28,36,64,76.19,7,77.78,2,7,0,0,0,0,14,0,0,0,1,17,6,0,0,1,4,13,0,0,0.04,0.03,2,0,0.0,0,0,0,2,1,1,0,0,,13,54.17,0,0,0,20,2,0,0,3,266,1,2,0,0,0,0,0.0,0,0,0,0,39,1,0,6.88,0,0,0,0,0,0,0,0,0.0,0.0,0,1,0,0,1,1,20.0,0,10,4,40.0,0,11,5,6,20,60.61,13,42,42,84,41.3,1,0,148,2,0,0,Nathan Patterson,Everton,1020141,48
139,30,1,25.0,66,47,42.73,258,475,733,86.13,59,74.68,20,23,2,0,0,0,62,2,1,3,5,105,23,0,1,2,4,42,1,1,0.52,1.11,16,0,7.14,16,1,3,19,17,2,1,0,,39,63.93,1,0,2,118,13,4,0,19,1667,0,11,0,0,0,2,0.0,0,0,0,0,129,2,0,6.88,1,0,0,0,0,0,0,0,1667.0,0.0,0,14,0,7,4,1,50.0,0,22,17,77.27,4,58,2,4,98,70.0,110,338,513,851,158.3,14,1,1067,16,3,0,Harry Maguire,Manchester United,149380,35
140,36,14,26.92,258,36,62.07,424,241,665,82.92,12,32.43,25,28,5,0,0,0,87,7,3,17,1,12,28,0,1,30,18,127,0,2,3.86,3.08,21,0,4.76,0,2,7,34,27,7,1,1,,106,50.96,0,0,2,137,15,35,0,19,1769,0,1,0,1,0,0,0.0,0,0,0,0,310,21,0,6.88,1,2,0,0,0,0,0,0,884.5,0.0,3,18,24,15,10,28,42.42,0,34,21,61.76,34,57,66,52,118,48.16,58,528,274,802,192.7,42,2,1255,44,5,0,Xavi Simons,Tottenham Hotspur,997183,33
141,28,5,38.46,133,66,37.93,415,827,1242,83.98,107,56.61,82,33,0,0,0,0,65,1,1,7,10,196,33,0,0,11,18,131,2,2,1.38,2.36,18,0,6.67,0,1,1,42,39,3,1,0,,63,56.25,1,0,0,237,43,9,0,31,2826,0,19,0,0,0,0,0.0,0,0,0,0,361,0,0,6.88,0,0,0,0,0,0,0,0,2826.0,0.0,0,15,0,6,2,4,66.67,0,55,35,63.64,9,82,6,13,170,56.48,174,570,909,1479,227.1,15,0,2081,5,4,0,Chris Richards,Crystal Palace,931844,7
142,14,4,30.77,229,22,56.41,545,389,934,89.21,15,38.46,24,28,2,0,0,0,95,1,0,5,6,25,27,0,0,31,11,94,0,1,1.28,0.48,13,0,7.69,0,1,3,22,18,4,0,1,,77,52.38,0,0,0,113,20,22,0,16,1670,1,10,0,0,0,0,0.0,0,0,0,0,199,8,0,6.88,0,1,0,0,0,0,0,0,1670.0,0.0,0,2,11,5,3,19,54.29,0,36,20,55.56,22,37,35,13,92,49.46,39,616,431,1047,185.8,13,1,1353,22,2,0,Kobbie Mainoo,Manchester United,1142175,35
143,20,1,50.0,44,26,35.14,149,404,553,88.34,17,53.13,15,15,0,0,0,0,40,1,0,0,2,75,14,0,0,0,4,32,0,0,0.56,0.05,10,0,0.0,33,0,0,11,11,0,0,0,,19,52.78,0,0,0,73,16,3,0,11,965,1,10,0,0,0,0,0.0,0,0,0,0,81,0,0,6.88,0,0,0,0,0,0,0,0,0.0,0.0,0,1,0,1,0,2,40.0,0,16,9,56.25,3,42,5,2,36,52.94,74,199,427,626,96.3,1,0,774,1,6,0,Jorge Cuenca,Fulham,868715,43
144,14,8,18.18,126,16,69.57,185,120,305,73.85,7,38.89,11,23,4,0,0,0,57,4,2,8,0,10,23,0,0,15,6,57,0,2,3.3,2.07,5,0,12.0,0,3,7,20,17,3,3,0,,36,43.9,0,0,3,108,7,24,3,10,1075,3,1,0,0,0,0,0.0,0,0,0,0,206,10,0,6.87,0,0,0,0,0,0,0,0,358.33,0.0,0,15,10,10,7,18,46.15,0,6,4,66.67,24,24,39,44,43,43.0,23,268,145,413,158.1,25,1,634,12,0,0,Samuel Chukwueze,Fulham,822470,43
145,14,13,14.29,329,24,64.86,471,115,586,89.19,3,25.0,9,30,4,0,0,0,68,5,1,10,2,14,30,0,0,22,9,78,0,1,2.98,2.8,12,0,10.0,0,3,7,26,21,5,2,1,,56,44.8,0,0,1,71,8,44,0,21,1849,3,2,0,0,0,0,0.0,0,0,0,0,248,8,0,6.87,0,3,0,0,0,0,0,0,616.33,0.0,1,18,12,10,10,30,51.72,0,14,7,50.0,44,26,58,91,59,43.07,37,527,130,657,206.2,30,1,1005,12,0,0,Callum Hudson Odoi,Nottingham Forest,867442,14
146,12,3,14.29,194,20,47.62,344,303,647,85.58,48,62.34,29,26,2,0,0,0,73,0,3,10,4,50,25,0,0,10,8,80,0,1,0.76,3.34,26,0,3.13,0,1,3,8,6,2,1,0,,56,52.34,1,0,2,109,15,9,0,22,1707,4,5,0,0,0,0,0.0,0,0,0,0,201,5,0,6.87,0,0,0,0,0,0,0,0,1707.0,0.0,0,22,10,14,8,16,66.67,0,32,19,59.38,9,20,24,21,104,56.52,42,404,352,756,171.8,32,1,1160,10,5,0,Riccardo Calafiori,Arsenal,957602,42
147,12,19,17.59,133,18,46.15,222,84,306,63.09,52,48.6,55,32,3,0,0,0,85,12,13,14,1,52,32,0,0,31,18,187,0,0,4.17,7.72,27,0,12.5,0,7,10,35,32,3,7,0,,86,39.45,2,0,1,179,24,27,5,25,2279,9,0,0,0,0,0,0.0,0,0,0,5,438,9,0,6.87,0,0,0,0,0,0,0,0,325.57,0.0,0,44,12,22,20,23,28.75,0,24,13,54.17,27,28,80,108,138,42.46,39,367,118,485,219.9,56,3,1075,39,5,0,Dango Ouattara,Brentford,1106451,50
148,42,0,0.0,145,53,42.74,393,647,1040,89.04,25,52.08,23,21,0,0,0,0,80,0,2,1,4,61,21,0,0,4,9,47,2,2,0.37,1.27,7,0,0.0,65,0,0,19,17,2,0,0,,34,58.62,0,0,0,128,11,1,0,18,1676,0,18,1,0,0,0,0.0,0,0,0,0,154,3,0,6.87,0,0,0,0,0,0,0,0,0.0,0.0,0,9,0,7,1,7,63.64,0,22,14,63.64,1,91,11,4,59,55.66,124,487,681,1168,144.3,9,0,1350,5,1,0,Pau Torres,Aston Villa,864169,40
149,14,9,23.68,326,17,31.48,703,464,1167,86.19,51,52.58,46,34,3,0,0,0,109,6,7,13,10,72,34,0,0,34,22,182,0,1,2.69,6.03,45,0,12.2,0,5,8,25,21,4,5,0,,110,44.72,2,0,0,187,20,23,3,29,2648,1,12,0,0,0,0,0.0,0,0,0,0,368,11,0,6.87,0,0,0,0,0,0,0,0,529.6,0.0,0,33,8,13,15,24,40.68,0,68,36,52.94,23,33,59,38,161,46.94,54,826,528,1354,233.6,41,4,2068,18,5,0,Nico O'Reilly,Manchester City,1142703,17
150,4,2,28.57,164,4,50.0,245,101,346,72.69,36,38.71,57,37,3,0,0,0,49,4,19,23,3,15,37,0,0,43,4,166,0,0,1.3,15.14,35,0,19.28,0,16,19,38,33,5,15,1,,80,42.33,4,0,2,130,6,23,3,33,2852,24,2,0,0,0,0,0.0,0,0,0,0,281,16,0,6.87,0,9,0,0,0,0,0,0,178.25,0.0,0,72,11,22,38,26,46.43,0,22,14,63.64,23,10,56,7,116,41.13,8,346,130,476,254.2,83,4,887,32,4,0,Ollie Watkins,Aston Villa,555386,40
151,4,0,0.0,15,3,27.27,54,119,173,90.1,6,60.0,4,3,0,0,0,0,9,0,0,0,0,14,3,0,0,1,0,6,0,0,0.11,,1,0,0.0,7,0,0,4,3,1,0,0,,5,71.43,0,0,0,19,5,0,0,2,225,0,3,0,0,0,0,0.0,0,0,0,0,22,0,0,6.87,0,0,0,0,0,0,0,0,0.0,0.0,0,0,0,0,0,0,0.0,0,3,2,66.67,0,7,0,1,11,64.71,11,71,121,192,20.6,0,0,229,2,0,0,Levi Colwill,Chelsea,996911,38
152,47,0,0.0,27,146,31.6,95,485,580,64.37,20,100.0,0,38,0,0,0,0,285,0,0,0,11,62,38,2,0,0,3,3,2,2,0.02,,0,0,0.0,212,0,0,54,46,8,0,0,-2.98,3,50.0,0,31,0,321,0,0,0,38,3420,0,0,1,0,0,0,0.0,6,0,0,0,331,0,35,6.87,0,0,23,69,37,109,2,26,0.0,0.0,0,0,0,0,0,0,0.0,21,0,0,0.0,0,100,0,0,23,88.46,462,378,523,901,260.9,0,1,1318,2,3,0,Đorđe Petrović,Bournemouth,882604,60
153,3,7,12.73,327,6,31.58,522,268,790,83.95,11,23.4,36,32,3,0,0,0,178,7,3,13,5,19,32,0,0,64,27,218,0,1,4.41,6.71,30,0,13.95,0,6,9,44,41,3,6,0,,180,49.72,0,0,2,151,16,30,2,32,2786,12,2,0,0,2,0,100.0,0,2,0,0,410,26,0,6.87,0,4,0,0,0,0,0,0,464.33,0.0,0,30,13,8,22,73,54.48,0,70,43,61.43,30,10,134,55,191,46.7,19,648,293,941,219.7,43,0,1576,37,2,0,Iliman Ndiaye,Everton,914309,48
154,25,14,25.0,186,38,44.71,404,566,970,85.01,41,60.29,27,37,1,0,0,0,163,4,1,4,8,99,37,0,0,31,23,156,1,3,2.8,1.18,26,0,11.11,0,1,2,49,46,3,1,0,,172,57.14,1,0,0,171,38,36,0,37,3264,1,15,1,2,0,2,0.0,0,0,0,0,523,5,0,6.86,0,0,0,0,0,0,0,0,3264.0,0.0,0,8,1,2,3,55,51.4,0,67,45,67.16,34,44,107,56,213,57.72,85,511,630,1141,254.0,9,0,2177,50,8,0,Michael Kayode,Brentford,1137431,50
155,17,28,22.95,178,19,70.37,266,114,380,85.59,11,37.93,18,19,5,0,0,0,95,3,3,10,2,6,19,0,0,54,12,156,0,1,2.4,1.93,23,0,7.69,0,2,7,20,13,7,1,1,,96,41.03,0,0,1,64,3,25,2,19,1545,10,0,0,2,0,0,0.0,0,0,0,0,331,12,0,6.86,0,0,0,0,0,0,0,0,772.5,0.0,2,16,10,7,9,52,50.98,0,29,19,65.52,23,25,102,122,107,40.68,27,313,131,444,130.4,26,1,931,15,3,0,Mohammed Kudus,Tottenham Hotspur,905163,33
156,19,36,44.44,135,13,31.71,265,318,583,84.25,10,32.26,21,30,3,0,0,0,68,9,1,4,0,28,29,0,0,5,14,67,0,1,4.13,1.82,18,0,15.38,0,2,5,23,16,7,2,0,,51,52.58,1,0,1,109,12,33,0,17,1443,1,2,0,1,0,1,0.0,0,0,0,0,203,9,0,6.86,0,1,0,0,0,0,0,0,721.5,0.0,3,6,7,3,6,7,41.18,0,23,12,52.17,32,46,17,81,61,47.66,41,342,350,692,199.0,13,2,1022,21,2,0,Maxim De Cuyper,Brighton & Hove Albion,997152,30
157,25,1,4.55,146,23,62.16,246,104,350,81.59,7,33.33,14,23,0,0,0,0,60,1,1,6,1,9,21,0,0,15,11,65,0,0,1.62,1.5,16,0,15.79,0,3,3,15,12,3,2,1,,43,45.74,0,0,1,79,9,14,0,12,1018,0,1,0,1,0,0,0.0,0,0,0,1,144,10,0,6.86,0,3,0,0,0,0,0,0,339.33,0.0,1,12,7,8,5,7,41.18,0,24,13,54.17,13,36,17,22,50,43.48,37,300,129,429,144.1,19,0,606,12,2,0,Mason Mount,Manchester United,836694,35
158,8,27,50.0,83,15,42.86,183,197,380,84.63,10,45.45,12,23,2,0,0,0,43,6,1,3,1,11,20,0,0,12,22,63,0,0,1.91,1.25,13,0,12.5,0,2,4,20,16,4,2,0,,57,52.78,0,0,2,69,12,25,0,10,1046,1,6,0,0,0,0,0.0,0,0,0,0,122,5,0,6.86,0,2,0,0,0,0,0,0,523.0,0.0,1,9,7,9,4,2,28.57,0,38,23,60.53,25,23,7,54,67,51.54,35,233,216,449,137.2,16,1,667,17,2,0,Sean Longstaff,Leeds United,866191,34
159,24,3,23.08,296,54,62.79,736,817,1553,89.82,50,61.73,31,35,1,0,0,0,133,3,3,7,5,50,35,0,0,20,11,109,1,1,1.5,1.54,35,0,0.0,0,0,1,45,40,5,0,0,,80,50.63,0,0,0,176,25,21,0,34,2911,1,16,1,0,0,1,0.0,0,0,0,0,249,7,0,6.86,0,0,0,0,0,0,0,0,0.0,0.0,0,8,7,5,3,9,42.86,0,57,40,70.18,21,40,21,13,130,54.39,86,847,882,1729,240.1,15,1,2075,14,5,0,Sander Berge,Fulham,793167,43
160,12,0,0.0,9,41,33.61,29,108,137,62.84,3,100.0,0,7,0,0,0,0,33,0,0,0,2,10,7,0,0,0,0,0,0,0,0.01,,0,0,0.0,14,0,0,7,5,2,0,0,-0.54,1,100.0,0,3,0,81,0,0,0,7,630,0,0,0,0,0,0,0.0,1,0,0,0,81,0,3,6.86,0,0,4,8,2,10,0,5,0.0,0.0,0,0,0,0,0,0,0.0,4,0,0,0.0,0,27,0,0,4,100.0,122,105,113,218,48.0,0,0,261,1,1,0,Antonín Kinský,Tottenham Hotspur,1031251,33
161,22,0,0.0,99,53,51.46,332,927,1259,88.54,140,66.35,71,32,2,0,0,0,109,5,4,3,8,195,32,0,0,4,7,96,2,2,1.49,3.13,15,0,0.0,29,0,2,41,38,3,0,0,,35,58.33,0,0,0,163,29,7,0,30,2761,0,23,0,0,0,0,0.0,0,0,0,0,184,1,0,6.86,0,0,0,0,0,0,0,0,0.0,0.0,0,22,1,13,7,1,100.0,0,23,10,43.48,7,41,1,0,175,64.58,103,442,980,1422,219.4,23,1,1815,11,2,0,Sepp van den Berg,Brentford,924378,50
162,15,10,22.73,86,26,45.61,247,182,429,86.14,9,36.0,16,18,1,0,0,0,62,0,0,1,1,26,16,0,1,3,7,35,0,0,0.54,0.08,8,0,0.0,0,0,1,19,17,2,0,0,,33,63.46,0,0,0,69,24,11,0,8,905,0,6,0,0,0,0,0.0,0,0,0,0,120,5,0,6.86,1,0,0,0,0,0,0,0,0.0,0.0,0,0,3,2,0,3,75.0,0,25,16,64.0,11,31,4,44,42,54.55,57,305,193,498,109.7,3,0,685,5,1,0,Lewis Cook,Bournemouth,548188,60
163,18,37,23.27,206,15,48.39,320,108,428,67.94,19,37.25,32,34,4,0,0,0,95,11,4,15,2,16,34,0,0,34,21,174,0,1,5.12,3.8,32,0,7.32,0,3,7,33,27,6,3,0,,143,50.18,0,0,0,202,17,46,2,26,2398,10,0,0,2,0,0,0.0,0,0,0,1,514,19,0,6.86,0,1,0,0,0,0,0,0,799.33,0.0,0,34,7,15,11,65,53.72,0,56,37,66.07,44,43,121,159,162,48.21,31,488,142,630,233.1,41,1,1304,22,3,0,Yankuba Minteh,Brighton & Hove Albion,1400106,30
164,21,0,0.0,224,24,61.54,329,207,536,81.46,21,36.21,37,36,2,0,0,0,109,5,2,13,0,20,36,0,0,35,22,152,0,1,2.29,3.42,41,1,12.24,0,6,8,24,23,1,3,3,,103,47.25,1,0,2,122,15,30,1,21,1784,1,4,0,0,0,0,0.0,0,0,0,0,224,14,0,6.86,0,4,0,0,0,0,0,0,297.33,16.67,6,19,30,23,13,9,31.03,0,49,27,55.1,30,33,29,10,124,44.93,39,421,237,658,246.8,49,3,1051,45,6,0,Emiliano Buendía,Aston Villa,783126,40
165,25,14,18.18,182,33,43.42,314,326,640,80.0,18,60.0,12,22,0,0,0,0,98,1,0,4,4,55,22,0,0,7,23,65,0,1,1.57,1.07,15,0,16.67,0,1,1,19,17,2,1,0,,69,56.56,0,0,0,160,29,22,1,17,1492,2,3,0,0,1,0,100.0,0,1,0,0,306,1,0,6.85,0,0,0,0,0,0,0,0,1492.0,0.0,0,3,3,1,1,12,57.14,0,48,30,62.5,22,52,21,77,87,57.24,76,407,393,800,150.8,6,1,1292,9,5,0,Antonee Robinson,Fulham,803174,43
166,18,11,26.19,178,31,54.39,362,331,693,84.0,14,48.28,15,28,0,0,0,0,108,5,1,7,1,23,28,0,0,16,24,95,0,3,3.24,1.65,30,0,0.0,0,0,0,28,27,1,0,0,,102,56.04,0,0,0,132,14,20,0,22,1908,1,1,0,0,0,0,0.0,0,0,0,1,234,13,0,6.85,0,0,0,0,0,0,0,0,0.0,0.0,0,11,8,8,4,12,50.0,0,63,37,58.73,20,38,24,42,116,54.98,57,459,366,825,191.9,19,0,1154,28,3,0,Daichi Kamada,Crystal Palace,794338,7
167,8,0,0.0,99,10,58.82,140,57,197,62.15,69,39.88,104,32,4,0,0,0,61,5,10,14,3,51,32,0,0,30,12,189,0,1,1.46,8.09,23,0,18.03,0,11,15,27,17,10,10,1,,70,45.16,3,0,1,120,5,20,1,20,1957,10,3,0,0,0,0,0.0,0,0,0,0,257,15,0,6.85,0,7,0,0,0,0,0,0,177.91,0.0,0,56,5,21,26,12,37.5,0,27,16,59.26,20,14,32,18,139,42.38,17,230,87,317,219.3,61,2,726,33,5,0,Richarlison,Tottenham Hotspur,840217,33
168,38,17,29.82,270,41,61.19,507,455,962,84.98,52,71.23,21,34,3,0,0,0,135,5,4,3,5,92,34,0,0,16,21,92,1,2,2.57,2.0,25,0,4.17,0,1,4,40,36,4,1,0,,83,53.9,0,0,1,170,27,29,0,29,2616,4,9,0,0,0,0,0.0,0,0,0,0,343,9,0,6.85,0,1,0,0,0,0,0,0,2616.0,0.0,0,15,9,15,6,18,66.67,0,53,30,56.6,29,66,27,57,135,59.47,67,625,507,1132,233.0,24,2,1785,14,5,0,Diogo Dalot,Manchester United,843200,35
169,79,19,26.39,630,69,57.5,1121,868,1989,90.2,4,16.0,21,38,4,0,0,0,146,7,1,13,6,34,38,0,0,34,27,145,0,3,4.08,2.56,37,0,6.67,5,2,6,30,23,7,2,0,,97,43.89,0,0,1,216,22,47,2,34,2890,5,6,0,0,0,0,0.0,0,0,0,0,369,19,0,6.85,0,0,0,0,0,0,0,0,1445.0,0.0,0,23,7,10,7,21,42.86,0,54,28,51.85,47,125,49,72,101,41.06,120,1282,923,2205,260.3,30,1,2661,22,10,0,Bernardo Silva,Manchester City,331209,17
170,31,4,28.57,74,50,42.74,197,350,547,83.0,26,63.41,15,14,0,0,0,0,66,0,0,3,0,65,14,0,1,5,7,38,2,0,0.4,0.56,10,0,0.0,1,0,0,27,22,5,0,0,,41,64.06,0,0,0,112,13,4,0,12,1101,0,15,0,0,0,0,0.0,0,0,0,0,147,1,0,6.85,1,0,0,0,0,0,0,0,0.0,0.0,1,6,4,4,3,4,80.0,0,32,20,62.5,4,75,5,14,67,63.81,117,283,376,659,95.9,10,1,872,5,1,0,Emmanuel Agbadou,Wolverhampton,1013842,3
171,40,5,15.63,585,40,57.97,924,277,1201,84.52,7,14.89,40,33,3,0,0,0,115,5,8,19,2,13,33,0,0,36,18,149,0,1,5.17,7.03,22,0,9.8,0,5,8,32,25,7,5,0,,92,45.77,0,0,1,220,11,61,1,27,2388,2,2,0,1,0,0,0.0,0,0,0,0,378,21,0,6.85,0,4,0,0,0,0,0,0,477.6,0.0,1,36,15,14,18,39,52.7,0,34,26,76.47,60,73,74,32,99,39.92,69,1105,316,1421,226.0,51,3,1875,19,1,0,Florian Wirtz,Liverpool FC,1019322,44
172,8,16,20.0,171,11,55.0,246,67,313,76.16,10,45.45,12,26,1,0,0,0,35,7,2,10,0,8,25,0,0,17,21,96,0,0,2.83,1.22,15,0,11.54,0,3,4,9,6,3,2,1,,65,43.62,1,0,0,98,5,22,2,16,1226,4,1,0,0,0,0,0.0,0,0,0,0,257,9,0,6.85,0,0,0,0,0,0,0,0,408.67,0.0,0,22,4,6,10,29,47.54,0,21,10,47.62,22,16,61,80,75,43.86,20,332,79,411,171.2,26,2,735,15,0,0,Noni Madueke,Arsenal,966547,42
173,10,0,0.0,121,14,73.68,206,151,357,87.71,14,46.67,16,21,1,0,0,0,45,4,2,4,0,10,21,0,0,16,8,56,0,0,1.35,1.51,9,0,16.67,0,3,4,15,13,2,3,0,,36,47.37,2,0,0,50,2,10,1,7,865,0,3,0,0,0,0,0.0,0,0,0,0,89,3,0,6.85,0,0,0,0,0,0,0,0,288.33,0.0,0,9,9,6,8,13,65.0,0,14,10,71.43,10,13,20,0,50,47.17,19,240,167,407,143.8,18,1,540,9,1,0,Ross Barkley,Aston Villa,98435,40
174,26,3,16.67,124,49,40.16,282,415,697,81.9,26,44.83,32,20,0,0,0,0,69,1,1,4,2,84,19,0,0,6,17,75,0,2,0.68,0.42,14,0,0.0,0,0,0,33,30,3,0,0,,43,50.0,0,0,0,154,11,9,0,17,1578,2,19,0,0,0,0,0.0,0,0,0,0,210,1,0,6.85,0,0,0,0,0,0,0,0,0.0,0.0,0,6,3,2,3,6,50.0,0,27,18,66.67,9,62,12,18,69,47.92,122,373,478,851,130.1,9,1,1161,10,6,0,Bashir Humphreys,Burnley,996910,6
175,40,16,20.25,231,38,52.05,371,249,620,74.61,22,36.07,39,34,2,0,0,0,101,15,5,21,1,21,34,0,0,34,33,157,0,0,6.11,4.51,30,0,4.44,0,2,4,28,25,3,1,1,,78,39.8,0,0,2,211,9,48,0,26,2100,10,1,0,0,0,0,0.0,0,0,0,0,389,19,0,6.85,0,2,0,0,0,0,0,0,1050.0,0.0,4,26,19,13,11,18,40.91,0,36,20,55.56,48,88,44,79,100,38.91,73,540,291,831,232.8,45,1,1259,24,4,0,Yéremy Pino,Crystal Palace,984624,7
176,26,1,6.67,480,62,68.13,939,570,1509,91.62,11,28.95,27,34,2,0,0,0,144,4,3,6,1,29,34,0,0,23,21,99,0,5,2.79,2.77,17,0,4.35,0,1,3,37,30,7,1,0,,91,55.83,0,0,2,138,18,21,0,18,1950,0,6,0,0,0,0,0.0,0,0,0,0,233,9,0,6.85,0,1,0,0,0,0,0,0,1950.0,0.0,0,15,8,10,7,22,64.71,0,40,24,60.0,21,54,34,15,102,50.75,91,1040,607,1647,232.8,23,0,2013,29,2,0,Curtis Jones,Liverpool FC,927353,44
177,35,3,6.0,375,37,61.67,534,263,797,74.63,26,29.55,62,37,6,0,0,0,139,13,4,26,7,32,37,0,0,80,23,284,0,2,4.3,6.78,46,1,11.9,0,10,16,48,42,6,7,3,,132,37.29,0,0,3,271,13,47,2,37,3285,3,3,0,0,0,1,0.0,0,0,0,0,619,26,0,6.85,0,8,0,0,0,0,0,0,328.5,25.0,4,49,35,26,32,42,35.59,0,42,23,54.76,47,65,118,50,158,35.75,60,741,327,1068,253.3,84,4,1805,49,7,0,Morgan Rogers,Aston Villa,948261,40
178,47,0,0.0,32,157,31.21,97,621,718,67.04,12,92.31,1,31,0,0,0,0,247,0,0,0,7,37,31,0,0,0,1,2,2,1,0.06,,0,0,0.0,130,0,0,50,39,11,0,0,-5.22,4,80.0,0,21,0,353,0,1,0,31,2790,0,0,0,0,0,0,0.0,2,0,0,0,361,0,19,6.85,0,0,27,62,21,83,2,23,0.0,0.0,0,0,0,0,0,0,0.0,27,1,1,100.0,1,86,0,0,16,88.89,503,382,689,1071,212.2,0,1,1365,3,1,0,Guglielmo Vicario,Tottenham Hotspur,553606,33
179,37,0,0.0,96,58,37.18,270,636,906,82.14,106,57.92,77,29,0,0,0,0,69,3,7,5,6,185,29,0,1,6,6,117,0,3,0.66,2.46,29,0,7.69,66,2,2,34,28,6,2,0,,62,60.78,1,0,0,197,20,15,0,24,2148,3,24,0,0,0,0,0.0,0,0,0,1,221,1,0,6.84,1,1,0,0,0,0,0,0,1074.0,0.0,0,25,1,12,9,3,60.0,0,33,18,54.55,15,89,5,1,168,58.95,156,421,682,1103,198.5,26,3,1493,30,4,0,Daniel Ballard,Sunderland,958878,41
180,15,0,0.0,136,14,50.0,354,364,718,90.09,14,45.16,17,27,0,0,0,0,48,1,3,2,1,18,27,0,0,2,13,46,0,1,0.88,2.0,13,0,9.09,0,1,1,18,16,2,1,0,,61,67.78,0,0,1,79,20,8,1,13,1280,1,6,0,0,0,0,0.0,0,0,0,0,101,7,0,6.84,0,0,0,0,0,0,0,0,1280.0,0.0,0,9,2,7,2,2,40.0,0,37,19,51.35,8,25,5,2,75,61.98,28,396,401,797,184.8,11,0,987,22,4,0,Andrey Santos,Chelsea,1105779,38
181,12,2,66.67,181,33,48.53,448,432,880,87.13,27,55.1,22,25,2,0,0,0,96,2,0,2,4,42,24,0,0,11,18,91,0,2,0.61,0.6,35,0,20.0,0,2,4,28,23,5,1,1,,69,50.0,0,0,0,130,33,7,0,21,1778,1,9,0,0,0,0,0.0,0,0,0,0,176,8,0,6.84,0,2,0,0,0,0,0,0,889.0,0.0,0,4,6,2,6,6,50.0,0,53,23,43.4,7,25,12,3,96,51.34,68,536,474,1010,164.2,10,0,1310,13,8,0,Tyler Adams,Bournemouth,800419,60
182,7,3,18.75,116,10,32.26,172,117,289,81.64,12,44.44,15,12,1,0,0,0,28,3,0,1,3,25,12,0,0,2,8,31,0,0,0.68,0.46,5,0,0.0,0,0,1,6,5,1,0,0,,24,60.0,0,0,0,65,9,8,0,9,713,3,4,0,0,0,0,0.0,0,0,0,0,100,4,0,6.84,0,0,0,0,0,0,0,0,0.0,0.0,0,3,2,3,1,3,75.0,0,15,9,60.0,8,22,4,16,36,53.73,31,224,130,354,82.1,5,0,546,6,0,0,Ben White,Arsenal,846036,42
183,31,0,0.0,71,35,36.08,239,590,829,86.9,79,64.23,44,24,0,0,0,0,45,1,0,5,4,135,22,0,0,4,9,79,1,1,0.27,0.59,21,0,0.0,5,0,0,25,19,6,0,0,,41,53.95,0,0,1,125,25,3,0,17,1507,0,11,0,0,0,0,0.0,0,0,0,0,197,0,0,6.84,0,0,0,0,0,0,0,0,0.0,0.0,0,11,0,4,2,2,66.67,0,27,12,44.44,3,62,3,7,120,60.3,97,321,633,954,150.5,11,1,1305,13,8,0,Kevin Danso,Tottenham Hotspur,794953,33
184,16,35,33.02,296,15,53.57,440,189,629,79.02,15,16.3,77,33,3,0,0,0,91,6,13,14,0,14,33,0,0,29,14,179,0,1,5.04,12.19,23,0,15.07,0,11,14,37,33,4,11,0,,71,41.04,1,0,3,167,8,47,7,31,2621,7,1,0,0,0,0,0.0,0,0,0,1,405,20,0,6.84,0,3,0,0,0,0,0,0,238.27,0.0,0,58,15,27,32,18,33.33,0,25,11,44.0,47,31,54,106,86,32.45,28,576,220,796,225.7,73,2,1326,28,4,0,Bryan Mbeumo,Manchester United,927083,35
185,15,10,23.26,275,13,50.0,478,233,711,89.1,3,37.5,5,28,2,0,0,0,58,4,5,13,2,20,28,0,0,16,6,71,0,1,2.34,4.45,19,0,10.2,0,5,7,18,15,3,5,0,,45,40.54,0,0,1,87,10,18,3,19,1640,4,1,0,1,0,0,0.0,0,0,0,0,199,15,0,6.84,0,2,0,0,0,0,0,0,328.0,0.0,3,29,20,20,16,20,43.48,0,10,4,40.0,17,32,46,43,48,40.34,26,550,248,798,191.5,49,1,1098,15,2,0,Tijjani Reijnders,Manchester City,893549,17
186,26,11,25.58,141,29,59.18,300,288,588,90.05,9,42.86,12,21,0,0,0,0,52,3,2,3,0,12,21,0,0,3,6,40,0,1,1.43,0.53,13,0,9.09,0,1,1,15,11,4,1,0,,43,60.56,0,0,0,65,15,19,0,12,944,0,4,0,0,0,1,0.0,0,0,0,0,128,3,0,6.84,0,1,0,0,0,0,0,0,944.0,0.0,0,4,7,3,5,6,46.15,0,23,13,56.52,19,46,13,43,52,56.52,49,351,302,653,143.6,11,0,852,15,3,0,Douglas Luiz,Aston Villa,867887,40
187,33,20,19.61,324,47,41.96,602,473,1075,85.25,26,44.83,32,30,1,0,0,0,134,5,1,11,3,77,29,0,0,38,16,133,1,2,2.75,1.01,17,0,4.0,0,1,2,39,34,5,0,1,,132,56.65,0,0,2,186,28,25,1,24,2179,0,14,0,0,0,0,0.0,0,0,0,0,406,12,0,6.84,0,0,0,0,0,0,0,0,2179.0,0.0,4,8,17,8,6,37,54.41,0,54,31,57.41,25,73,68,102,158,54.3,112,732,529,1261,198.3,25,0,2021,41,4,0,Lewis Hall,Newcastle United,1136730,39
188,13,0,0.0,119,37,48.68,267,408,675,88.24,37,66.07,19,20,0,0,0,0,54,0,3,0,4,103,19,0,0,5,19,56,1,2,0.34,1.48,12,0,0.0,10,0,0,23,22,1,0,0,,48,56.47,0,0,0,90,12,3,0,14,1347,0,13,0,0,0,1,0.0,0,0,0,0,120,3,0,6.84,0,0,0,0,0,0,0,0,0.0,0.0,0,5,2,6,1,2,50.0,0,39,24,61.54,3,29,4,5,85,60.28,76,317,448,765,129.9,7,3,1031,7,3,0,Jaydee Canvot,Crystal Palace,1471671,7
189,8,0,0.0,97,8,34.78,172,109,281,75.95,28,39.44,43,22,3,0,0,0,57,4,5,6,2,19,22,0,0,17,6,93,0,0,1.46,3.38,22,0,18.18,0,4,7,10,8,2,4,0,,51,50.5,3,0,0,89,10,12,0,10,1035,3,2,0,0,0,0,0.0,0,0,0,0,136,8,0,6.84,0,1,0,0,0,0,0,0,258.75,0.0,0,18,4,8,8,5,41.67,0,26,13,50.0,12,21,12,4,79,45.93,23,248,122,370,150.4,22,1,556,20,1,0,Mikel Merino,Arsenal,592010,42
190,11,1,50.0,120,30,50.0,408,746,1154,92.1,69,66.99,34,25,1,0,0,0,81,1,0,3,3,129,25,0,0,5,4,74,0,1,0.62,0.72,27,0,0.0,2,0,1,24,23,1,0,0,,45,52.94,0,0,1,99,40,3,0,20,1726,1,19,0,0,0,0,0.0,0,0,0,0,123,2,0,6.83,2,0,0,0,0,0,0,0,0.0,0.0,0,8,0,4,1,10,71.43,0,19,10,52.63,3,22,14,2,114,60.64,60,464,789,1253,170.8,8,2,1569,17,5,2,Wesley Fofana,Chelsea,923894,38
191,23,0,0.0,41,143,34.54,113,303,416,59.94,17,94.44,1,23,0,0,0,0,217,0,0,0,4,47,23,1,0,0,0,1,1,2,0.08,,0,0,0.0,173,0,0,37,33,4,0,0,-2.9,5,100.0,0,30,0,278,0,1,0,23,2070,0,0,0,0,0,0,0.0,3,0,0,0,281,0,29,6.83,0,0,16,44,21,65,0,7,0.0,0.0,0,0,0,0,0,0,0.0,15,1,0,0.0,1,45,0,0,22,95.65,414,353,341,694,157.1,0,1,957,6,2,0,José Sá,Wolverhampton,252669,3
192,44,26,19.85,330,56,42.42,614,577,1191,85.5,32,54.24,27,35,3,0,0,0,88,4,0,8,8,84,35,0,0,17,35,129,2,2,2.95,1.19,41,0,10.0,0,3,6,38,34,4,1,2,,105,50.72,0,0,1,202,22,31,1,34,3020,4,14,0,1,0,0,0.0,0,0,0,0,442,3,0,6.83,0,2,0,0,0,0,0,0,1006.67,0.0,0,9,21,12,10,11,55.0,0,66,32,48.48,30,111,20,131,137,51.5,132,752,641,1393,239.0,30,3,2167,30,9,0,Matty Cash,Aston Villa,833956,40
193,30,11,21.57,217,41,46.59,387,309,696,80.18,13,37.14,22,31,0,0,0,0,135,2,0,9,3,41,31,0,0,20,23,136,0,0,1.61,1.13,35,0,4.76,0,1,1,39,33,6,1,0,,128,52.89,0,0,0,172,27,14,0,26,2330,0,11,0,0,0,1,0.0,0,0,0,0,334,10,0,6.83,0,1,0,0,0,0,0,0,2330.0,0.0,0,9,12,8,4,39,52.0,0,69,48,69.57,14,56,75,51,141,50.9,88,508,360,868,211.6,21,0,1468,20,10,0,Álex Jiménez,Bournemouth,1184308,60
194,45,10,25.0,189,59,68.6,541,657,1198,91.38,4,21.05,15,35,0,0,0,0,212,1,0,10,1,50,35,0,0,30,37,143,2,6,0.99,0.52,47,0,6.67,0,1,1,53,47,6,0,1,,144,52.94,0,0,0,113,30,18,1,30,2766,0,13,0,0,0,0,0.0,0,0,0,0,220,10,0,6.83,0,0,0,0,0,0,0,0,2766.0,0.0,1,1,14,4,1,19,55.88,0,82,44,53.66,18,67,34,40,148,50.86,86,614,697,1311,238.9,15,1,1763,43,12,0,André,Wolverhampton,1035996,3
195,8,3,12.5,136,8,36.36,236,102,338,71.31,24,26.97,65,28,1,0,0,0,80,3,11,11,7,28,28,0,0,43,10,146,0,2,1.13,10.91,12,0,18.75,0,9,10,29,28,1,9,0,,71,46.71,1,0,4,136,8,19,2,24,2176,14,4,0,0,3,0,100.0,0,3,0,2,273,9,0,6.83,0,6,0,0,0,0,0,0,241.78,0.0,0,40,8,16,21,11,35.48,0,18,9,50.0,19,25,31,24,95,39.42,22,340,134,474,191.1,48,1,863,42,2,0,Ismaïla Sarr,Crystal Palace,845286,7
196,24,2,33.33,160,23,67.65,326,315,641,92.63,10,76.92,3,24,0,0,0,0,43,0,0,7,0,7,24,0,0,4,7,28,0,0,0.82,1.21,10,0,11.76,0,2,2,10,8,2,0,2,,22,46.81,0,0,0,51,4,11,2,6,805,0,1,0,0,0,0,0.0,0,0,0,0,75,3,0,6.83,0,0,0,0,0,0,0,0,402.5,0.0,0,6,11,8,2,4,50.0,0,7,3,42.86,11,40,8,6,32,53.33,34,365,327,692,163.8,17,0,785,11,3,0,Tom Cairney,Fulham,82566,43
197,8,6,42.86,124,15,62.5,232,224,456,85.23,13,38.24,21,27,1,0,0,0,58,2,1,8,0,17,25,0,0,5,24,70,0,1,0.79,1.47,16,0,5.56,0,1,2,20,18,2,1,0,,73,59.84,1,0,0,79,7,12,0,17,1193,0,5,0,1,0,0,0.0,0,0,0,0,112,9,0,6.82,0,0,0,0,0,0,0,0,1193.0,0.0,0,8,10,5,5,6,50.0,0,56,30,53.57,11,20,12,14,86,55.13,24,281,254,535,170.6,18,0,733,11,3,0,Nicolás Domínguez,Nottingham Forest,871765,14
198,3,0,0.0,55,2,33.33,75,42,117,74.05,20,32.79,41,15,0,0,0,0,34,1,3,6,0,11,15,0,0,13,5,83,0,1,0.35,2.43,12,0,15.0,0,3,3,21,18,3,3,0,,44,51.16,0,0,0,41,3,6,1,11,1000,3,2,0,0,0,0,0.0,0,0,0,0,111,7,0,6.82,0,2,0,0,0,0,0,0,333.33,0.0,0,19,1,3,11,13,50.0,0,22,16,72.73,6,5,26,2,64,43.54,6,107,51,158,102.3,20,1,341,9,1,0,Dominic Solanke,Tottenham Hotspur,361420,33
199,64,3,27.27,114,78,40.0,355,702,1057,81.06,88,57.52,65,33,1,0,0,0,103,1,2,7,9,217,33,0,0,12,8,123,0,5,0.92,1.64,34,0,4.17,8,1,2,40,35,5,1,0,,58,50.0,1,0,3,247,36,9,0,32,2802,5,29,0,0,0,0,0.0,0,0,0,0,299,3,0,6.82,0,0,0,0,0,0,0,0,2802.0,0.0,0,18,6,8,9,17,80.95,0,32,18,56.25,9,162,21,11,146,54.28,195,537,767,1304,225.0,24,1,1782,10,6,0,Omar Alderete,Sunderland,805137,41
200,10,2,10.53,97,13,31.71,189,172,361,81.67,20,62.5,12,24,0,0,0,0,40,0,0,2,1,44,22,0,0,2,10,37,0,0,0.22,1.11,10,0,25.0,0,1,1,13,12,1,1,0,,55,68.75,0,0,0,81,18,4,1,9,1073,2,6,0,0,0,0,0.0,0,0,0,0,144,4,0,6.82,0,0,0,0,0,0,0,0,1073.0,0.0,0,4,0,1,1,2,40.0,0,31,17,54.84,4,24,5,19,75,66.96,41,246,196,442,150.0,4,0,752,22,5,0,Joël Veltman,Brighton & Hove Albion,219572,30
201,9,1,16.67,66,10,58.82,125,55,180,64.98,68,44.74,84,29,0,0,0,0,33,0,10,15,0,37,29,0,0,17,5,160,0,0,0.42,7.87,50,0,20.75,0,11,11,35,32,3,9,2,,46,37.7,3,0,0,97,7,10,3,21,1808,3,5,0,0,2,0,100.0,0,2,0,0,196,3,0,6.82,0,5,0,0,0,0,0,0,164.36,0.0,1,42,11,17,21,4,36.36,0,17,10,58.82,10,20,11,6,114,41.61,17,203,74,277,197.7,53,1,589,26,5,0,Zian Flemming,Burnley,875137,6
202,27,28,36.84,117,28,52.83,279,266,545,88.76,10,45.45,12,18,1,0,0,0,49,8,0,3,1,17,18,0,0,4,10,39,2,0,1.88,0.22,8,0,0.0,0,0,1,27,25,2,0,0,,31,53.45,0,0,0,69,20,23,0,12,1109,0,7,0,0,0,0,0.0,0,0,0,0,140,4,0,6.82,0,0,0,0,0,0,0,0,0.0,0.0,2,0,5,0,2,2,28.57,0,16,7,43.75,23,46,7,76,41,51.25,53,334,280,614,122.7,5,0,829,13,1,0,James Ward-Prowse,Burnley,161717,6
203,3,0,0.0,44,3,50.0,90,45,135,91.22,0,0.0,0,6,1,0,0,0,10,1,0,1,0,4,6,0,0,5,0,6,0,0,0.44,0.16,0,0,0.0,1,0,1,3,3,0,0,0,,6,50.0,0,0,0,13,2,4,0,1,134,0,0,0,0,0,0,0.0,0,0,0,0,21,1,0,6.82,0,0,0,0,0,0,0,0,0.0,0.0,0,0,2,1,0,2,66.67,0,2,1,50.0,4,6,3,0,6,50.0,6,100,48,148,40.9,2,0,178,2,0,0,Mateo Kovačić,Manchester City,136710,17
204,40,3,21.43,157,56,36.36,465,1032,1497,87.75,39,54.17,33,30,0,0,0,0,119,0,0,6,7,99,30,0,0,17,7,94,2,3,0.39,1.72,28,0,7.69,72,1,1,40,34,6,1,0,,112,64.74,1,0,0,209,22,10,0,28,2544,0,21,0,0,0,1,0.0,0,0,0,1,280,2,0,6.81,0,0,0,0,0,0,0,0,2544.0,0.0,0,10,3,5,2,10,50.0,0,62,36,58.06,10,112,20,14,151,61.63,154,606,1100,1706,204.4,13,1,2130,40,5,0,Calvin Bassey,Fulham,861972,43
205,21,4,21.05,260,20,45.45,541,389,930,87.32,13,52.0,12,25,3,0,0,0,114,2,0,11,4,24,25,0,1,9,19,74,0,2,1.77,2.0,21,0,6.9,0,2,5,26,24,2,2,0,,81,56.64,0,0,2,135,28,13,0,25,2101,0,7,0,0,0,0,0.0,0,0,0,0,205,4,0,6.81,1,2,0,0,0,0,0,0,1050.5,0.0,0,10,19,11,7,7,33.33,0,43,20,46.51,13,36,21,19,94,55.95,44,631,434,1065,170.3,29,0,1364,31,1,0,Idrissa Gana Gueye,Everton,106337,48
206,53,0,0.0,20,108,39.42,59,585,644,79.02,6,85.71,1,26,0,0,0,0,229,0,0,0,8,37,26,0,0,0,1,3,0,3,0.04,,1,0,0.0,58,0,0,31,27,4,0,0,-2.7,5,71.43,0,16,0,171,0,0,0,26,2340,0,0,0,0,0,1,0.0,2,0,0,0,179,0,21,6.81,0,0,14,34,20,57,0,9,0.0,0.0,0,0,0,0,0,0,0.0,14,0,0,0.0,0,94,0,0,11,78.57,274,185,630,815,177.1,0,0,1064,7,1,0,Alisson,Liverpool FC,243609,44
207,28,23,21.3,400,44,47.31,669,501,1170,85.59,32,50.0,32,37,0,0,0,0,130,2,3,6,10,81,37,0,0,18,37,116,0,0,3.33,2.03,22,0,3.57,0,1,1,41,35,6,1,0,,104,55.32,0,0,2,197,26,22,0,34,3134,7,7,0,1,0,0,0.0,0,0,0,0,394,12,0,6.81,0,1,0,0,0,0,0,0,3134.0,0.0,0,14,14,9,13,12,54.55,0,57,39,68.42,21,56,22,108,136,53.97,93,801,566,1367,252.0,28,2,2065,36,6,0,Ferdi Kadıoğlu,Brighton & Hove Albion,825844,30
208,45,0,0.0,122,84,41.38,391,942,1333,86.61,89,69.53,39,38,0,0,0,0,108,1,2,2,9,218,38,0,0,2,10,71,2,1,0.72,0.84,21,0,0.0,5,0,0,51,42,9,0,0,,54,62.79,0,0,0,206,29,3,0,37,3375,1,36,1,0,0,0,0.0,0,0,0,0,224,0,0,6.81,0,0,0,0,0,0,0,0,0.0,0.0,0,13,3,13,1,3,100.0,0,31,17,54.84,3,92,3,2,143,66.82,203,533,1006,1539,258.8,16,2,1980,20,6,0,Nikola Milenković,Nottingham Forest,836168,14
209,12,1,9.09,120,16,64.0,222,133,355,76.02,8,26.67,22,33,0,0,0,0,61,3,3,19,0,33,32,0,0,20,8,98,0,1,1.53,8.35,27,0,25.0,0,13,13,21,19,2,11,2,,36,32.14,1,0,1,112,9,22,2,21,1690,6,0,0,0,2,0,100.0,0,2,0,0,208,20,0,6.81,0,10,0,0,0,0,0,0,130.0,0.0,0,33,19,11,22,15,40.54,0,9,6,66.67,22,21,37,11,44,30.99,25,307,160,467,217.9,52,1,742,12,5,0,Eli Junior Kroupi,Bournemouth,1426228,60
210,0,2,66.67,24,0,0.0,38,27,65,80.25,9,24.32,28,24,0,0,0,0,23,0,4,7,1,0,22,0,0,13,3,73,0,0,0.62,4.29,24,0,30.43,0,7,7,14,12,2,6,1,,30,40.0,1,0,1,16,1,6,4,8,863,2,1,0,0,0,0,0.0,0,0,0,0,68,5,0,6.81,0,2,0,0,0,0,0,0,123.29,0.0,1,18,5,4,12,8,50.0,0,6,5,83.33,6,1,16,3,39,34.82,2,50,31,81,149.8,23,1,223,16,0,0,William Osula,Newcastle United,1122603,39
211,29,22,21.15,235,39,26.71,422,387,809,73.08,26,38.81,41,38,2,0,0,0,187,4,3,5,12,100,38,0,0,26,21,136,0,2,2.52,1.61,23,0,5.26,0,1,3,47,43,4,1,0,,144,60.25,0,0,1,298,34,29,0,36,3253,5,12,0,0,0,0,0.0,0,0,0,0,521,6,0,6.81,0,1,0,0,0,0,0,0,3253.0,0.0,0,13,6,7,7,15,34.88,0,101,63,62.38,29,77,43,104,170,55.56,146,609,498,1107,258.6,19,1,2025,28,6,0,Tyrick Mitchell,Crystal Palace,988275,7
212,15,8,17.39,229,12,63.16,354,119,473,82.4,15,41.67,21,25,1,0,0,0,62,4,8,8,1,17,25,0,0,23,17,123,0,2,2.84,4.06,31,0,9.38,0,3,4,20,16,4,2,1,,67,39.64,1,0,2,101,9,31,1,19,1721,4,1,0,1,0,0,0.0,0,0,0,0,249,11,0,6.8,0,1,0,0,0,0,0,0,573.67,0.0,0,24,8,11,13,28,44.44,0,18,12,66.67,30,25,63,46,82,40.0,19,430,144,574,170.1,32,0,925,21,5,0,Kaoru Mitoma,Brighton & Hove Albion,936849,30
213,15,2,22.22,119,26,48.15,286,354,640,86.14,12,46.15,14,28,0,0,0,0,71,1,1,4,3,47,28,0,0,3,12,49,0,2,0.83,1.15,15,0,0.0,1,0,0,23,19,4,0,0,,51,59.3,0,0,1,103,19,8,0,17,1702,1,10,0,0,0,0,0.0,0,0,0,0,153,5,0,6.8,0,0,0,0,0,0,0,0,0.0,0.0,0,4,7,4,3,7,58.33,0,37,21,56.76,8,29,12,9,63,56.25,54,349,394,743,190.5,11,0,1008,7,2,0,Lutsharel Geertruida,Sunderland,856739,41
214,67,17,34.69,203,71,37.37,417,485,902,77.89,13,41.94,18,32,3,0,0,0,98,8,0,2,3,34,32,0,0,6,9,51,0,0,2.45,0.33,13,0,16.67,0,1,4,28,25,3,1,0,,35,51.47,0,0,0,256,17,19,0,22,1929,1,7,0,0,0,0,0.0,0,0,0,0,318,6,0,6.8,0,1,0,0,0,0,0,0,1929.0,0.0,0,2,4,3,1,3,37.5,0,27,13,48.15,19,167,8,49,48,48.48,190,621,537,1158,217.7,6,0,1382,7,6,0,Jordan Henderson,Brentford,42694,50
215,18,19,16.67,424,30,38.96,681,262,943,83.6,24,38.71,38,34,4,0,0,0,150,9,8,19,4,39,34,0,0,44,21,181,0,0,4.64,9.06,30,1,10.0,0,7,11,44,37,7,5,2,,114,44.36,0,0,4,185,17,55,6,31,2738,4,6,0,1,2,0,100.0,0,2,0,0,464,26,0,6.8,0,1,0,0,0,0,0,0,391.14,14.29,7,31,39,27,24,39,43.82,0,40,22,55.0,54,42,89,114,138,43.26,77,830,298,1128,231.2,70,0,1789,35,6,0,Marcus Tavernier,Bournemouth,895576,60
216,5,3,75.0,8,3,75.0,18,22,40,93.02,1,33.33,2,7,0,0,0,0,5,0,0,1,0,1,7,0,0,0,3,7,0,0,0.46,0.13,2,0,50.0,0,1,1,4,4,0,0,1,,1,16.67,0,0,0,3,0,3,0,1,126,0,0,0,0,0,0,0.0,0,0,0,0,6,1,0,6.8,0,1,0,0,0,0,0,0,126.0,0.0,0,0,2,0,1,0,0.0,0,0,0,0.0,3,6,0,4,2,22.22,4,21,22,43,47.6,2,0,54,1,0,0,Harrison Reed,Fulham,365802,43
217,14,0,0.0,21,127,30.68,95,157,252,46.67,5,71.43,2,20,1,0,0,0,142,0,0,0,0,29,20,0,0,0,0,3,2,1,0.03,,1,0,0.0,164,0,1,37,34,3,0,0,-1.34,1,50.0,0,15,0,288,1,1,0,20,1800,0,0,0,0,0,1,0.0,6,0,0,0,294,0,21,6.8,0,0,0,51,21,77,0,19,0.0,0.0,0,0,0,0,0,0,0.0,0,0,0,0.0,1,29,0,0,6,66.67,414,349,191,540,136.0,0,1,762,1,0,0,Alphonse Aréola,West Ham United,96531,37
218,21,6,17.65,95,27,47.37,250,195,445,83.65,20,60.61,13,22,1,0,0,0,38,2,0,2,0,31,22,0,0,5,8,46,0,0,1.07,0.21,15,0,0.0,0,0,1,25,21,4,0,0,,45,57.69,0,0,0,87,17,8,0,12,1167,0,3,0,0,0,0,0.0,0,0,0,0,137,0,0,6.8,0,0,0,0,0,0,0,0,0.0,0.0,0,3,0,0,1,2,25.0,0,29,17,58.62,8,46,8,34,65,58.56,57,307,225,532,149.6,3,0,728,14,1,0,Freddie Potts,West Ham United,1089582,37
219,0,0,0.0,0,0,0.0,1,0,1,20.0,2,100.0,0,1,0,0,0,0,0,0,0,0,0,0,1,0,0,0,0,0,0,0,0.0,,0,0,0.0,0,0,0,0,0,0,0,0,,1,100.0,0,0,0,4,1,0,0,0,16,1,0,0,0,0,0,0.0,0,0,0,0,4,0,0,6.8,0,0,0,0,0,0,0,0,0.0,0.0,0,0,0,0,0,0,0.0,0,1,0,0.0,0,0,0,0,3,100.0,2,5,0,5,6.8,0,0,9,0,0,0,Jerome Abbey,Wolverhampton,2263877,3
220,1,0,0.0,5,0,0.0,12,9,21,84.0,1,100.0,0,3,0,0,0,0,1,0,0,0,0,1,3,0,0,2,2,7,0,0,0.01,,3,0,0.0,0,0,0,1,1,0,0,0,,9,56.25,0,0,0,4,0,0,0,0,34,0,0,0,0,0,0,0.0,0,0,0,0,7,0,0,6.8,0,0,0,0,0,0,0,0,0.0,0.0,0,0,0,0,0,2,100.0,0,6,3,50.0,0,1,2,0,10,58.82,0,15,10,25,20.4,0,0,39,1,2,0,Dário Essugo,Chelsea,1110006,38
221,13,3,75.0,110,7,28.0,223,217,440,88.71,18,60.0,12,18,0,0,0,0,17,2,1,2,3,31,14,0,0,0,2,18,0,1,0.53,0.72,3,0,0.0,14,0,0,9,8,1,0,0,,16,72.73,0,0,0,56,5,7,0,6,703,1,1,0,0,0,0,0.0,0,0,0,0,68,1,0,6.8,0,0,0,0,0,0,0,0,0.0,0.0,0,6,0,3,1,0,0.0,0,8,5,62.5,7,24,1,4,34,65.38,25,262,234,496,95.2,6,1,608,8,1,0,Nathan Aké,Manchester City,149663,17
222,6,0,0.0,19,8,30.77,47,113,160,84.21,11,40.74,16,7,0,0,0,0,13,0,1,0,1,25,5,0,0,1,2,19,0,0,0.2,0.15,0,0,0.0,0,0,0,6,3,3,0,0,,6,66.67,0,0,0,30,4,1,0,4,375,0,5,0,0,0,0,0.0,0,0,0,0,34,0,0,6.8,0,0,0,0,0,0,0,0,0.0,0.0,0,1,0,1,0,1,100.0,0,5,4,80.0,1,17,1,0,17,47.22,26,70,120,190,34.0,1,0,248,0,0,0,Veljko Milosavljević,Bournemouth,1406130,60
223,1,2,66.67,3,1,33.33,14,11,25,75.76,0,0.0,0,1,0,0,0,0,4,2,0,0,0,2,1,0,0,1,3,6,0,0,0.16,0.02,0,0,0.0,0,0,0,2,2,0,0,0,,4,40.0,0,0,0,8,0,2,0,1,90,0,0,0,0,0,0,0.0,0,0,0,0,18,0,0,6.8,0,0,0,0,0,0,0,0,0.0,0.0,0,1,0,1,0,2,50.0,0,1,1,100.0,2,5,4,3,4,40.0,3,22,11,33,6.8,1,0,58,1,0,0,Rio Cardines,Crystal Palace,1469007,7
224,39,0,0.0,171,71,46.41,516,1111,1627,88.47,110,55.84,87,34,1,0,0,0,118,2,4,8,6,207,34,0,0,8,17,139,0,0,0.78,3.02,27,0,0.0,70,0,1,48,41,7,0,0,,64,55.17,0,0,0,212,31,12,0,33,2937,5,19,0,0,0,0,0.0,0,0,0,0,249,1,0,6.79,0,0,0,0,0,0,0,0,0.0,0.0,0,30,1,18,5,4,66.67,0,39,23,58.97,12,97,6,2,174,55.59,153,652,1187,1839,231.0,31,0,2295,22,5,0,Pascal Struijk,Leeds United,836675,34
225,15,2,20.0,209,22,64.71,396,298,694,82.72,63,57.27,47,27,1,0,0,0,120,3,1,9,3,40,27,0,0,26,20,147,0,2,1.35,2.39,47,0,6.25,0,2,3,27,23,4,2,0,,86,46.24,1,0,1,145,30,17,1,23,1953,1,3,0,0,0,0,0.0,0,0,0,0,225,11,0,6.79,0,0,0,0,0,0,0,0,976.5,0.0,0,23,9,12,11,16,53.33,0,43,24,55.81,17,22,30,10,149,50.34,34,493,346,839,183.4,32,1,1198,27,10,0,Joelinton,Newcastle United,560128,39
226,6,4,28.57,164,2,25.0,263,81,344,85.79,6,46.15,7,23,1,0,0,0,42,1,1,4,1,3,23,0,0,23,7,63,0,1,2.11,1.48,9,0,0.0,0,0,1,13,11,2,0,0,,65,53.72,0,0,0,57,9,22,0,11,1050,0,0,0,0,0,0,0.0,0,0,0,0,136,8,0,6.79,0,0,0,0,0,0,0,0,0.0,0.0,0,12,0,5,3,27,60.0,0,21,12,57.14,22,12,45,14,71,52.99,8,306,95,401,156.2,12,0,629,17,1,0,Oscar Bobb,Fulham,1065216,43
227,23,12,26.67,169,24,43.64,334,217,551,81.27,17,41.46,24,31,0,0,0,0,66,1,1,7,2,28,30,0,0,14,15,81,0,1,1.89,1.09,23,0,0.0,1,0,0,18,17,1,0,0,,62,52.1,0,0,0,127,15,21,0,19,1577,0,8,0,0,0,1,0.0,0,0,0,0,194,0,0,6.79,0,0,0,0,0,0,0,0,0.0,0.0,0,10,7,10,0,11,61.11,0,27,15,55.56,21,53,18,45,79,49.38,55,426,252,678,203.7,17,0,946,25,7,0,Will Hughes,Crystal Palace,193554,7
228,32,34,23.78,368,38,31.67,701,601,1302,83.46,44,44.9,54,38,5,0,0,0,188,4,1,5,11,143,38,0,0,24,30,187,1,2,2.98,1.36,39,0,6.25,0,1,6,51,43,8,1,0,,168,55.81,0,0,0,258,48,32,1,38,3380,0,10,0,0,0,0,0.0,0,0,0,0,506,8,0,6.79,0,0,0,0,0,0,0,0,3380.0,0.0,0,7,9,5,6,33,45.21,0,103,52,50.49,32,75,73,143,212,53.13,120,875,685,1560,258.0,16,1,2597,32,5,0,Adrien Truffert,Bournemouth,999028,60
229,13,2,25.0,154,20,57.14,295,243,538,84.99,27,41.54,38,26,4,0,0,0,77,3,1,7,3,47,25,0,0,18,11,102,0,2,1.1,1.72,29,0,11.76,0,2,6,23,21,2,2,0,,59,47.97,2,0,0,95,18,11,0,13,1399,3,10,0,0,0,0,0.0,0,0,0,0,151,5,0,6.79,0,0,0,0,0,0,0,0,699.5,0.0,0,9,8,4,6,13,59.09,0,33,21,63.64,11,24,22,8,86,45.74,35,359,274,633,169.7,17,1,908,13,3,0,Pape Matar Sarr,Tottenham Hotspur,1002711,33
230,3,8,13.56,204,13,100.0,295,118,413,87.32,3,18.75,13,24,4,0,0,0,45,6,7,10,1,6,24,0,0,12,9,68,0,0,3.68,3.45,9,0,3.03,0,1,5,20,19,1,1,0,,52,48.6,0,0,2,60,4,29,1,14,1283,2,0,0,0,0,0,0.0,0,0,0,0,193,9,0,6.79,0,0,0,0,0,0,0,0,1283.0,0.0,0,24,9,16,7,14,35.9,0,15,12,80.0,29,5,39,59,55,44.72,13,345,128,473,162.9,33,1,745,23,2,0,Alejandro Garnacho,Chelsea,1135873,38
231,26,5,20.83,144,40,58.82,358,471,829,86.09,9,34.62,17,29,3,0,0,0,124,2,0,11,6,24,29,0,0,19,24,113,0,4,1.14,2.71,24,0,7.32,0,3,6,24,17,7,2,1,,93,49.21,0,0,1,134,26,16,0,20,1941,0,4,0,1,0,0,0.0,0,0,0,0,240,14,0,6.78,0,3,0,0,0,0,0,0,647.0,0.0,2,15,26,20,10,18,37.5,0,47,24,51.06,15,49,48,24,102,47.44,68,444,519,963,196.7,41,1,1322,28,1,0,Yasin Ayari,Brighton & Hove Albion,1036269,30
232,33,0,0.0,39,150,31.12,115,333,448,57.14,5,83.33,1,31,0,0,0,0,198,0,0,0,7,26,31,0,0,0,2,3,2,1,0.09,,0,0,0.0,197,0,0,39,32,7,0,0,0.04,6,75.0,0,14,0,336,0,1,0,30,2667,0,0,0,0,0,0,0.0,5,0,1,0,342,0,12,6.78,0,0,16,63,32,95,1,27,0.0,0.0,0,0,0,0,0,0,0.0,16,1,1,100.0,1,77,0,0,11,78.57,482,398,386,784,210.2,0,1,1038,5,2,0,Matz Sels,Nottingham Forest,78152,14
233,21,5,20.0,117,26,56.52,224,116,340,79.44,9,30.0,21,26,1,0,0,0,44,2,0,6,0,20,26,0,0,20,3,76,3,0,1.12,0.99,20,0,4.76,0,1,2,30,24,6,1,0,,86,60.99,0,0,0,88,10,14,0,15,1251,0,3,0,1,0,0,0.0,0,0,0,0,175,5,0,6.78,0,1,0,0,0,0,0,0,1251.0,0.0,2,5,16,8,7,18,60.0,0,28,15,53.57,13,36,30,25,95,55.56,46,288,140,428,176.2,21,0,711,41,5,0,Jean-Ricner Bellegarde,Wolverhampton,845273,3
234,10,9,25.0,206,20,58.82,331,249,580,88.82,9,50.0,9,17,1,0,0,0,81,1,0,2,5,39,17,0,0,9,8,50,0,0,0.95,0.14,7,0,0.0,0,0,1,14,13,1,0,0,,52,55.91,0,0,0,73,6,11,0,14,1328,2,2,0,1,0,0,0.0,0,0,0,0,188,5,0,6.78,0,0,0,0,0,0,0,0,0.0,0.0,0,1,2,1,0,14,43.75,0,22,15,68.18,10,15,32,36,61,54.95,34,381,272,653,115.2,3,0,1007,16,1,0,Tino Livramento,Newcastle United,980634,39
235,23,4,19.05,227,38,46.34,499,445,944,85.35,11,36.67,19,33,1,0,0,0,114,0,1,9,8,44,33,0,0,25,17,107,0,2,1.44,1.46,32,0,0.0,0,0,1,42,34,8,0,0,,112,56.0,0,0,0,162,34,19,0,33,2894,2,11,0,0,0,0,0.0,0,0,0,0,274,16,0,6.78,0,0,0,0,0,0,0,0,0.0,0.0,0,12,6,4,5,27,61.36,0,46,24,52.17,19,52,44,21,123,53.48,82,616,490,1106,223.6,18,0,1550,40,9,0,Noah Sadiki,Sunderland,1171539,41
236,16,14,17.5,237,29,47.54,423,294,717,79.93,12,32.43,25,37,2,0,0,0,141,6,3,13,2,27,37,0,0,41,29,188,0,3,2.87,5.13,28,0,14.55,0,8,10,59,55,4,8,0,,122,42.81,0,0,2,180,15,37,5,32,2743,9,7,0,0,0,1,0.0,0,0,0,1,461,24,0,6.78,0,3,0,0,0,0,0,0,342.88,0.0,0,39,16,19,23,36,35.64,0,42,22,52.38,37,41,101,80,134,41.61,61,546,351,897,250.7,55,1,1541,47,4,0,Jaidon Anthony,Burnley,1020680,6
237,12,12,27.27,125,20,74.07,190,69,259,76.4,8,36.36,14,26,1,0,0,0,48,1,1,6,0,8,26,0,0,23,18,113,0,0,1.48,1.2,14,0,4.0,0,1,2,15,14,1,0,1,,82,45.3,0,0,1,80,9,14,0,9,1037,3,0,0,0,0,0,0.0,0,0,0,1,218,7,0,6.77,0,1,0,0,0,0,0,0,1037.0,0.0,1,11,14,9,10,44,50.0,0,21,11,52.38,14,18,88,44,90,44.33,27,254,85,339,176.1,25,0,669,17,1,0,Kevin,Fulham,1112879,43
238,23,0,0.0,29,82,25.15,63,282,345,58.18,10,100.0,0,18,1,0,0,0,167,0,0,0,7,20,18,0,0,0,0,0,3,1,0.03,,0,0,0.0,87,0,1,28,26,2,0,0,-5.11,1,100.0,0,20,0,248,0,2,0,18,1620,0,0,0,0,0,0,0.0,1,0,0,0,253,0,12,6.77,0,0,13,33,20,55,2,7,0.0,0.0,0,0,0,0,0,0,0.0,13,0,0,0.0,2,48,0,0,11,100.0,326,280,313,593,121.9,0,1,804,2,0,0,Mads Hermansen,West Ham United,856640,37
239,40,11,34.38,288,39,54.17,642,603,1245,85.57,27,50.0,27,35,1,0,0,0,194,2,0,6,2,45,35,0,0,55,49,222,1,2,2.08,1.28,69,0,5.26,0,1,2,56,50,6,1,0,,199,50.51,0,0,0,210,36,16,0,32,2843,1,6,0,0,0,0,0.0,0,0,0,0,364,12,0,6.77,0,1,0,0,0,0,0,0,2843.0,0.0,3,9,10,6,7,43,64.18,0,107,68,63.55,16,78,67,32,226,50.45,72,787,668,1455,237.0,19,1,2050,49,10,0,João Gomes,Wolverhampton,1015267,3
240,0,1,16.67,26,1,100.0,39,7,46,88.46,0,0.0,2,6,0,0,0,0,13,0,0,1,0,0,6,0,0,7,3,25,0,0,0.32,1.18,2,0,16.67,0,1,1,1,1,0,1,0,,15,39.47,0,0,0,6,1,4,1,1,162,0,0,0,0,0,0,0.0,0,0,0,1,36,1,0,6.77,0,0,0,0,0,0,0,0,162.0,0.0,0,5,1,4,1,6,35.29,0,2,2,100.0,4,1,17,6,15,37.5,1,45,7,52,40.6,6,0,115,7,0,0,Max Dowman,Arsenal,1917626,42
241,11,15,20.0,244,8,50.0,359,113,472,80.68,7,30.43,16,37,1,0,0,0,67,4,9,19,3,16,36,0,0,24,14,100,0,1,2.75,7.07,17,0,12.07,0,7,8,31,25,6,6,1,,49,36.84,0,0,1,113,3,24,3,19,1961,3,1,0,1,0,0,0.0,0,0,0,0,281,11,0,6.76,0,4,0,0,0,0,0,0,280.14,0.0,0,39,19,18,21,13,28.89,0,13,5,38.46,23,24,45,75,56,35.9,16,456,129,585,243.5,58,2,945,23,1,0,Harvey Barnes,Newcastle United,855647,39
242,33,13,15.12,222,42,42.0,434,356,790,75.38,65,48.87,68,38,1,0,0,0,102,1,4,12,8,99,38,0,0,9,31,153,0,3,2.01,2.15,31,0,5.88,0,2,3,42,35,7,2,0,,110,56.41,0,0,3,258,25,29,0,34,3037,1,12,1,0,0,1,0.0,0,0,0,0,443,12,0,6.76,0,2,0,0,0,0,0,0,1518.5,0.0,0,18,16,15,7,5,26.32,0,67,47,70.15,29,67,19,86,175,53.35,100,624,424,1048,257.0,34,1,1723,39,9,0,Trai Hume,Sunderland,989034,41
243,9,5,22.73,145,7,38.89,248,109,357,67.74,87,50.29,86,35,3,0,0,1,94,7,15,12,5,31,35,0,1,45,9,241,0,0,2.08,12.18,50,0,14.04,0,8,11,34,31,3,8,0,,103,39.92,3,0,4,170,18,29,1,32,2757,10,3,0,1,1,0,0.0,0,0,0,2,388,10,0,6.76,1,4,0,0,0,0,0,0,344.63,0.0,0,56,1,21,24,20,26.67,0,41,24,58.54,28,23,75,22,190,44.08,18,385,142,527,236.7,57,1,1088,43,6,0,Kevin Schade,Brentford,1006387,50
244,24,2,33.33,76,56,45.53,288,650,938,86.45,48,51.06,46,29,1,0,0,0,68,1,1,2,4,116,29,0,0,5,11,93,0,1,1.45,2.28,30,0,30.0,2,3,4,47,42,5,3,0,,61,56.48,1,0,0,147,27,10,0,28,2553,2,21,0,0,0,0,0.0,0,0,0,1,175,0,0,6.76,0,2,0,0,0,0,0,0,851.0,0.0,0,10,0,1,7,0,0.0,0,50,28,56.0,10,61,2,6,109,53.96,123,385,700,1085,196.1,10,1,1435,11,4,0,Santiago Bueno,Wolverhampton,846308,3
245,26,33,31.13,179,12,21.43,323,268,591,80.85,35,57.38,26,31,6,0,0,0,63,4,0,6,5,61,31,0,0,11,12,70,2,2,3.26,0.72,14,0,0.0,0,0,6,23,19,4,0,0,,52,54.17,0,0,1,140,15,26,0,21,1866,3,4,0,0,0,0,0.0,0,0,0,0,292,1,0,6.76,0,0,0,0,0,0,0,0,0.0,0.0,5,5,9,3,5,4,36.36,0,36,28,77.78,26,55,11,106,87,55.41,56,407,324,731,209.6,14,0,1226,12,3,0,Lucas Digne,Aston Villa,96538,40
246,14,0,0.0,5,18,31.58,8,122,130,76.02,2,100.0,0,5,0,0,0,0,34,0,0,0,0,2,5,0,0,1,0,1,0,0,0.0,,0,0,0.0,15,0,0,5,4,1,0,0,-0.93,1,50.0,0,4,0,41,1,0,0,3,378,0,0,0,0,0,0,0.0,0,0,0,0,42,0,1,6.76,0,0,5,6,2,8,0,3,0.0,0.0,0,0,0,0,0,1,100.0,5,0,0,0.0,0,21,1,0,3,75.0,57,43,128,171,33.8,0,0,212,0,0,0,Filip Jørgensen,Chelsea,962053,38
247,8,5,31.25,107,5,55.56,160,58,218,80.74,3,17.65,14,22,2,0,0,0,36,4,2,11,0,5,21,0,0,20,11,97,0,0,2.2,2.92,12,0,7.14,0,2,4,11,9,2,2,0,,49,37.12,0,0,2,52,4,16,1,12,852,6,0,0,0,0,0,0.0,0,0,0,1,153,5,0,6.76,0,1,0,0,0,0,0,0,426.0,0.0,0,23,5,9,8,29,41.43,0,11,5,45.45,16,14,70,16,52,34.9,9,201,69,270,141.9,28,0,492,9,4,0,Estêvão,Chelsea,1597265,38
248,8,2,5.0,129,2,20.0,200,119,319,77.24,30,52.63,27,31,1,0,0,0,61,1,4,6,0,17,30,0,0,9,7,84,0,0,1.62,2.6,29,0,15.0,0,3,4,17,16,1,3,0,,66,53.66,1,0,1,94,7,16,2,10,1106,5,2,0,0,0,0,0.0,0,0,0,1,179,5,0,6.76,0,0,0,0,0,0,0,0,368.67,0.0,1,13,7,5,9,8,36.36,0,36,16,44.44,16,13,22,40,96,53.33,10,275,138,413,202.7,20,1,675,22,2,0,Amine Adli,Bournemouth,991478,60
249,41,1,100.0,126,88,35.63,408,1049,1457,83.11,89,54.94,73,35,2,0,0,0,139,5,4,4,9,209,35,0,0,10,9,114,1,3,1.62,2.28,20,0,5.0,65,1,3,44,40,4,1,0,,55,57.29,1,0,1,296,37,11,0,32,2972,2,41,1,0,0,1,0.0,0,0,0,1,333,1,0,6.75,0,0,0,0,0,0,0,0,2972.0,0.0,0,19,1,10,6,7,70.0,0,31,14,45.16,11,101,10,1,144,55.81,247,623,1130,1753,236.4,20,1,2245,17,7,0,Nathan Collins,Brentford,958916,50
250,3,7,17.5,157,5,31.25,247,62,309,82.84,0,0.0,4,24,1,0,0,0,39,0,6,3,2,6,23,0,0,9,2,60,0,0,1.62,2.33,9,0,5.0,0,1,2,7,6,1,1,0,,41,42.27,0,0,0,64,5,9,1,7,846,4,0,0,0,0,0,0.0,0,0,0,1,171,4,0,6.75,0,0,0,0,0,0,0,0,846.0,0.0,0,20,0,6,11,17,32.08,0,9,5,55.56,9,15,53,40,41,40.59,16,304,69,373,155.3,20,0,598,15,2,0,Sávio,Manchester City,1046795,17
251,11,0,0.0,108,9,52.94,240,159,399,81.43,22,57.89,16,29,2,0,0,0,78,3,0,4,3,9,27,0,0,28,7,104,1,2,0.71,0.6,29,0,0.0,0,0,2,18,17,1,0,0,,103,53.93,0,0,0,91,22,8,0,17,1505,0,12,0,0,0,0,0.0,0,0,0,1,173,4,0,6.75,0,0,0,0,0,0,0,0,0.0,0.0,0,6,6,7,1,15,37.5,0,68,45,66.18,8,21,40,3,125,54.59,17,308,182,490,182.3,12,0,794,20,9,0,Tim Iroegbunam,Everton,1085950,48
252,6,0,0.0,64,4,66.67,132,79,211,68.95,64,52.89,57,30,1,0,0,0,38,0,12,10,1,15,30,0,0,30,3,124,0,0,0.28,9.2,17,0,18.03,0,11,12,29,24,5,11,0,,21,23.86,1,0,3,95,3,9,1,17,1635,7,2,0,0,0,0,0.0,0,0,0,0,190,6,0,6.75,0,8,0,0,0,0,0,0,148.64,0.0,0,55,6,17,34,10,33.33,0,5,3,60.0,9,11,30,2,85,40.67,6,209,97,306,202.5,61,1,556,6,2,0,Benjamin Šeško,Manchester United,986397,35
253,18,0,0.0,37,30,42.25,125,365,490,86.57,18,58.06,13,14,0,0,0,0,32,0,1,1,6,49,14,0,0,3,1,22,0,0,0.05,1.02,5,0,0.0,44,0,0,17,15,2,0,0,,20,68.97,0,0,0,76,13,1,0,14,1255,1,12,1,0,0,0,0.0,0,0,0,0,89,1,0,6.75,0,0,0,0,0,0,0,0,0.0,0.0,0,4,1,1,3,2,100.0,0,14,10,71.43,1,45,2,0,38,63.33,71,185,381,566,94.5,5,0,711,4,1,0,Axel Disasi,West Ham United,827243,37
254,21,0,0.0,159,34,45.33,336,362,698,77.73,68,55.74,54,35,0,0,0,0,66,1,4,5,6,83,35,0,1,8,24,127,0,0,0.53,5.68,37,0,19.23,0,5,5,41,39,2,5,0,,68,48.23,1,0,1,200,16,11,1,24,2215,5,15,0,0,0,0,0.0,0,0,0,0,262,3,0,6.75,1,2,0,0,0,0,0,0,443.0,0.0,0,23,3,7,14,4,36.36,0,43,24,55.81,11,54,11,14,136,51.71,75,485,413,898,236.2,26,1,1230,22,3,0,Tomáš Souček,West Ham United,799041,37
255,7,5,45.45,67,11,61.11,128,68,196,62.22,67,40.61,98,32,0,0,0,0,57,2,20,7,5,46,32,0,0,41,9,182,0,1,1.31,14.51,21,0,19.05,0,12,12,29,27,2,12,0,,43,33.86,5,0,1,119,6,9,3,25,2222,18,6,0,0,4,0,100.0,0,4,0,1,254,13,0,6.75,0,4,0,0,0,0,0,0,185.17,0.0,0,53,10,24,32,14,45.16,0,10,5,50.0,9,13,31,11,110,37.67,18,234,81,315,215.9,63,2,684,19,2,0,Jean-Philippe Mateta,Crystal Palace,848276,7
256,46,8,26.67,223,67,47.52,524,612,1136,84.34,32,55.17,26,37,2,0,0,0,187,1,0,4,6,41,37,0,0,23,40,153,0,1,1.39,1.2,37,0,6.25,0,1,3,42,40,2,1,0,,97,43.3,0,0,1,211,28,15,0,30,2675,1,14,0,1,0,0,0.0,0,0,0,0,328,14,0,6.75,0,1,0,0,0,0,0,0,2675.0,0.0,0,7,9,8,4,15,35.71,0,70,45,64.29,14,103,42,30,129,45.74,141,686,661,1347,249.6,16,0,1782,12,7,0,Yehor Yarmoliuk,Brentford,1031258,50
257,5,1,7.69,61,3,37.5,96,47,143,79.44,6,33.33,12,12,0,0,0,0,18,2,0,4,0,6,11,0,0,9,7,44,0,0,0.24,0.52,11,0,7.69,0,1,1,9,7,2,1,0,,36,52.94,0,0,0,37,2,8,1,9,638,1,3,0,0,0,0,0.0,0,0,0,0,91,3,0,6.75,0,0,0,0,0,0,0,0,638.0,0.0,0,9,4,3,6,14,63.64,0,11,4,36.36,8,8,22,13,42,48.84,8,124,56,180,74.2,13,0,318,11,1,0,Bertrand Traoré,Sunderland,218160,41
258,6,1,100.0,9,11,55.0,34,87,121,82.88,11,40.74,16,12,0,0,0,0,13,0,0,0,0,30,7,0,0,1,3,28,0,0,0.02,0.2,7,0,0.0,3,0,0,5,4,1,0,0,,9,42.86,0,0,0,25,5,0,0,5,439,1,6,0,0,0,0,0.0,0,0,0,0,32,0,0,6.74,0,0,0,0,0,0,0,0,0.0,0.0,0,1,0,1,0,1,50.0,0,8,4,50.0,0,9,2,1,20,41.67,20,49,97,146,47.2,1,0,224,0,1,0,Sebastiaan Bornauw,Leeds United,826167,34
259,17,6,28.57,166,17,41.46,335,252,587,77.95,55,59.78,37,32,1,0,0,0,112,4,7,11,0,28,32,0,0,29,29,163,0,2,1.71,6.29,48,0,11.9,0,5,6,29,27,2,5,0,,107,45.92,0,0,1,166,18,21,1,26,2136,1,3,0,0,0,1,0.0,0,0,0,0,302,20,0,6.74,0,4,0,0,0,0,0,0,427.2,0.0,2,28,14,17,14,19,46.34,0,78,50,64.1,21,38,41,21,162,49.85,41,464,289,753,215.7,42,1,1207,11,9,0,Diego Gómez,Brighton & Hove Albion,1065588,30
260,22,28,20.74,190,12,44.44,305,142,447,83.09,5,17.24,24,31,5,0,0,0,87,8,2,8,3,8,30,0,0,29,19,132,1,1,3.91,1.94,23,0,4.0,0,1,6,24,22,2,1,0,,86,44.33,0,0,0,91,12,33,1,17,1694,8,0,0,0,0,0,0.0,0,0,0,1,316,14,0,6.74,0,0,0,0,0,0,0,0,1694.0,0.0,0,17,8,6,11,41,51.9,0,22,12,54.55,33,36,79,135,91,40.81,27,373,165,538,202.2,25,0,1008,24,1,0,Omari Hutchinson,Nottingham Forest,1090963,14
261,14,11,35.48,172,18,40.0,275,119,394,77.25,6,18.75,26,27,4,0,0,0,65,5,0,8,1,7,25,0,0,33,12,104,0,2,2.06,0.89,24,0,5.26,1,1,5,27,27,0,1,0,,96,55.17,0,0,0,116,8,21,0,15,1253,3,3,0,0,0,1,0.0,0,0,0,0,222,12,0,6.74,0,1,0,0,0,0,0,0,1253.0,0.0,1,6,13,6,5,20,58.82,0,29,17,58.62,21,39,34,31,102,49.51,45,364,146,510,168.5,19,1,815,47,10,0,Hannibal Mejbri,Burnley,1009386,6
262,3,0,0.0,26,5,55.56,42,37,79,90.8,1,25.0,3,6,0,0,0,0,10,0,0,2,0,1,5,0,0,2,3,14,0,0,0.08,0.23,2,0,0.0,0,0,0,0,0,0,0,0,,4,26.67,0,0,0,8,0,1,0,0,175,0,0,0,0,0,0,0.0,0,0,0,0,20,2,0,6.74,0,0,0,0,0,0,0,0,0.0,0.0,0,4,2,4,0,3,37.5,0,1,0,0.0,1,5,8,2,5,26.32,9,48,39,87,33.7,6,0,121,0,0,0,Ethan Nwaneri,Arsenal,1401702,42
263,10,1,5.56,80,8,53.33,149,82,231,90.59,4,40.0,6,5,0,0,0,0,17,1,0,2,0,11,5,0,0,1,9,18,0,0,0.36,0.08,1,0,0.0,0,0,0,6,5,1,0,0,,12,50.0,0,0,0,24,2,5,0,4,353,1,1,0,0,0,0,0.0,0,0,0,0,48,0,0,6.74,0,0,0,0,0,0,0,0,0.0,0.0,1,0,4,0,2,1,50.0,0,10,6,60.0,5,17,2,18,16,47.06,15,167,88,255,33.7,4,0,359,2,0,0,Oleksandr Zinchenko,Nottingham Forest,287643,14
264,1,0,0.0,64,1,100.0,106,35,141,87.04,3,33.33,6,21,3,0,0,0,20,3,2,9,0,2,19,0,0,15,4,46,0,0,0.79,2.71,10,0,10.0,0,3,6,5,4,1,3,0,,43,51.81,0,0,1,21,2,12,0,8,734,6,2,0,0,0,0,0.0,0,0,0,0,75,5,0,6.74,0,3,0,0,0,0,0,0,244.67,0.0,3,21,9,12,9,10,45.45,0,13,7,53.85,12,2,22,11,46,50.0,1,125,37,162,128.0,30,1,322,21,3,0,Omar Marmoush,Manchester City,873554,17
265,7,0,0.0,63,12,85.71,142,121,263,92.61,3,75.0,1,12,0,0,0,0,20,1,0,1,0,4,11,0,0,6,0,16,0,1,0.54,0.2,8,0,0.0,0,0,0,10,10,0,0,0,,19,55.88,0,0,0,21,5,1,0,4,377,0,0,0,0,0,0,0.0,0,0,0,0,39,0,0,6.74,0,0,0,0,0,0,0,0,0.0,0.0,0,1,2,2,0,3,60.0,0,8,7,87.5,1,10,5,1,22,57.89,14,155,129,284,74.1,3,0,347,8,0,0,Roméo Lavia,Chelsea,1069488,38
266,17,14,35.9,130,21,48.84,272,318,590,85.51,12,48.0,13,28,0,0,0,0,81,1,1,2,1,15,26,0,0,8,20,59,0,1,1.47,1.61,13,0,11.76,0,2,2,22,21,1,1,1,,40,46.51,0,0,0,100,21,18,1,14,1326,0,2,0,0,0,0,0.0,0,0,0,0,163,10,0,6.73,0,1,0,0,0,0,0,0,663.0,0.0,0,5,12,10,5,4,36.36,0,27,14,51.85,18,39,11,39,52,46.85,43,340,350,690,175.1,17,0,907,9,1,0,Ao Tanaka,Leeds United,871886,34
267,3,2,22.22,73,2,22.22,113,48,161,64.4,27,42.86,36,18,0,0,0,0,31,1,9,8,1,21,18,0,0,11,8,96,0,0,0.81,5.8,32,0,12.0,0,6,6,16,15,1,5,1,,29,32.58,3,0,3,89,6,12,0,17,1395,9,2,0,0,0,0,0.0,0,0,0,0,148,8,0,6.73,0,3,0,0,0,0,0,0,232.5,0.0,1,44,6,20,22,2,16.67,0,11,8,72.73,12,12,12,9,56,36.84,9,184,66,250,121.2,50,1,453,16,6,0,Valentín Castellanos,West Ham United,877013,37
268,34,5,41.67,137,44,44.9,318,374,692,79.45,65,57.52,48,31,2,0,0,0,102,3,3,5,6,61,30,0,0,9,16,102,1,2,1.48,1.82,25,0,0.0,0,0,2,25,23,2,0,0,,57,51.35,0,0,1,179,25,14,0,18,1730,0,4,2,1,0,0,0.0,0,0,0,1,251,5,0,6.73,0,0,0,0,0,0,0,0,0.0,0.0,0,11,8,7,7,3,42.86,0,29,16,55.17,13,65,7,12,122,54.46,98,448,423,871,202.0,19,0,1193,25,7,0,Jefferson Lerma,Crystal Palace,355796,7
269,37,15,31.25,158,33,55.93,294,393,687,86.31,27,45.76,32,30,0,0,0,0,56,3,1,5,3,65,28,0,0,2,5,60,0,1,1.46,1.42,18,0,0.0,0,0,0,31,27,4,0,0,,54,65.85,0,0,0,109,31,18,0,20,1872,1,10,0,0,0,0,0.0,0,0,0,1,177,2,0,6.73,0,0,0,0,0,0,0,0,0.0,0.0,0,14,0,3,6,3,50.0,0,40,24,60.0,18,55,6,48,81,57.45,59,354,442,796,188.5,14,1,1216,11,4,0,Timothy Castagne,Fulham,329417,43
270,23,1,11.11,55,19,52.78,168,159,327,80.74,11,40.74,16,22,0,0,0,0,54,1,0,2,0,14,22,0,0,6,15,56,0,0,0.31,0.44,17,0,14.29,0,1,1,23,21,2,1,0,,62,60.78,0,0,0,78,16,5,0,11,998,0,4,0,0,0,1,0.0,0,0,0,0,109,4,0,6.73,0,1,0,0,0,0,0,0,998.0,0.0,0,2,5,3,2,5,62.5,0,40,21,52.5,5,38,8,9,73,56.59,36,216,189,405,148.1,7,0,594,17,4,0,Soungoutou Magassa,West Ham United,1170560,37
271,25,0,0.0,111,68,44.74,438,1163,1601,90.45,47,46.53,54,35,1,0,0,0,122,1,1,3,8,131,35,0,1,5,11,100,1,2,0.37,2.53,28,0,25.0,118,4,5,47,35,12,4,0,,72,61.02,2,0,0,169,22,6,1,35,3043,2,22,0,0,0,1,0.0,0,0,0,0,203,0,0,6.73,1,1,0,0,0,0,0,0,760.75,0.0,0,14,2,7,6,11,73.33,0,39,19,48.72,6,60,15,3,119,54.34,152,538,1232,1770,235.5,16,2,2146,22,9,0,Micky van de Ven,Tottenham Hotspur,998247,33
272,6,10,27.78,192,7,29.17,345,197,542,81.14,24,33.33,48,37,5,0,0,0,130,9,4,18,1,17,37,0,0,74,41,233,0,0,3.63,4.55,20,0,8.51,0,4,9,32,27,5,3,1,,132,41.64,0,0,2,126,15,34,1,30,2473,5,4,0,0,0,1,0.0,0,0,0,0,364,16,0,6.73,0,3,0,0,0,0,0,0,618.25,0.0,1,28,19,12,17,31,36.9,0,50,25,50.0,34,15,84,36,156,40.1,24,443,225,668,248.9,47,1,1277,51,3,0,Brenden Aaronson,Leeds United,973431,34
273,23,3,18.75,186,40,54.05,377,356,733,83.2,44,48.89,46,26,3,0,0,0,103,4,2,5,5,71,26,0,0,22,35,144,0,1,1.87,1.93,30,0,11.11,0,2,5,26,21,5,1,1,,96,49.48,0,0,1,148,25,20,1,23,1914,2,7,0,0,0,0,0.0,0,0,0,0,248,10,0,6.73,0,1,0,0,0,0,0,0,957.0,0.0,0,12,6,7,6,9,45.0,0,66,42,63.64,20,43,20,16,140,49.3,74,475,406,881,174.9,18,2,1434,22,8,0,Mats Wieffer,Brighton & Hove Albion,959628,30
274,27,3,17.65,145,25,40.32,266,162,428,78.24,13,46.43,15,26,0,0,0,0,62,2,1,10,0,18,26,0,1,15,14,80,0,1,0.83,1.92,17,0,8.0,0,2,2,14,13,1,2,0,,67,50.76,0,0,0,119,12,11,1,9,986,1,4,0,0,0,1,0.0,0,0,0,0,191,11,0,6.73,1,1,0,0,0,0,0,0,493.0,0.0,0,9,16,7,8,19,48.72,0,27,17,62.96,11,56,39,17,80,50.0,62,358,189,547,174.9,25,0,782,22,3,0,Ryan Christie,Bournemouth,322391,60
275,13,1,14.29,159,19,43.18,394,479,873,85.76,31,40.79,45,26,1,0,0,0,130,1,1,4,5,48,26,0,0,8,11,95,0,2,0.83,0.74,19,0,7.69,0,1,2,25,20,5,1,0,,84,62.69,0,0,0,145,35,10,0,23,1892,1,7,0,0,0,1,0.0,0,0,0,0,201,7,0,6.73,0,1,0,0,0,0,0,0,1892.0,0.0,0,7,6,6,3,20,62.5,0,56,36,64.29,10,31,32,7,115,54.76,44,489,529,1018,174.9,13,0,1337,8,7,0,Rodrigo Bentancur,Tottenham Hotspur,791190,33
276,4,0,0.0,63,1,33.33,93,30,123,74.1,17,40.48,25,12,3,0,0,0,14,2,6,6,0,8,12,0,0,8,6,48,0,0,0.66,3.31,8,0,11.11,0,2,5,4,4,0,2,0,,19,45.24,1,0,0,43,1,11,0,7,583,3,1,0,0,0,0,0.0,0,0,0,0,85,3,0,6.73,0,1,0,0,0,0,0,0,291.5,0.0,0,15,3,8,4,3,50.0,0,8,5,62.5,11,6,6,6,36,42.86,3,130,36,166,80.7,18,0,270,8,1,0,Kai Havertz,Arsenal,836705,42
277,1,4,57.14,18,1,33.33,30,31,61,87.14,2,28.57,5,6,0,0,0,0,2,0,1,0,0,2,4,0,0,1,3,12,0,0,0.17,1.2,2,0,25.0,0,1,1,3,1,2,1,0,,6,46.15,0,0,0,9,0,4,1,2,203,1,1,0,0,1,0,100.0,0,1,0,0,22,1,0,6.73,0,0,0,0,0,0,0,0,203.0,0.0,0,3,1,2,2,0,0.0,0,5,2,40.0,4,2,1,7,8,40.0,3,35,35,70,26.9,4,0,108,1,0,0,Matt O'Riley,Brighton & Hove Albion,891829,30
278,6,0,0.0,9,9,50.0,23,87,110,82.71,13,56.52,10,4,0,0,0,0,11,0,0,0,1,27,4,0,0,1,3,14,0,0,0.06,0.01,0,0,0.0,1,0,0,5,5,0,0,0,,7,63.64,0,0,0,23,5,0,0,4,321,0,5,1,0,0,0,0.0,0,0,0,0,27,0,0,6.73,0,0,0,0,0,0,0,0,0.0,0.0,0,1,0,0,1,1,100.0,0,5,4,80.0,0,14,1,0,20,58.82,18,40,93,133,26.9,1,0,196,2,1,0,Ethan Pinnock,Brentford,855864,50
279,25,29,26.85,171,57,30.65,384,388,772,74.37,45,54.88,37,32,5,0,0,0,126,5,0,5,6,116,32,0,0,19,14,118,0,2,2.49,0.57,28,0,0.0,0,0,5,47,43,4,0,0,,92,53.18,0,0,0,266,33,30,0,30,2711,2,13,0,1,0,2,0.0,0,0,0,0,492,3,0,6.72,0,0,0,0,0,0,0,0,0.0,0.0,0,8,10,9,4,23,48.94,0,44,20,45.45,29,88,47,108,137,53.73,186,559,479,1038,215.1,18,1,1821,25,6,0,El Hadji Malick Diouf,West Ham United,1471764,37
280,14,24,19.2,173,20,52.63,271,95,366,73.35,7,36.84,12,33,2,0,0,0,47,10,3,14,1,17,33,0,0,19,25,83,0,1,2.74,3.15,9,0,7.14,0,3,5,20,16,4,2,1,,49,40.83,0,0,1,133,6,23,0,19,1627,5,4,0,0,0,1,0.0,0,0,0,0,315,7,0,6.72,0,3,0,0,0,0,0,0,542.33,0.0,0,21,21,15,13,20,50.0,0,16,12,75.0,23,33,40,125,56,40.29,38,374,125,499,221.7,42,0,908,13,2,0,Jacob Murphy,Newcastle United,372336,39
281,12,1,14.29,163,25,53.19,353,304,657,83.38,26,45.61,31,35,1,0,0,0,100,0,1,9,1,24,35,0,0,31,21,124,1,0,0.42,2.5,28,0,13.04,0,3,4,50,47,3,3,0,,96,50.79,2,0,0,131,18,10,1,27,2359,1,21,0,0,0,1,0.0,0,0,0,0,214,7,0,6.72,1,0,0,0,0,0,0,0,786.33,0.0,0,15,8,6,8,16,50.0,0,51,25,49.02,10,26,32,7,122,49.59,47,447,341,788,235.1,23,0,1154,30,1,1,Lesley Ugochukwu,Burnley,1048916,6
282,19,2,18.18,47,10,66.67,81,80,161,85.64,2,50.0,2,12,0,0,0,0,17,0,0,0,0,4,12,0,0,4,4,19,0,0,0.28,0.26,7,0,0.0,0,0,0,8,7,1,0,0,,23,57.5,0,0,1,27,0,6,0,7,488,0,2,0,0,0,0,0.0,0,0,0,0,56,0,0,6.72,0,0,0,0,0,0,0,0,0.0,0.0,2,0,6,4,2,4,66.67,0,10,6,60.0,6,28,6,11,25,56.82,15,96,92,188,80.6,6,0,266,9,1,0,Angel Gomes,Wolverhampton,867441,3
283,3,11,21.57,157,7,28.0,255,118,373,84.58,7,41.18,10,21,1,0,0,0,52,5,0,4,1,13,21,0,0,17,12,61,0,0,1.58,0.51,8,0,0.0,0,0,1,13,10,3,0,0,,50,49.5,0,0,0,68,6,15,0,12,1068,4,0,0,0,0,0,0.0,0,0,0,0,173,9,0,6.71,0,0,0,0,0,0,0,0,0.0,0.0,0,8,2,4,2,18,54.55,0,11,10,90.91,15,6,33,51,57,48.31,25,297,144,441,141.0,10,0,732,21,1,0,Jeremie Frimpong,Liverpool FC,970361,44
284,10,29,31.18,112,13,52.0,178,100,278,77.44,16,31.37,35,31,1,0,0,0,72,5,4,11,0,12,30,0,0,38,10,141,1,0,2.43,2.44,19,0,11.43,0,4,5,23,19,4,3,1,,81,43.32,0,0,2,81,6,30,0,13,1358,3,2,0,0,0,1,0.0,0,0,0,0,286,10,0,6.71,0,4,0,0,0,0,0,0,339.5,0.0,0,24,11,16,8,39,49.37,0,19,11,57.89,30,19,79,93,97,40.76,25,243,116,359,201.4,35,0,787,23,1,0,Mathys Tel,Tottenham Hotspur,1048888,33
285,19,13,23.64,210,27,38.03,360,232,592,83.26,14,48.28,15,24,0,0,0,0,40,3,0,6,3,32,23,0,0,1,4,27,1,0,1.39,1.1,4,0,10.0,0,1,1,16,11,5,1,0,,16,57.14,0,0,0,119,8,20,1,11,1188,5,3,0,0,0,0,0.0,0,0,0,0,191,3,0,6.71,0,0,0,0,0,0,0,0,1188.0,0.0,0,7,3,1,3,3,50.0,0,12,9,75.0,20,50,6,55,30,52.63,71,440,271,711,154.4,10,1,962,1,0,0,Andy Robertson,Liverpool FC,262911,44
286,33,9,45.0,366,48,50.53,788,457,1245,86.58,17,45.95,20,37,4,0,0,0,112,4,2,20,6,35,37,0,0,29,40,137,0,1,1.68,3.89,35,0,3.85,0,2,6,41,31,10,2,0,,96,45.07,0,0,2,193,21,36,0,31,2675,0,9,0,1,0,0,0.0,0,0,0,0,290,12,0,6.71,0,2,0,0,0,0,0,0,1337.5,0.0,0,33,19,20,12,11,40.74,0,53,26,49.06,35,81,27,20,113,45.2,95,930,508,1438,248.3,52,0,1862,32,7,0,Alexis Mac Allister,Liverpool FC,895324,44
287,20,0,0.0,7,36,30.25,16,186,202,70.38,2,66.67,1,10,0,0,0,0,76,0,0,0,2,9,10,0,0,0,1,3,0,1,0.01,,1,0,0.0,38,0,0,18,13,5,0,0,-2.65,3,60.0,0,3,0,85,1,0,0,10,868,0,0,0,0,0,1,0.0,2,0,1,0,93,0,3,6.71,0,0,10,22,12,34,2,13,0.0,0.0,0,0,0,0,0,0,0.0,10,1,1,100.0,0,43,0,0,5,62.5,119,80,207,287,67.1,0,0,397,2,0,0,Giorgi Mamardashvili,Liverpool FC,930997,44
288,5,2,50.0,56,4,30.77,97,106,203,78.08,20,66.67,10,22,2,0,0,0,18,0,2,4,0,23,21,0,0,6,5,34,0,0,0.39,0.5,13,0,0.0,0,0,2,7,5,2,0,0,,30,55.56,0,0,0,57,9,5,0,2,629,0,3,0,0,0,0,0.0,0,0,0,0,75,3,0,6.71,0,0,0,0,0,0,0,0,0.0,0.0,0,4,5,3,2,1,50.0,0,16,10,62.5,5,11,2,4,50,59.52,13,138,122,260,140.9,9,0,377,13,3,0,Ryan Yates,Nottingham Forest,846252,14
289,21,4,26.67,80,19,67.86,201,322,523,89.55,14,41.18,20,23,3,0,0,0,51,2,1,1,2,19,22,0,0,5,19,61,0,0,0.88,0.47,16,0,0.0,0,0,3,23,22,1,0,0,,38,48.1,0,0,0,61,15,11,0,15,1334,0,6,0,0,0,0,0.0,0,0,0,0,95,4,0,6.71,0,0,0,0,0,0,0,0,0.0,0.0,0,3,4,5,1,6,85.71,0,24,12,50.0,11,28,7,15,52,46.02,28,240,344,584,147.6,7,0,748,9,3,0,Ilia Gruev,Leeds United,911679,34
290,58,4,23.53,148,88,42.31,377,710,1087,82.54,64,56.64,49,28,1,0,0,0,79,2,3,5,3,117,28,0,0,8,13,103,1,3,1.49,2.22,33,0,9.52,19,2,3,45,37,8,2,0,,40,42.55,1,0,0,230,32,9,1,27,2361,0,15,1,0,0,0,0.0,0,0,0,0,287,1,0,6.71,1,0,0,0,0,0,0,0,1180.5,0.0,0,20,1,6,10,2,50.0,0,32,21,65.63,9,126,4,17,104,50.24,208,544,773,1317,187.8,21,0,1670,7,3,1,Ladislav Krejčí,Wolverhampton,856250,3
291,4,0,0.0,45,1,25.0,68,27,95,74.8,22,50.0,22,21,1,0,0,0,25,3,2,5,0,4,20,0,0,10,4,58,0,0,0.56,2.14,7,0,9.52,0,2,3,9,8,1,2,0,,29,44.62,1,0,0,32,1,10,0,2,386,4,0,0,0,0,0,0.0,0,0,0,0,87,7,0,6.7,0,1,0,0,0,0,0,0,193.0,0.0,0,19,2,8,8,11,40.74,0,11,7,63.64,10,8,27,6,51,46.79,4,91,36,127,134.0,21,0,265,7,2,0,Charalampos Kostoulas,Brighton & Hove Albion,1416535,30
292,49,9,16.98,309,59,49.58,703,783,1486,86.8,64,54.24,54,38,1,0,0,0,107,1,0,4,5,95,38,0,0,6,17,135,0,2,1.98,0.71,49,0,10.0,32,1,2,45,42,3,1,0,,104,56.22,0,0,0,226,46,16,1,38,3231,0,9,0,0,0,0,0.0,0,0,0,0,346,5,0,6.7,0,0,0,0,0,0,0,0,3231.0,0.0,0,6,4,3,3,10,50.0,0,74,45,60.81,16,99,20,53,168,55.45,119,832,880,1712,254.6,10,0,2329,20,9,0,Luke Shaw,Manchester United,190839,35
293,39,34,34.0,279,49,39.52,474,387,861,81.15,24,50.0,24,21,1,0,0,0,73,1,0,0,4,48,20,0,0,6,28,86,0,1,2.01,0.08,22,0,0.0,0,0,1,27,23,4,0,0,,48,43.64,0,0,1,200,10,28,0,18,1592,1,1,0,0,0,0,0.0,0,0,0,0,304,1,0,6.7,0,0,0,0,0,0,0,0,0.0,0.0,2,0,2,2,0,4,40.0,0,26,14,53.85,28,103,10,100,72,45.57,124,629,432,1061,134.0,2,0,1482,19,3,0,Kieran Trippier,Newcastle United,69256,39
294,1,0,0.0,18,5,83.33,38,42,80,85.11,8,66.67,4,8,1,0,0,0,3,0,0,1,0,13,7,0,0,1,2,10,0,0,0.05,0.04,2,0,0.0,0,0,1,5,4,1,0,0,,10,62.5,0,0,0,14,0,1,0,1,206,0,0,0,0,0,0,0.0,0,0,0,0,27,0,0,6.7,0,0,0,0,0,0,0,0,0.0,0.0,0,0,1,0,0,0,0.0,0,7,3,42.86,1,1,1,3,18,64.29,6,46,48,94,46.9,1,0,140,3,1,0,Wataru Endo,Liverpool FC,143040,44
295,0,0,0.0,3,0,0.0,5,3,8,72.73,2,66.67,1,1,0,0,0,0,2,0,0,0,0,0,1,0,0,0,0,1,0,0,0.01,,0,0,0.0,0,0,0,3,3,0,0,0,,3,100.0,0,0,0,3,0,0,0,1,45,0,0,0,0,0,0,0.0,0,0,0,0,4,0,0,6.7,0,0,0,0,0,0,0,0,0.0,0.0,0,0,0,0,0,0,0.0,0,3,1,33.33,0,0,0,0,5,83.33,0,7,4,11,6.7,0,0,19,0,0,0,Antoni Milambo,Brentford,1126692,50
296,0,1,20.0,1,0,0.0,2,0,2,100.0,0,0.0,2,1,0,0,0,0,2,0,0,0,0,0,1,0,0,1,0,4,0,0,0.04,,0,0,0.0,0,0,0,0,0,0,0,0,,4,66.67,0,0,0,0,0,0,0,1,39,0,0,0,0,0,0,0.0,0,0,0,0,9,0,0,6.7,0,0,0,0,0,0,0,0,0.0,0.0,0,0,0,0,0,2,66.67,0,1,0,0.0,0,0,3,5,4,50.0,0,2,0,2,6.7,0,0,18,1,0,0,Jocelin Ta Bi,Sunderland,2138729,41
297,0,0,0.0,2,0,0.0,4,0,4,80.0,1,100.0,0,1,0,0,0,0,0,0,0,0,0,0,1,0,0,0,0,0,0,0,0.0,,0,0,0.0,0,0,0,0,0,0,0,0,,0,0.0,0,0,0,1,0,0,0,0,10,0,0,0,0,0,0,0.0,0,0,0,0,1,0,0,6.7,0,0,0,0,0,0,0,0,0.0,0.0,0,0,0,0,0,0,0.0,0,0,0,0.0,0,0,0,0,1,100.0,0,5,0,5,6.7,0,0,7,0,0,0,Jun'ai Byfield,Tottenham Hotspur,1913038,33
298,0,0,0.0,2,0,0.0,3,4,7,100.0,0,0.0,0,2,0,0,0,0,0,0,0,0,0,2,1,0,0,0,0,0,0,0,0.0,,0,0,0.0,0,0,0,1,1,0,0,0,,0,0.0,0,0,0,0,1,0,0,0,16,0,1,0,0,0,0,0.0,0,0,0,0,0,0,0,6.7,0,0,0,0,0,0,0,0,0.0,0.0,0,0,0,0,0,0,0.0,0,0,0,0.0,0,0,0,0,0,0.0,0,3,4,7,6.7,0,0,13,0,0,0,Alex Murphy,Newcastle United,1125214,39
299,3,0,0.0,10,2,25.0,37,64,101,88.6,10,55.56,8,5,0,0,0,0,6,0,0,0,1,13,4,0,0,0,2,14,0,0,0.02,,4,0,0.0,0,0,0,3,2,1,0,0,,3,33.33,0,0,0,13,1,0,0,2,201,0,2,0,0,0,0,0.0,0,0,0,0,15,0,0,6.7,0,0,0,0,0,0,0,0,0.0,0.0,0,0,0,0,0,1,100.0,0,2,2,100.0,0,7,1,0,13,48.15,8,42,72,114,26.8,0,0,142,0,2,0,Diego Coppola,Brighton & Hove Albion,1050692,30
300,2,1,16.67,14,3,75.0,24,11,35,94.59,0,0.0,0,3,0,0,0,0,4,0,1,1,0,0,3,0,0,1,1,4,0,0,0.06,0.21,1,0,0.0,0,0,0,0,0,0,0,0,,2,33.33,0,0,0,2,0,0,0,0,50,0,0,0,0,0,0,0.0,0,0,0,0,13,0,0,6.7,0,0,0,0,0,0,0,0,0.0,0.0,1,1,1,1,0,0,0.0,0,1,1,100.0,0,2,1,6,2,33.33,4,25,12,37,20.1,2,0,54,1,0,0,James Maddison,Tottenham Hotspur,356398,33
301,1,1,50.0,7,0,0.0,10,2,12,92.31,1,50.0,1,1,0,0,0,0,2,0,0,0,0,0,1,0,0,1,0,4,0,0,0.02,0.1,0,0,0.0,0,0,0,2,2,0,0,0,,1,25.0,0,0,0,1,0,0,0,1,44,0,0,0,0,0,0,0.0,0,0,0,1,6,0,0,6.7,0,0,0,0,0,0,0,0,0.0,0.0,0,2,0,1,1,0,0.0,0,1,1,100.0,0,1,2,2,2,33.33,0,11,2,13,6.7,2,0,25,1,0,0,Jesse Derry,Chelsea,1550775,38
302,20,3,50.0,130,38,40.0,419,848,1267,87.38,85,51.2,81,35,0,0,0,0,85,1,1,4,6,185,34,0,0,6,10,112,1,2,0.57,1.41,17,0,11.11,0,2,2,53,46,7,2,0,,55,63.95,2,0,2,183,29,9,0,33,2953,1,22,0,0,0,0,0.0,0,0,0,0,239,1,0,6.7,0,0,0,0,0,0,0,0,1476.5,0.0,0,18,0,7,7,1,50.0,0,37,20,54.05,9,50,2,6,140,55.56,95,541,909,1450,227.7,18,0,1921,19,3,0,Joe Rodon,Leeds United,828640,34
303,19,13,26.53,179,41,30.83,374,424,798,73.96,116,66.29,59,37,1,0,0,0,114,0,1,3,9,144,37,0,1,21,8,124,1,2,0.99,1.74,23,0,7.69,6,1,2,46,42,4,1,0,,79,54.86,1,0,1,281,15,17,0,35,3131,4,16,0,0,0,1,0.0,0,0,0,0,476,6,0,6.69,1,0,0,0,0,0,0,0,3131.0,0.0,0,13,0,4,6,6,30.0,0,57,32,56.14,17,57,20,49,195,61.13,133,561,518,1079,247.7,13,1,1814,17,6,0,Jake O'Brien,Everton,998253,48
304,53,1,9.09,171,47,65.28,418,473,891,85.51,24,47.06,27,31,2,0,0,0,113,0,2,3,1,56,31,0,0,17,36,133,1,3,0.55,0.66,40,0,0.0,0,0,2,45,44,1,0,0,,105,49.76,0,0,1,151,41,13,0,25,2118,1,14,0,0,0,2,0.0,0,0,0,0,218,5,0,6.69,0,0,0,0,0,0,0,0,0.0,0.0,0,2,11,8,2,7,33.33,0,90,49,54.44,13,79,21,11,129,49.24,72,521,521,1042,207.5,13,0,1431,8,6,0,Florentino Luís,Burnley,855845,6
305,50,20,21.51,308,53,32.52,556,392,948,79.8,50,56.82,38,33,1,0,0,0,107,1,0,3,9,145,33,0,0,11,30,125,1,0,2.46,0.29,29,0,0.0,0,0,1,47,43,4,0,0,,89,50.57,0,0,0,240,30,23,0,33,2960,0,9,1,1,0,0,0.0,0,0,0,0,484,10,0,6.69,0,0,0,0,0,0,0,0,0.0,0.0,0,1,8,4,2,10,33.33,0,51,28,54.9,22,116,30,93,139,52.65,163,724,464,1188,220.8,9,0,2016,28,6,0,Vitaliy Mykolenko,Everton,876643,48
306,14,0,0.0,97,13,48.15,229,198,427,85.06,11,42.31,15,22,0,0,0,0,51,0,1,5,1,20,22,0,0,11,16,69,0,1,0.2,0.71,24,0,0.0,0,0,0,23,21,2,0,0,,68,55.74,0,0,0,75,20,3,0,8,900,0,5,0,0,0,0,0.0,0,0,0,0,104,1,0,6.69,0,0,0,0,0,0,0,0,0.0,0.0,0,6,7,7,1,7,70.0,0,46,29,63.04,3,29,10,1,79,53.38,27,283,219,502,147.2,13,0,699,15,1,0,Manuel Ugarte,Manchester United,846425,35
307,18,6,42.86,103,20,42.55,219,204,423,86.86,6,37.5,10,20,1,0,0,0,40,1,0,2,2,19,19,0,0,3,8,37,1,0,0.63,1.02,15,0,12.5,0,1,2,17,14,3,1,0,,19,41.3,0,0,0,64,6,8,0,7,802,1,1,0,0,1,0,100.0,0,1,0,0,84,2,0,6.69,0,1,0,0,0,0,0,0,802.0,0.0,0,5,3,4,2,1,50.0,0,15,9,60.0,8,36,2,14,25,40.32,47,270,217,487,127.1,8,0,592,3,2,0,James Milner,Brighton & Hove Albion,791,30
308,5,0,0.0,56,6,75.0,96,46,142,65.74,32,39.51,49,31,1,0,0,1,31,2,7,5,0,11,28,0,0,18,4,93,0,0,1.56,7.23,18,0,20.0,0,6,7,23,21,2,6,0,,35,44.3,0,0,1,74,3,11,1,10,1092,3,1,0,0,3,0,66.67,0,2,0,0,146,7,0,6.69,0,5,0,0,0,0,0,0,182.0,0.0,0,29,1,9,16,7,53.85,0,12,7,58.33,11,9,13,10,67,41.88,8,158,58,216,187.3,30,0,413,18,0,0,Lukas Nmecha,Leeds United,803185,34
309,5,4,44.44,206,16,69.57,377,258,635,89.82,9,42.86,12,28,3,0,0,0,85,2,1,6,1,10,27,0,0,13,13,65,0,1,1.43,1.19,16,0,12.5,0,2,5,30,25,5,1,1,,70,56.91,0,0,0,72,9,22,1,15,1465,2,4,0,0,0,1,0.0,0,0,0,0,128,11,0,6.69,1,1,0,0,0,0,0,0,732.5,0.0,0,11,5,6,4,15,50.0,0,41,22,53.66,22,10,30,9,79,54.86,23,433,274,707,180.6,16,0,917,14,3,1,Jacob Ramsey,Newcastle United,975937,39
310,13,6,26.09,120,20,62.5,242,202,444,84.73,9,39.13,14,16,1,0,0,0,73,1,2,2,0,6,16,0,0,13,13,72,0,1,0.72,1.07,26,0,9.09,0,1,2,23,19,4,0,1,,57,49.57,0,0,0,80,18,13,0,14,1196,1,4,0,0,0,0,0.0,0,0,0,0,146,16,0,6.69,0,1,0,0,0,0,0,0,1196.0,0.0,0,8,3,5,4,13,61.9,0,23,16,69.57,13,22,21,23,66,47.83,32,297,227,524,107.0,11,0,748,22,2,0,Conor Gallagher,Tottenham Hotspur,904970,33
311,6,1,10.0,130,5,50.0,199,70,269,58.48,128,40.38,189,35,1,1,0,0,46,2,20,8,4,36,35,0,0,29,4,282,0,1,1.09,15.81,45,0,18.92,0,14,15,34,28,6,14,0,,56,37.58,3,0,3,191,4,20,1,30,2726,26,9,0,0,5,0,80.0,0,4,0,2,358,18,0,6.69,0,9,0,0,0,0,0,0,194.71,0.0,0,68,6,32,34,8,26.67,0,10,4,40.0,20,13,30,10,184,39.48,10,365,95,460,234.0,74,2,893,38,3,0,Dominic Calvert-Lewin,Leeds United,372344,34
312,1,0,0.0,21,5,50.0,33,50,83,83.0,2,18.18,9,7,0,0,0,0,15,0,0,0,0,9,7,0,0,0,2,18,0,0,0.42,,5,0,0.0,1,0,0,5,5,0,0,0,,16,64.0,0,0,0,17,3,2,0,3,355,0,3,0,0,0,0,0.0,0,0,0,0,28,1,0,6.69,0,0,0,0,0,0,0,0,0.0,0.0,0,0,0,0,0,2,50.0,0,12,7,58.33,2,3,4,2,18,50.0,10,41,59,100,46.8,0,0,163,2,0,0,Luca Netz,Nottingham Forest,979144,14
313,8,0,0.0,142,5,55.56,230,156,386,79.42,19,33.93,37,37,1,0,1,1,51,4,11,10,1,30,37,0,0,20,13,114,1,1,1.4,12.44,30,1,23.21,0,13,14,28,23,5,11,2,,45,36.89,2,0,1,100,9,20,3,26,2268,5,0,0,0,3,0,33.33,0,1,0,0,193,14,0,6.68,0,8,0,0,0,0,0,0,174.46,33.33,3,45,11,18,28,11,40.74,0,24,14,58.33,20,13,27,2,64,35.96,9,314,172,486,247.3,56,1,781,10,5,0,Danny Welbeck,Brighton & Hove Albion,33902,30
314,0,1,20.0,15,3,42.86,23,16,39,66.1,5,71.43,2,7,0,0,0,0,4,0,0,0,0,4,6,0,0,1,1,10,0,0,0.09,0.55,4,0,33.33,0,1,1,4,4,0,1,0,,3,27.27,0,0,0,20,1,1,1,1,165,0,0,0,0,0,0,0.0,0,0,0,0,31,0,0,6.68,0,0,0,0,0,0,0,0,165.0,0.0,0,3,0,2,1,1,33.33,0,2,1,50.0,1,1,3,5,8,44.44,7,38,21,59,40.1,3,0,98,0,0,0,Oliver Sonne,Burnley,1008456,6
315,10,2,28.57,109,16,61.54,196,133,329,63.51,85,40.09,127,36,3,0,0,0,55,2,9,21,2,30,36,0,0,28,19,226,1,0,0.93,11.5,46,0,12.16,0,9,12,28,26,2,9,0,,78,44.07,4,0,2,189,8,25,0,27,2206,19,3,0,0,4,0,100.0,0,4,0,2,303,9,0,6.68,0,5,0,0,0,0,0,0,245.11,0.0,6,58,16,34,19,10,37.04,0,35,21,60.0,25,18,27,7,163,41.9,26,336,182,518,240.4,74,1,925,34,5,0,Raúl Jiménez,Fulham,192442,43
316,8,5,25.0,133,6,50.0,203,76,279,82.54,2,20.0,8,23,3,0,0,0,50,6,2,9,0,4,22,0,0,28,17,82,0,0,1.85,1.49,7,0,4.35,0,1,4,18,17,1,1,0,,43,36.75,0,0,1,59,2,20,1,11,1073,1,0,0,0,0,0,0.0,0,0,0,0,170,8,0,6.68,0,0,0,0,0,0,0,0,1073.0,0.0,4,14,9,8,6,14,36.84,0,11,5,45.45,20,15,38,20,45,35.43,12,250,88,338,146.9,23,0,548,18,0,0,Marcus Edwards,Burnley,795066,6
317,4,4,12.5,126,4,26.67,211,146,357,81.88,11,45.83,13,20,2,0,0,0,48,1,2,4,4,13,20,0,0,14,7,70,0,1,0.83,3.41,20,0,7.69,0,2,4,19,18,1,2,0,,47,45.19,0,0,0,79,4,7,0,15,1407,3,0,0,0,1,0,100.0,0,1,0,1,152,10,0,6.68,0,2,0,0,0,0,0,0,703.5,0.0,0,18,8,14,8,6,27.27,0,14,7,50.0,7,15,22,32,58,45.31,15,272,164,436,133.5,26,0,647,27,6,0,Habib Diarra,Sunderland,1128532,41
318,16,58,34.73,179,25,33.78,324,359,683,80.54,19,45.24,23,35,2,0,0,0,115,6,0,4,3,67,35,0,0,32,34,152,0,2,3.51,0.86,18,0,6.25,0,1,3,44,38,6,0,1,,122,48.61,0,0,0,165,38,38,1,26,2375,3,4,0,0,0,1,0.0,0,0,0,0,426,5,0,6.67,0,0,0,0,0,0,0,0,2375.0,0.0,1,8,8,6,6,31,40.26,0,67,39,58.21,38,46,77,167,141,48.12,74,414,434,848,233.6,16,1,1692,24,3,0,Hugo Bueno,Wolverhampton,1013928,3
319,6,3,13.04,169,2,66.67,237,79,316,83.6,3,33.33,6,23,2,0,0,0,26,3,1,6,0,9,23,0,0,9,7,38,1,1,1.94,0.58,3,0,0.0,0,0,2,10,9,1,0,0,,25,43.86,0,0,0,62,2,21,0,9,891,3,0,0,0,0,0,0.0,0,0,0,0,128,3,0,6.67,0,0,0,0,0,0,0,0,0.0,0.0,0,8,2,1,3,16,55.17,0,7,3,42.86,21,10,29,23,28,42.42,3,286,92,378,153.5,10,0,527,2,0,0,Jadon Sancho,Aston Villa,851100,40
320,12,0,0.0,115,8,53.33,198,95,293,76.3,35,38.46,56,33,3,0,0,0,53,5,6,8,1,21,33,0,0,42,11,149,0,0,1.53,6.59,20,0,25.0,0,8,11,29,24,5,8,0,,57,38.0,2,0,2,91,5,22,0,24,1939,8,2,1,0,1,0,100.0,0,1,0,0,216,13,0,6.67,0,6,0,0,0,0,0,0,242.38,0.0,0,30,2,11,13,13,37.14,0,24,12,50.0,22,17,35,3,92,38.17,15,275,109,384,220.2,32,0,680,20,0,0,Nick Woltemade,Newcastle United,980623,39
321,18,0,0.0,38,30,38.46,157,422,579,85.02,52,61.9,32,19,0,0,0,0,49,0,1,2,2,125,18,0,0,4,4,47,1,1,0.27,0.26,5,0,0.0,0,0,0,34,29,5,0,0,,31,67.39,0,0,0,102,12,4,0,17,1539,2,13,0,0,0,0,0.0,0,0,0,0,116,0,0,6.67,0,0,0,0,0,0,0,0,0.0,0.0,0,6,0,3,1,2,50.0,0,24,16,66.67,4,44,4,1,83,63.85,78,221,460,681,120.1,6,0,925,7,0,0,Hjalmar Ekdal,Burnley,875360,6
322,14,0,0.0,47,13,48.15,153,449,602,94.21,11,64.71,6,17,1,0,0,0,19,1,1,0,1,34,17,0,0,2,2,12,0,0,0.12,0.28,2,0,0.0,36,0,1,15,11,4,0,0,,8,57.14,0,0,0,37,8,2,0,11,985,0,5,0,0,0,0,0.0,0,0,0,0,41,0,0,6.67,0,0,0,0,0,0,0,0,0.0,0.0,0,3,0,3,0,0,0.0,0,7,3,42.86,2,23,0,0,19,61.29,27,168,471,639,113.4,3,0,717,1,0,0,Victor Lindelöf,Aston Villa,143334,40
323,12,1,5.0,152,15,37.5,297,213,510,85.57,12,38.71,19,23,0,0,0,0,59,1,0,0,4,34,22,0,0,17,11,64,1,0,0.38,1.13,12,0,20.0,0,1,1,25,24,1,1,0,,85,65.38,0,0,0,86,9,7,0,15,1396,1,4,0,0,0,0,0.0,0,0,0,0,160,7,0,6.67,0,1,0,0,0,0,0,0,1396.0,0.0,0,5,0,2,3,16,66.67,0,44,30,68.18,7,25,24,20,97,60.25,40,354,242,596,146.7,5,0,968,25,2,0,Kyle Walker-Peters,West Ham United,823085,37
324,9,1,7.69,288,9,64.29,511,327,838,91.09,7,35.0,13,37,0,0,0,0,71,1,5,11,0,18,37,0,0,31,6,73,0,2,1.11,4.77,10,0,8.33,0,3,3,27,24,3,3,0,,65,52.0,1,0,1,82,22,18,0,22,1943,3,1,0,0,0,0,0.0,0,0,0,0,185,7,0,6.67,0,2,0,0,0,0,0,0,647.67,0.0,0,28,8,14,11,14,48.28,0,35,21,60.0,18,19,29,13,72,49.66,14,568,352,920,246.7,36,0,1223,17,1,0,Emile Smith Rowe,Fulham,867445,43
325,20,4,17.39,134,24,35.82,331,368,699,85.87,34,54.84,28,25,1,0,0,0,90,0,0,2,6,81,24,0,1,13,16,99,1,0,0.7,0.18,32,0,0.0,0,0,1,26,20,6,0,0,,87,55.06,0,0,0,115,31,6,0,23,1969,1,14,0,0,0,1,0.0,0,0,0,1,208,5,0,6.67,1,0,0,0,0,0,0,0,0.0,0.0,0,3,1,2,0,15,55.56,0,39,23,58.97,6,52,27,23,121,55.0,67,404,410,814,160.0,4,0,1265,35,7,0,Reinildo Mandava,Sunderland,831424,41
326,13,0,0.0,16,55,29.73,44,223,267,66.75,5,71.43,2,12,0,0,0,0,89,0,0,0,1,10,12,0,0,0,0,2,0,1,0.02,,0,0,0.0,84,0,0,17,16,1,0,0,-0.45,1,100.0,0,11,0,133,0,1,0,11,1003,0,0,0,0,0,0,0.0,3,0,0,0,135,0,6,6.67,0,0,8,16,9,25,0,10,0.0,0.0,0,0,0,0,0,0,0.0,8,0,0,0.0,1,31,0,0,6,75.0,185,164,236,400,80.0,0,0,507,1,2,0,Aaron Ramsdale,Newcastle United,839410,39
327,20,22,31.88,145,24,30.0,238,203,441,77.64,11,28.21,28,36,3,0,0,0,96,6,2,12,5,37,36,0,0,15,11,97,1,0,2.5,3.04,15,0,9.68,0,3,6,32,28,4,3,0,,75,52.08,1,0,2,127,12,19,1,22,1990,3,2,0,0,0,0,0.0,0,0,0,0,266,7,0,6.66,0,1,0,0,0,0,0,0,663.33,0.0,6,19,12,10,9,16,36.36,0,23,14,60.87,19,47,44,69,86,46.99,80,330,238,568,239.9,31,1,993,36,1,0,Keane Lewis-Potter,Brentford,972421,50
328,10,0,0.0,25,19,55.88,100,308,408,92.94,8,47.06,9,8,0,0,0,0,16,0,0,0,0,27,8,0,0,0,1,15,1,1,0.07,,6,0,0.0,17,0,0,10,8,2,0,0,,9,60.0,0,0,0,31,10,0,0,6,471,0,4,0,0,0,0,0.0,0,0,0,0,35,1,0,6.66,0,0,0,0,0,0,0,0,0.0,0.0,0,0,0,0,0,0,0.0,0,7,4,57.14,0,20,0,0,17,53.13,34,116,323,439,53.3,0,0,499,2,2,0,Benoît Badiashile,Chelsea,904827,38
329,19,0,0.0,150,9,37.5,284,238,522,82.59,12,34.29,23,27,3,0,0,0,61,2,6,8,1,25,26,0,0,9,13,82,0,2,2.34,4.92,33,0,10.81,0,4,7,23,20,3,3,1,,34,36.56,1,0,2,110,5,15,1,20,1750,2,5,1,0,0,0,0.0,0,0,0,0,163,9,0,6.66,0,2,0,0,0,0,0,0,437.5,0.0,0,30,7,14,15,3,33.33,0,19,14,73.68,15,38,9,7,46,35.94,24,366,266,632,173.2,37,1,842,12,0,0,Jack Hinshelwood,Brighton & Hove Albion,1142315,30
330,5,0,0.0,80,9,56.25,162,188,350,91.62,6,35.29,11,20,0,0,0,0,30,0,0,1,2,11,18,0,0,7,4,34,0,1,0.2,0.11,10,0,0.0,0,0,0,8,8,0,0,0,,32,58.18,0,0,0,32,5,4,0,5,722,1,1,0,0,0,0,0.0,0,0,0,0,58,1,0,6.66,0,0,0,0,0,0,0,0,0.0,0.0,0,2,0,1,0,8,80.0,0,8,5,62.5,4,7,10,0,38,52.78,16,182,200,382,119.9,2,0,506,16,3,0,Myles Lewis-Skelly,Arsenal,1423711,42
331,1,1,20.0,5,2,100.0,10,10,20,80.0,1,25.0,3,6,0,0,0,0,5,0,0,0,0,0,5,0,0,1,0,6,0,0,0.03,0.7,0,0,50.0,0,1,1,4,4,0,1,0,,4,57.14,0,0,0,5,0,0,0,1,128,0,0,0,0,0,0,0.0,0,0,0,0,14,1,0,6.66,0,1,0,0,0,0,0,0,128.0,0.0,0,1,1,1,1,1,33.33,0,3,2,66.67,0,1,3,5,5,45.45,2,15,10,25,33.3,2,0,45,0,0,0,Fabio Carvalho,Brentford,991604,50
332,8,0,0.0,82,9,56.25,142,99,241,84.56,1,50.0,1,11,1,0,0,0,15,2,0,1,0,6,10,0,0,8,4,20,0,0,1.39,0.19,5,0,0.0,0,0,1,7,7,0,0,0,,16,45.71,0,0,0,44,7,7,0,4,423,0,1,0,0,0,0,0.0,0,0,0,0,63,5,0,6.66,0,0,0,0,0,0,0,0,0.0,0.0,0,1,2,2,0,2,50.0,0,5,3,60.0,7,13,4,2,17,45.95,16,181,104,285,66.6,3,0,387,9,2,0,Rico Lewis,Manchester City,1136731,17
333,21,1,33.33,132,36,48.0,343,530,873,88.45,44,56.41,34,32,0,0,0,0,73,0,2,1,1,85,30,0,0,5,8,65,0,3,0.63,1.39,17,0,0.0,5,0,0,33,28,5,0,0,,39,55.71,0,0,0,114,31,4,0,18,1748,2,11,0,0,0,1,0.0,0,0,0,0,143,2,0,6.66,0,0,0,0,0,0,0,0,0.0,0.0,0,9,0,5,3,2,66.67,0,32,21,65.63,4,52,3,3,83,56.08,75,411,576,987,199.7,9,0,1240,5,1,0,Leny Yoro,Manchester United,1153315,35
334,1,1,20.0,51,1,25.0,76,25,101,64.74,19,29.69,45,32,1,0,0,0,28,1,7,10,0,5,32,0,0,21,5,97,0,0,0.55,7.66,12,0,18.42,0,7,8,24,21,3,5,2,,31,37.35,2,0,0,55,3,8,2,11,1262,9,2,0,0,0,0,0.0,0,0,0,0,154,9,0,6.66,0,3,0,0,0,0,0,0,180.29,0.0,0,32,6,12,16,13,48.15,0,4,2,50.0,8,2,27,5,50,34.01,4,118,38,156,213.0,38,3,381,14,1,0,Callum Wilson,West Ham United,113956,37
335,26,13,30.23,331,43,47.78,644,624,1268,87.75,36,52.17,33,34,4,0,0,0,113,6,1,6,9,87,34,0,1,7,22,108,0,1,3.21,2.35,45,0,5.0,0,1,5,37,34,3,1,0,,84,52.83,1,0,0,177,32,39,0,31,2710,5,8,0,0,0,0,0.0,0,0,0,0,265,5,0,6.66,1,0,0,0,0,0,0,0,2710.0,0.0,0,14,6,8,6,1,33.33,0,55,40,72.73,39,53,3,43,120,52.63,90,759,686,1445,226.3,20,2,2029,29,8,0,Marc Cucurella,Chelsea,794939,38
336,15,11,18.64,164,12,46.15,258,85,343,77.08,6,31.58,13,31,3,0,0,0,56,8,11,17,0,15,31,0,0,10,20,78,0,0,3.3,5.83,11,0,2.08,0,1,4,20,18,2,1,0,,49,42.98,0,0,2,102,4,26,1,13,1220,2,0,0,0,0,0,0.0,0,0,0,0,223,7,0,6.65,0,0,0,0,0,0,0,0,1220.0,0.0,2,35,13,18,13,17,41.46,0,19,13,68.42,26,30,41,59,55,41.35,26,339,106,445,206.3,48,0,734,13,7,0,David Brooks,Bournemouth,855731,60
337,9,19,27.94,172,9,52.94,347,278,625,85.62,23,40.35,34,26,2,0,0,0,71,3,3,5,4,36,26,0,0,9,10,109,0,2,1.91,2.26,53,0,5.56,0,1,3,22,18,4,1,0,,80,51.61,1,0,0,105,18,28,0,20,1734,2,9,0,0,0,0,0.0,0,0,0,0,188,5,0,6.65,0,0,0,0,0,0,0,0,1734.0,0.0,0,11,7,7,6,6,54.55,0,49,27,55.1,28,19,11,68,103,48.58,17,415,315,730,173.0,18,0,1057,25,9,0,Saša Lukić,Fulham,371222,43
338,0,0,0.0,3,0,0.0,6,3,9,56.25,5,55.56,4,4,0,0,0,0,3,0,1,0,0,3,4,0,0,3,0,9,0,0,0.01,0.79,1,0,25.0,0,1,1,1,1,0,1,0,,2,28.57,1,0,0,7,1,1,0,1,135,2,0,0,0,0,0,0.0,0,0,0,0,15,0,0,6.65,0,0,0,0,0,0,0,0,135.0,0.0,0,4,0,3,1,0,0.0,0,0,0,0.0,1,1,1,0,7,43.75,0,12,4,16,26.6,4,0,37,2,0,0,Lorenzo Lucca,Nottingham Forest,962364,14
339,0,2,28.57,40,1,20.0,58,15,73,77.66,3,30.0,7,21,1,0,0,0,10,0,5,6,0,2,21,0,0,13,2,36,0,0,0.34,4.07,2,0,14.81,0,4,5,10,8,2,4,0,,18,38.3,0,0,1,21,0,7,0,5,680,1,0,0,0,0,0,0.0,0,0,0,0,65,1,0,6.65,0,4,0,0,0,0,0,0,170.0,0.0,0,22,5,12,9,8,40.0,0,4,3,75.0,7,1,20,7,21,36.84,5,74,20,94,139.6,27,1,206,6,0,0,Donyell Malen,Aston Villa,803039,40
340,19,1,25.0,82,37,42.05,285,557,842,89.96,40,59.7,27,17,0,0,0,0,47,1,2,4,3,83,17,0,0,3,2,44,0,1,0.42,1.37,10,0,0.0,50,0,0,23,21,2,0,0,,14,45.16,0,0,0,94,11,5,0,15,1323,0,9,0,0,0,0,0.0,0,0,0,0,110,0,0,6.65,0,0,0,0,0,0,0,0,0.0,0.0,0,9,0,4,1,2,33.33,0,5,2,40.0,5,48,6,4,54,55.1,88,345,591,936,113.0,9,0,1109,9,1,0,Tyrone Mings,Aston Villa,303638,40
341,17,3,14.29,152,16,57.14,217,86,303,69.5,19,38.0,31,32,3,0,0,0,60,8,3,14,2,26,32,0,0,59,15,170,0,0,2.93,3.02,30,0,7.14,0,3,6,20,14,6,3,0,,94,40.34,0,0,0,133,11,25,2,20,1804,11,1,1,0,0,0,0.0,0,0,0,1,353,19,0,6.65,0,1,0,0,0,0,0,0,601.33,0.0,0,27,15,14,14,28,43.08,0,32,20,62.5,25,38,65,21,113,39.93,28,322,114,436,212.7,42,0,925,34,2,0,Georginio Rutter,Brighton & Hove Albion,946695,30
342,6,3,23.08,49,3,75.0,87,31,118,79.19,3,30.0,7,16,2,0,0,0,15,2,1,6,1,3,15,0,0,4,3,27,0,0,0.93,0.82,6,0,0.0,0,0,2,7,5,2,0,0,,29,59.18,0,0,0,31,2,9,0,5,495,2,1,0,0,0,0,0.0,0,0,0,0,68,2,0,6.65,0,0,0,0,0,0,0,0,0.0,0.0,0,5,5,2,2,13,61.9,0,8,3,37.5,9,10,21,13,32,54.24,4,112,37,149,99.7,10,0,255,8,0,0,Jamie Gittens,Chelsea,1140599,38
343,0,3,21.43,47,6,50.0,81,26,107,63.31,30,46.88,34,13,1,0,0,0,20,1,0,2,0,30,13,0,0,11,9,77,0,0,0.38,1.61,19,0,7.14,0,1,2,19,14,5,1,0,,35,44.87,1,0,1,62,7,3,0,9,877,4,2,0,0,0,0,0.0,0,0,0,0,112,5,0,6.65,0,0,0,0,0,0,0,0,877.0,0.0,0,12,2,6,6,5,55.56,0,21,12,57.14,3,6,9,14,65,45.77,12,131,38,169,86.4,14,0,342,10,2,0,Marshall Munetsi,Wolverhampton,894733,3
344,2,1,33.33,18,1,25.0,37,40,77,77.78,5,50.0,5,8,0,0,0,0,8,0,0,0,1,14,7,0,0,5,2,17,0,0,0.03,0.08,4,0,0.0,0,0,0,2,2,0,0,0,,13,52.0,0,0,0,22,5,0,0,3,329,0,1,0,0,0,0,0.0,0,0,0,0,39,0,0,6.64,0,0,0,0,0,0,0,0,0.0,0.0,0,1,0,1,0,3,75.0,0,8,5,62.5,0,5,4,3,18,51.43,4,52,47,99,46.5,1,0,177,2,2,0,Dennis Cirkin,Sunderland,1014987,41
345,5,0,0.0,41,1,14.29,58,23,81,60.0,25,26.32,70,32,0,0,0,0,23,0,2,12,1,15,29,0,0,14,5,119,0,0,0.39,4.75,14,0,13.95,0,6,6,17,14,3,6,0,,24,32.88,1,0,0,54,1,0,0,11,1173,11,1,0,0,0,0,0.0,0,0,0,0,111,3,0,6.64,0,5,0,0,0,0,0,0,195.5,0.0,0,39,4,14,17,6,25.0,0,11,8,72.73,0,6,24,0,49,29.17,7,104,31,135,192.6,43,0,302,7,1,0,Wilson Isidor,Sunderland,877980,41
346,2,9,21.43,99,7,53.85,160,61,221,78.37,11,44.0,14,24,1,0,0,0,50,2,1,4,0,12,22,0,0,19,12,80,0,0,1.54,1.06,16,0,6.67,0,1,2,17,12,5,1,0,,58,46.77,1,0,0,61,10,14,0,14,1176,9,2,0,0,0,0,0.0,0,0,0,0,179,4,0,6.64,0,0,0,0,0,0,0,0,1176.0,0.0,0,10,5,7,4,13,39.39,0,23,13,56.52,14,12,33,42,69,46.31,13,202,80,282,146.1,15,0,555,22,1,0,Dan Ndoye,Nottingham Forest,944327,14
347,2,0,0.0,10,1,50.0,19,9,28,77.78,1,50.0,1,6,1,0,0,0,5,1,0,0,0,3,5,0,0,0,2,8,0,0,0.37,,3,0,0.0,0,0,1,2,2,0,0,0,,7,50.0,0,0,0,8,0,1,0,0,88,0,0,0,0,0,0,0.0,0,0,0,0,13,0,0,6.64,0,0,0,0,0,0,0,0,0.0,0.0,0,0,0,0,0,2,50.0,0,2,0,0.0,1,3,4,0,8,50.0,2,25,11,36,33.2,0,0,55,3,0,0,Frank Onyeka,Brentford,885864,50
348,25,0,0.0,105,34,56.67,276,368,644,86.1,29,58.0,21,31,0,0,0,0,105,1,1,8,2,32,30,0,0,19,18,102,0,5,0.76,0.75,31,0,0.0,0,0,0,19,17,2,0,0,,73,47.4,0,0,1,104,29,9,0,23,1677,0,6,0,0,0,1,0.0,0,0,0,0,172,12,0,6.64,0,0,0,0,0,0,0,0,0.0,0.0,0,2,18,10,2,12,48.0,0,37,20,54.05,9,51,25,0,102,50.0,60,354,394,748,199.2,20,0,1045,24,5,0,Carlos Baleba,Brighton & Hove Albion,1199043,30
349,16,2,10.53,88,22,27.5,227,414,641,80.53,47,44.76,58,27,0,0,0,0,93,1,4,8,4,114,26,0,0,5,17,124,0,2,0.69,2.52,34,0,0.0,0,0,0,40,35,5,0,0,,113,63.13,0,0,4,155,30,11,0,24,2142,1,17,2,0,0,2,0.0,0,0,0,0,294,0,0,6.64,0,0,0,0,0,0,0,0,0.0,0.0,0,28,2,16,6,9,39.13,0,62,39,62.9,11,37,23,19,160,56.34,80,316,480,796,172.6,30,1,1395,44,11,0,Yerson Mosquera,Wolverhampton,1014835,3
350,6,7,31.82,31,9,32.14,64,42,106,68.83,6,50.0,6,8,0,0,0,0,16,2,0,0,0,20,8,0,0,3,3,18,0,0,0.36,0.02,3,0,0.0,0,0,0,13,11,2,0,0,,21,63.64,0,0,0,48,6,5,0,6,428,1,1,0,0,0,0,0.0,0,0,0,0,78,3,0,6.64,0,0,0,0,0,0,0,0,0.0,0.0,0,0,1,0,1,5,62.5,0,13,11,84.62,5,10,8,22,27,60.0,28,104,50,154,53.1,1,0,283,3,0,0,Ki-Jana Hoever,Wolverhampton,954044,3
351,3,0,0.0,61,5,62.5,113,53,166,80.58,6,46.15,7,13,0,0,0,0,25,0,1,1,1,8,11,0,0,8,3,29,0,0,0.21,0.79,6,0,0.0,0,0,0,11,9,2,0,0,,28,56.0,0,0,0,40,4,4,0,6,537,2,1,0,0,0,0,0.0,0,0,0,0,69,5,0,6.64,0,0,0,0,0,0,0,0,0.0,0.0,0,5,0,2,2,1,14.29,0,13,10,76.92,4,8,7,2,34,53.97,8,148,58,206,73.0,5,0,291,14,0,0,Harrison Armstrong,Everton,1627560,48
352,34,12,20.69,308,41,49.4,563,534,1097,86.79,15,45.45,18,34,3,0,0,0,122,4,1,3,3,39,34,0,0,16,22,87,1,1,2.99,1.56,20,0,16.67,0,2,5,36,33,3,2,0,,86,55.48,1,0,0,167,31,28,1,26,2267,1,5,1,1,0,1,0.0,0,0,0,0,316,10,0,6.64,1,0,0,0,0,0,0,0,1133.5,0.0,0,7,5,3,6,13,52.0,0,53,24,45.28,27,57,25,58,101,53.72,83,671,593,1264,225.6,12,1,1807,20,3,1,Malo Gusto,Chelsea,996958,38
353,31,2,33.33,92,52,37.96,322,848,1170,86.86,80,67.8,38,34,0,0,0,0,114,1,0,1,1,221,34,0,0,3,15,71,2,1,0.66,0.72,13,0,0.0,9,0,0,70,66,4,0,0,,59,64.13,0,0,0,177,37,7,0,34,2937,0,33,2,0,0,0,0.0,0,0,0,0,199,2,0,6.64,0,0,0,0,0,0,0,0,0.0,0.0,0,9,1,8,1,3,60.0,0,44,26,59.09,7,83,5,6,139,66.19,137,438,909,1347,225.6,10,1,1787,12,1,0,Maxime Estève,Burnley,1117223,6
354,25,24,26.37,169,30,28.57,342,388,730,76.28,18,36.0,32,32,0,0,0,0,112,4,0,5,3,83,32,0,0,26,30,154,1,0,2.75,1.1,31,0,0.0,0,0,0,45,40,5,0,0,,160,56.74,0,0,0,227,27,21,0,31,2642,3,7,1,0,0,0,0.0,0,0,0,0,475,9,0,6.63,1,0,0,0,0,0,0,0,0.0,0.0,0,11,7,10,3,39,52.7,0,65,44,67.69,21,56,74,91,178,53.61,105,492,465,957,212.3,18,0,1730,56,4,1,Gabriel Gudmundsson,Leeds United,834308,34
355,9,3,21.43,90,7,53.85,154,40,194,78.23,8,72.73,3,18,1,0,0,0,40,1,2,4,0,2,18,0,0,17,5,69,1,0,0.88,1.72,11,0,6.25,0,1,2,11,10,1,1,0,,48,42.11,0,0,0,54,2,16,0,8,740,2,0,0,0,0,0,0.0,0,0,0,0,148,3,0,6.63,0,1,0,0,0,0,0,0,740.0,0.0,1,8,8,6,6,20,37.74,0,14,5,35.71,16,23,53,14,56,44.8,13,198,50,248,119.4,16,0,442,14,2,0,Brajan Gruda,Brighton & Hove Albion,1198075,30
356,7,4,36.36,53,10,47.62,101,52,153,71.83,4,30.77,9,18,1,0,0,0,29,2,0,3,0,10,15,0,0,5,5,33,0,1,1.15,0.84,8,0,8.33,0,1,2,11,11,0,1,0,,28,53.85,0,0,0,60,4,9,1,11,773,2,1,0,0,0,0,0.0,0,0,0,0,95,2,0,6.63,0,0,0,0,0,0,0,0,773.0,0.0,0,9,3,6,3,7,53.85,0,13,8,61.54,9,16,13,11,32,49.23,21,139,74,213,99.5,12,0,323,8,1,0,Chris Rigg,Sunderland,1394089,41
357,9,4,16.67,137,10,25.0,251,162,413,83.94,15,48.39,16,15,1,0,0,0,43,3,0,4,2,29,15,0,0,11,15,75,0,0,0.94,0.24,18,0,0.0,0,0,1,13,9,4,0,0,,46,43.81,0,0,1,79,13,4,0,12,932,1,4,0,0,0,0,0.0,0,0,0,0,150,3,0,6.63,0,0,0,0,0,0,0,0,0.0,0.0,0,4,2,2,0,7,31.82,0,19,15,78.95,4,16,22,24,61,44.85,40,310,182,492,99.5,6,0,808,20,5,0,Conor Bradley,Liverpool FC,1008402,44
358,2,0,0.0,16,5,23.81,55,122,177,80.09,5,55.56,4,9,0,0,0,0,13,0,1,2,0,31,9,0,0,1,5,12,1,2,0.07,0.29,0,0,0.0,4,0,0,7,6,1,0,0,,17,68.0,0,0,0,44,5,1,0,6,525,0,2,0,0,0,0,0.0,0,0,0,0,54,0,0,6.63,0,0,0,0,0,0,0,0,0.0,0.0,0,3,0,0,1,2,50.0,0,9,5,55.56,1,9,4,2,22,64.71,21,80,141,221,59.7,3,0,304,6,0,0,Jair,Nottingham Forest,1170722,14
359,1,0,0.0,3,1,50.0,6,3,9,81.82,0,0.0,0,3,0,0,0,0,2,0,0,0,0,0,3,0,0,1,0,4,0,0,0.01,0.1,2,0,0.0,0,0,0,0,0,0,0,0,,4,50.0,0,0,1,2,0,0,0,0,51,0,0,0,0,0,0,0.0,0,0,0,0,7,0,0,6.63,0,0,0,0,0,0,0,0,0.0,0.0,0,0,4,3,1,1,50.0,0,1,1,100.0,0,2,2,0,4,50.0,2,7,4,11,19.9,4,0,26,2,0,0,Shea Lacey,Manchester United,1465865,35
360,0,2,25.0,5,1,16.67,14,25,39,81.25,1,100.0,0,3,0,0,0,0,3,0,0,1,0,4,3,0,0,1,3,9,0,0,0.08,0.07,3,0,0.0,0,0,0,2,2,0,0,0,,6,40.0,0,0,0,9,2,1,0,2,127,0,0,0,0,0,0,0.0,0,0,0,0,22,0,0,6.63,0,0,0,0,0,0,0,0,0.0,0.0,0,1,0,0,0,2,50.0,0,4,2,50.0,1,3,4,8,7,43.75,6,21,27,48,19.9,1,0,88,0,1,0,Arthur Masuaku,Sunderland,174975,41
361,4,3,12.5,74,2,16.67,131,59,190,72.24,6,25.0,18,22,0,0,0,0,33,0,2,2,0,13,22,0,0,7,10,59,0,0,0.42,2.15,6,0,15.0,0,3,3,18,14,4,3,0,,39,48.75,0,0,0,73,9,4,0,9,978,3,2,0,1,0,0,0.0,0,0,0,0,157,5,0,6.63,0,3,0,0,0,0,0,0,326.0,0.0,0,18,2,12,6,8,30.77,0,23,18,78.26,3,10,26,24,45,43.27,12,181,82,263,145.9,20,0,481,8,0,0,Rodrigo Gomes,Wolverhampton,1006073,3
362,14,0,0.0,85,34,47.22,244,415,659,87.98,35,49.3,36,18,0,0,0,0,48,0,0,0,4,83,17,0,0,1,3,51,0,1,0.18,0.02,8,0,0.0,2,0,0,27,24,3,0,0,,25,62.5,0,0,0,90,12,3,0,15,1286,2,5,0,0,0,1,0.0,0,0,0,0,100,2,0,6.63,0,0,0,0,0,0,0,0,0.0,0.0,0,1,0,1,0,0,0.0,0,20,15,75.0,3,28,3,1,60,54.05,72,308,441,749,112.7,1,0,922,5,1,0,Bafodé Diakité,Bournemouth,962408,60
363,2,0,0.0,82,4,57.14,139,59,198,72.0,65,46.76,74,31,1,0,0,0,44,2,12,7,1,15,31,0,0,29,4,150,0,0,0.68,5.94,32,0,19.44,0,7,8,30,25,5,7,0,,47,38.21,2,0,1,77,0,15,1,22,1944,8,6,0,0,0,1,0.0,0,0,0,1,182,6,0,6.63,0,4,0,0,0,0,0,0,277.71,0.0,0,34,2,11,18,2,12.5,0,9,2,22.22,15,6,16,2,112,42.75,7,202,73,275,205.5,36,2,538,37,6,0,Brian Brobbey,Sunderland,910048,41
364,10,7,14.29,108,13,56.52,199,128,327,81.34,1,7.14,13,28,1,0,0,0,61,0,2,5,2,17,28,0,0,11,13,62,2,0,1.19,2.13,5,0,16.0,0,4,5,14,10,4,2,2,,28,36.36,0,0,0,75,2,12,0,16,1561,2,1,0,0,0,0,0.0,0,0,0,0,192,4,0,6.63,0,4,0,0,0,0,0,0,390.25,0.0,0,16,9,10,10,16,44.44,0,11,6,54.55,12,17,36,49,29,31.87,23,256,146,402,185.6,25,0,637,1,0,0,Chemsdine Talbi,Sunderland,1142675,41
365,3,2,10.0,76,6,75.0,112,55,167,76.61,1,7.14,13,23,1,0,0,0,26,1,0,4,0,12,21,0,0,9,4,42,0,0,0.72,0.41,7,0,0.0,0,0,1,14,13,1,0,0,,34,53.97,0,0,0,51,3,9,0,4,535,0,0,0,0,0,0,0.0,0,0,0,1,103,5,0,6.63,0,0,0,0,0,0,0,0,0.0,0.0,0,5,5,6,0,5,35.71,0,18,14,77.78,9,6,14,20,35,45.45,8,150,68,218,139.2,10,0,360,11,3,0,Wilfried Gnonto,Leeds United,998951,34
366,5,9,24.32,86,4,26.67,140,49,189,72.41,8,30.77,18,30,4,0,0,0,52,4,7,7,0,10,29,0,0,26,6,75,0,2,1.26,3.99,10,0,3.45,0,1,5,8,7,1,1,0,,47,45.19,0,0,0,72,1,13,0,11,1079,5,1,0,0,0,0,0.0,0,0,0,0,191,16,0,6.63,0,1,0,0,0,0,0,0,1079.0,0.0,0,26,3,9,13,22,57.89,0,12,8,66.67,13,11,38,37,55,42.31,15,201,60,261,192.2,29,0,520,14,3,0,Gabriel Martinelli,Arsenal,922573,42
367,9,10,23.81,93,7,35.0,150,114,264,81.48,7,38.89,11,22,1,0,0,0,62,1,1,12,3,13,22,0,0,19,12,59,1,1,1.92,1.39,11,0,0.0,0,0,1,9,7,2,0,0,,37,43.53,0,0,1,60,10,15,0,14,1188,2,3,0,0,0,0,0.0,0,0,0,0,149,12,0,6.63,0,0,0,0,0,0,0,0,0.0,0.0,0,12,12,7,5,7,53.85,0,23,17,73.91,15,19,13,42,44,42.72,20,193,131,324,145.8,24,0,555,7,1,0,Dwight McNeil,Everton,935543,48
368,2,0,0.0,20,1,50.0,35,35,70,80.46,8,26.67,22,12,0,0,0,0,17,1,1,6,0,10,12,0,0,11,3,53,0,0,0.48,1.77,7,0,13.33,0,2,2,12,10,2,2,0,,20,39.22,0,0,0,17,2,7,1,2,416,3,1,0,0,0,0,0.0,0,0,0,0,68,1,0,6.63,0,1,0,0,0,0,0,0,208.0,0.0,0,13,2,3,6,5,31.25,0,8,6,75.0,7,2,16,1,28,34.57,2,46,41,87,79.5,15,0,216,7,2,0,Eddie Nketiah,Crystal Palace,858194,7
369,1,0,0.0,10,0,0.0,15,7,22,70.97,2,66.67,1,11,0,0,0,0,7,0,0,0,0,2,8,0,0,4,4,12,0,0,0.05,0.09,4,0,0.0,0,0,0,1,1,0,0,0,,8,42.11,0,0,0,9,0,1,0,0,111,0,1,0,0,0,0,0.0,0,0,0,0,14,2,0,6.63,0,0,0,0,0,0,0,0,0.0,0.0,0,2,0,2,0,1,100.0,0,6,4,66.67,1,2,1,0,10,45.45,1,24,7,31,53.0,2,0,57,1,2,0,Mohamadou Kanté,West Ham United,1523623,37
370,0,0,0.0,6,0,0.0,10,7,17,70.83,0,0.0,2,9,1,0,0,0,10,0,1,1,0,1,9,0,0,9,2,18,0,0,0.12,0.46,4,0,25.0,0,1,2,2,2,0,1,0,,5,23.81,0,0,0,7,0,6,0,1,164,1,1,0,0,0,0,0.0,0,0,0,0,23,2,0,6.62,0,1,0,0,0,0,0,0,164.0,0.0,0,4,0,2,1,1,50.0,0,3,2,66.67,6,3,2,1,5,21.74,2,17,7,24,59.6,4,0,58,1,0,0,Stefanos Tzimas,Brighton & Hove Albion,1155321,30
371,12,1,14.29,57,24,28.24,155,410,565,80.03,60,57.14,45,27,1,0,0,0,59,1,1,2,4,119,27,0,0,6,8,89,0,1,0.72,0.78,23,0,0.0,0,0,1,32,30,2,0,0,,45,50.56,0,0,0,141,18,4,0,20,1820,0,16,0,0,0,1,0.0,0,0,0,0,180,2,0,6.62,0,0,0,0,0,0,0,0,0.0,0.0,0,8,2,5,3,3,27.27,0,37,22,59.46,4,41,11,7,105,54.12,85,267,439,706,178.8,10,0,1026,5,4,0,Kristoffer Ajer,Brentford,576384,50
372,31,16,23.88,172,33,36.67,347,327,674,76.24,24,45.28,29,34,2,0,0,0,134,7,3,7,4,73,34,0,0,34,26,165,1,2,3.16,2.11,39,0,5.56,0,1,3,44,39,5,1,0,,114,45.6,0,0,0,210,34,21,1,32,2809,10,5,0,0,0,0,0.0,0,0,0,1,414,16,0,6.62,0,0,0,0,0,0,0,0,2809.0,0.0,0,11,7,7,4,19,33.33,0,66,43,65.15,21,70,57,67,138,45.54,90,505,379,884,225.1,18,0,1547,29,6,0,Jayden Bogle,Leeds United,929132,34
373,0,0,0.0,15,0,0.0,37,31,68,89.47,2,66.67,1,6,0,0,0,0,10,0,0,1,0,2,5,0,0,0,4,7,0,0,0.04,0.03,2,0,0.0,0,0,0,2,2,0,0,0,,5,45.45,0,0,0,8,2,0,0,2,177,0,0,0,0,0,0,0.0,0,0,0,0,11,1,0,6.62,0,0,0,0,0,0,0,0,0.0,0.0,0,0,1,0,0,0,0.0,0,1,0,0.0,0,3,0,2,7,50.0,3,40,36,76,33.1,1,0,100,4,1,0,Guido Rodríguez,West Ham United,609752,37
374,1,0,0.0,45,1,100.0,80,49,129,62.02,92,44.44,115,37,1,0,0,0,26,1,10,11,0,43,36,0,0,30,3,204,0,1,0.22,8.91,33,0,20.93,0,9,10,19,18,1,9,0,,41,31.54,3,0,1,79,1,12,1,17,1613,9,5,0,0,0,0,0.0,0,0,0,0,222,8,0,6.62,0,5,0,0,0,0,0,0,179.22,0.0,0,42,1,15,17,14,34.15,0,15,4,26.67,12,2,41,2,133,39.47,1,141,67,208,238.3,43,2,561,12,3,0,Beto,Everton,987489,48
375,1,0,0.0,24,0,0.0,36,24,60,80.0,9,18.0,41,17,1,0,0,0,18,2,3,1,0,4,17,0,0,5,4,62,0,0,0.77,3.58,10,0,26.67,0,4,5,4,3,1,4,0,,11,34.38,1,0,0,15,1,6,1,3,502,6,1,0,0,0,0,0.0,0,0,0,1,54,4,0,6.62,0,2,0,0,0,0,0,0,125.5,0.0,0,14,1,6,8,2,50.0,0,2,1,50.0,6,4,4,1,20,24.39,0,50,25,75,112.5,15,1,161,7,2,0,Taiwo Awoniyi,Nottingham Forest,359664,14
376,4,0,0.0,34,16,41.03,89,116,205,83.67,9,40.91,13,12,1,0,0,0,10,0,0,1,2,30,12,0,1,1,1,20,1,0,0.14,0.15,6,0,0.0,6,0,1,7,5,2,0,0,,15,68.18,0,0,1,40,6,2,0,5,591,0,1,0,0,0,0,0.0,0,0,0,0,78,0,0,6.62,1,0,0,0,0,0,0,0,0.0,0.0,0,4,0,2,1,1,100.0,0,6,5,83.33,2,13,1,7,24,54.55,39,120,125,245,79.4,4,0,363,8,1,0,Luke O'Nien,Sunderland,365812,41
377,10,18,26.09,97,10,23.26,157,95,252,65.97,16,50.0,16,34,1,0,0,0,56,1,2,7,2,32,34,0,0,12,15,81,0,1,1.31,2.43,20,0,8.7,0,2,3,24,24,0,2,0,,51,43.97,0,0,0,130,4,19,0,19,1752,14,1,0,0,0,0,0.0,0,0,0,0,251,11,0,6.61,0,2,0,0,0,0,0,0,876.0,0.0,1,15,8,11,5,9,31.03,0,29,18,62.07,19,27,29,69,67,45.27,43,256,126,382,224.9,23,0,702,15,6,0,Brennan Johnson,Crystal Palace,1085180,7
378,7,0,0.0,137,4,50.0,237,119,356,76.56,47,35.61,85,36,1,0,0,0,80,3,10,13,2,29,36,0,0,39,8,171,0,1,1.49,10.59,26,0,8.57,0,6,7,40,32,8,6,0,,66,43.42,2,0,2,109,8,31,2,32,2759,30,6,0,0,0,0,0.0,0,0,0,2,243,19,0,6.61,0,2,0,0,0,0,0,0,459.83,0.0,0,63,7,35,22,16,50.0,0,13,5,38.46,31,13,32,4,113,39.79,8,324,141,465,238.1,70,0,839,37,2,0,Evanilson,Bournemouth,998490,60
379,5,9,29.03,110,8,80.0,205,152,357,89.47,10,35.71,18,23,0,0,0,0,58,0,4,6,1,15,22,0,0,26,14,95,0,0,0.62,3.25,25,0,6.25,0,1,1,21,17,4,1,0,,60,43.8,0,0,1,42,8,11,0,14,1121,3,2,0,0,0,0,0.0,0,0,0,0,126,7,0,6.61,0,1,0,0,0,0,0,0,1121.0,0.0,3,9,7,7,3,8,40.0,0,43,27,62.79,11,8,20,31,70,42.42,10,235,164,399,145.5,16,0,666,9,1,0,Jhon Arias,Wolverhampton,844096,3
380,4,0,0.0,110,3,37.5,180,98,278,79.89,3,13.64,19,32,2,0,0,0,59,0,3,5,0,14,32,0,0,19,8,77,1,0,0.65,2.47,13,0,3.85,0,1,3,18,17,1,1,0,,73,55.73,0,0,1,70,3,15,0,15,1310,3,5,0,0,0,0,0.0,0,0,0,0,169,5,0,6.61,0,1,0,0,0,0,0,0,1310.0,0.0,0,19,7,10,11,16,43.24,0,27,14,51.85,15,10,37,12,76,49.67,8,233,115,348,211.6,26,0,602,30,4,0,Joshua King,Fulham,1546231,43
381,4,3,37.5,119,1,33.33,164,35,199,62.38,30,30.93,67,36,1,0,0,0,55,4,13,14,4,19,36,0,0,25,8,160,0,1,1.94,12.4,35,0,25.45,0,14,15,14,11,3,13,1,,44,32.12,2,0,1,120,1,20,2,26,2254,4,3,0,0,3,0,100.0,0,3,0,0,270,20,0,6.61,0,10,0,0,0,0,0,0,161.0,0.0,0,51,4,19,22,7,18.92,0,7,5,71.43,20,12,37,8,74,31.62,3,267,52,319,238.0,55,3,652,31,5,0,Viktor Gyökeres,Arsenal,804508,42
382,7,7,14.0,41,3,37.5,59,13,72,60.5,7,50.0,7,19,0,0,0,0,19,1,2,7,0,8,18,0,0,4,8,29,0,0,0.73,0.91,1,0,0.0,0,0,0,16,12,4,0,0,,21,48.84,0,0,0,47,1,9,0,6,566,1,0,0,0,0,0,0.0,0,0,0,0,116,3,0,6.61,0,0,0,0,0,0,0,0,0.0,0.0,0,5,9,4,3,6,40.0,0,7,4,57.14,9,11,15,50,28,49.12,8,93,26,119,119.0,14,0,257,8,0,0,Daniel James,Leeds United,828639,34
383,80,7,18.92,257,94,39.66,544,571,1115,77.38,47,51.09,45,36,2,0,0,0,155,3,0,3,4,102,36,0,0,14,19,123,0,2,1.34,0.16,32,0,0.0,0,0,2,66,60,6,0,0,,91,53.85,0,0,0,326,45,13,0,35,3097,1,10,0,0,0,0,0.0,0,0,0,0,563,5,0,6.61,0,0,0,0,0,0,0,0,0.0,0.0,0,1,3,1,0,13,48.15,0,56,33,58.93,13,165,27,37,138,52.87,237,776,665,1441,237.8,4,0,2232,22,9,0,Kyle Walker,Burnley,44614,6
384,7,0,0.0,38,11,47.83,104,135,239,83.57,9,50.0,9,21,0,0,0,0,35,0,1,1,0,23,20,0,0,5,6,33,0,0,0.14,0.46,7,0,0.0,0,0,0,9,7,2,0,0,,24,50.0,0,0,0,47,8,0,0,8,716,0,6,0,0,0,0,0.0,0,0,0,0,81,0,0,6.61,0,0,0,0,0,0,0,0,0.0,0.0,0,3,3,4,1,0,0.0,0,15,7,46.67,0,16,7,4,33,50.0,23,131,155,286,132.1,6,0,447,9,1,0,Aaron Hickey,Brentford,966869,50
385,10,3,15.0,86,10,55.56,143,106,249,81.64,5,26.32,14,23,3,0,0,0,39,0,1,1,0,13,21,0,0,7,9,63,1,0,0.43,1.4,24,0,8.33,0,1,4,18,13,5,1,0,,44,47.31,1,0,0,56,2,5,0,11,979,3,2,0,0,0,0,0.0,0,0,0,0,132,4,0,6.6,0,0,0,0,0,0,0,0,979.0,0.0,0,10,2,6,5,15,62.5,0,22,14,63.64,5,16,24,20,49,43.75,18,187,118,305,138.7,12,1,494,7,2,0,Lucas Bergvall,Tottenham Hotspur,1391251,33
386,5,8,28.57,137,6,66.67,220,56,276,84.92,5,29.41,12,24,2,0,0,0,54,2,4,4,0,13,24,0,0,21,3,55,0,1,1.22,1.9,2,0,0.0,0,0,2,13,9,4,0,0,,44,50.57,0,0,1,49,1,20,0,10,990,2,0,0,0,0,0,0.0,0,0,0,0,141,7,0,6.6,0,0,0,0,0,0,0,0,0.0,0.0,0,14,8,10,8,24,58.54,0,10,9,90.0,20,8,41,28,49,47.12,9,254,71,325,158.5,22,0,539,10,0,0,Wilson Odobert,Tottenham Hotspur,1142679,33
387,20,16,38.1,172,24,33.8,342,224,566,76.69,22,47.83,24,25,2,0,0,0,75,2,0,0,3,94,25,0,0,15,7,82,0,3,1.0,,23,0,0.0,0,0,2,43,39,4,0,0,,61,51.26,0,0,0,172,40,18,0,23,2084,1,7,0,0,0,0,0.0,0,0,0,0,319,3,0,6.6,0,0,0,0,0,0,0,0,0.0,0.0,0,0,0,0,0,16,48.48,0,33,23,69.7,18,44,33,42,83,50.3,71,467,271,738,165.1,0,1,1352,12,4,0,Aaron Wan-Bissaka,West Ham United,863653,37
388,2,1,20.0,46,0,0.0,70,34,104,68.42,9,39.13,14,14,2,0,0,0,15,3,3,6,1,12,14,0,0,9,3,46,0,0,0.86,2.74,13,0,11.11,0,2,4,20,19,1,1,1,,21,39.62,0,0,2,48,2,6,0,14,1146,6,1,0,0,1,0,100.0,0,1,0,0,101,3,0,6.6,0,2,0,0,0,0,0,0,573.0,0.0,0,14,4,6,6,10,55.56,0,8,4,50.0,6,6,18,5,30,39.47,4,107,45,152,92.4,18,0,282,3,3,0,Adam Armstrong,Wolverhampton,361352,3
389,23,15,18.99,307,28,34.15,530,383,913,85.33,33,50.0,33,34,1,0,0,0,88,3,0,2,3,71,34,0,0,7,10,79,1,1,0.7,1.59,22,0,22.22,0,2,3,37,31,6,2,0,,81,63.78,0,0,0,157,14,26,1,27,2301,4,8,0,0,0,0,0.0,0,0,0,0,304,2,0,6.6,0,1,0,0,0,0,0,0,1150.5,0.0,0,6,3,5,2,12,54.55,0,41,26,63.41,26,51,22,79,114,59.07,82,642,428,1070,224.4,9,1,1614,30,4,0,Miloš Kerkez,Liverpool FC,1097425,44
390,1,0,0.0,10,0,0.0,16,9,25,56.82,5,45.45,6,12,0,0,0,0,6,1,3,3,0,3,12,0,0,1,2,11,0,0,0.36,2.04,2,0,22.22,0,2,2,8,7,1,2,0,,5,50.0,0,0,1,19,0,4,0,2,294,0,0,0,0,0,0,0.0,0,0,0,0,25,1,0,6.6,0,2,0,0,0,0,0,0,147.0,0.0,0,8,1,3,3,1,100.0,0,4,2,50.0,4,4,1,1,10,47.62,2,30,14,44,79.2,9,0,75,0,0,0,Tammy Abraham,Aston Villa,610766,40
391,6,8,29.63,79,13,27.66,141,173,314,78.7,7,58.33,5,14,0,0,0,0,27,1,0,1,3,29,14,0,0,2,15,36,0,0,0.44,1.34,12,0,40.0,0,2,2,18,13,5,2,0,,27,46.55,0,0,0,85,4,7,1,11,1026,1,3,0,0,0,0,0.0,0,0,0,0,147,1,0,6.6,0,1,0,0,0,0,0,0,513.0,0.0,0,5,0,1,3,2,40.0,0,20,12,60.0,7,28,5,27,34,48.57,47,200,199,399,92.4,5,1,637,5,2,0,Nicolò Savona,Nottingham Forest,1010220,14
392,8,0,0.0,28,15,33.33,129,304,433,87.65,15,60.0,10,13,0,0,0,0,19,0,0,0,0,42,12,0,0,0,3,21,0,1,0.05,0.8,9,0,50.0,0,1,1,13,10,3,1,0,,10,47.62,1,0,0,61,6,0,0,8,827,0,7,0,0,0,0,0.0,0,0,0,0,73,1,0,6.6,0,0,0,0,0,0,0,0,827.0,0.0,0,2,0,1,1,1,100.0,0,6,4,66.67,0,25,1,1,25,54.35,45,168,326,494,79.2,2,0,589,3,2,0,Issa Diop,Fulham,825719,43
393,7,8,24.24,54,14,50.0,119,74,193,74.23,11,57.89,8,22,2,0,0,0,27,3,0,2,0,31,19,0,0,2,3,26,0,0,1.08,0.12,10,0,0.0,0,0,2,23,20,3,0,0,,19,51.35,0,0,0,67,7,8,0,11,1061,0,2,0,0,0,0,0.0,0,0,0,0,129,2,0,6.6,0,0,0,0,0,0,0,0,0.0,0.0,0,3,0,1,0,5,62.5,0,10,5,50.0,8,19,8,33,30,53.57,28,165,95,260,125.4,3,0,465,4,1,0,David Møller Wolfe,Wolverhampton,1031283,3
394,0,0,0.0,0,0,0.0,0,0,0,0.0,0,0.0,2,1,0,0,0,0,0,0,0,0,0,0,1,0,0,0,0,2,0,0,,,0,0,0.0,0,0,0,0,0,0,0,0,,2,100.0,0,0,0,0,0,0,0,0,8,0,0,0,0,0,0,0.0,0,0,0,0,1,0,0,6.6,0,0,0,0,0,0,0,0,0.0,0.0,0,0,0,0,0,0,0.0,0,1,1,100.0,0,0,0,0,2,50.0,0,0,0,0,6.6,0,0,5,1,0,0,Odsonne Édouard,Crystal Palace,795228,7
395,0,0,0.0,0,0,0.0,0,0,0,0.0,0,0.0,0,1,0,0,0,0,0,0,0,0,0,2,1,0,0,0,0,0,0,0,,,0,0,0.0,0,0,0,0,0,0,0,0,,0,0.0,0,0,0,1,0,0,0,0,10,0,0,0,0,0,0,0.0,0,0,0,0,1,0,0,6.6,0,0,0,0,0,0,0,0,0.0,0.0,0,0,0,0,0,0,0.0,0,0,0,0.0,0,0,0,0,0,0.0,1,1,0,1,6.6,0,0,3,0,0,0,Tyler Fredricson,Manchester United,1142182,35
396,0,0,0.0,1,0,0.0,2,0,2,100.0,0,0.0,1,1,0,0,0,0,0,0,0,0,0,1,1,0,0,0,0,1,0,0,0.0,,0,0,0.0,0,0,0,0,0,0,0,0,,3,100.0,0,0,0,0,0,0,0,0,11,0,0,0,0,0,0,0.0,0,0,0,0,2,0,0,6.6,0,0,0,0,0,0,0,0,0.0,0.0,0,0,0,0,0,0,0.0,0,2,1,50.0,0,0,0,1,3,75.0,0,2,0,2,6.6,0,0,8,1,0,0,Jota Silva,Nottingham Forest,1011895,14
397,0,0,0.0,1,0,0.0,2,4,6,85.71,0,0.0,0,1,0,0,0,0,1,0,0,0,0,0,1,0,0,0,0,1,0,0,0.0,,0,0,0.0,0,0,0,0,0,0,0,0,,1,50.0,0,0,0,1,0,0,0,0,8,0,0,0,0,0,0,0.0,0,0,0,0,2,0,0,6.6,0,0,0,0,0,0,0,0,0.0,0.0,0,0,0,0,0,0,0.0,0,0,0,0.0,0,0,1,0,1,50.0,0,2,5,7,6.6,0,0,11,1,0,0,Jamaldeen Jimoh,Aston Villa,1410178,40
398,1,0,0.0,4,1,100.0,7,1,8,100.0,0,0.0,0,1,0,0,0,0,2,0,0,0,0,0,1,0,0,0,0,0,0,0,0.01,,0,0,0.0,0,0,0,0,0,0,0,0,,0,0.0,0,0,0,0,0,0,0,0,14,0,0,0,0,0,0,0.0,0,0,0,0,0,1,0,6.6,0,0,0,0,0,0,0,0,0.0,0.0,0,0,0,0,0,0,0.0,0,0,0,0.0,0,1,0,0,0,0.0,1,7,1,8,6.6,0,0,9,0,0,0,Callum Olusesi,Tottenham Hotspur,1403190,33
399,0,0,0.0,2,0,0.0,13,5,18,94.74,0,0.0,0,2,0,0,0,0,2,0,0,0,0,0,1,0,0,0,0,0,0,0,0.01,,0,0,0.0,0,0,0,0,0,0,0,0,,0,0.0,0,0,0,1,0,0,0,0,17,0,0,0,0,0,0,0.0,0,0,0,0,1,0,0,6.6,0,0,0,0,0,0,0,0,0.0,0.0,0,0,0,0,0,0,0.0,0,0,0,0.0,0,0,0,0,0,0.0,1,14,5,19,6.6,0,0,20,0,0,0,Tyler Fletcher,Manchester United,1402850,35
400,0,0,0.0,1,0,0.0,2,1,3,100.0,0,0.0,1,2,0,0,0,0,2,0,0,0,0,1,2,0,0,0,1,4,0,0,0.0,,3,0,0.0,0,0,0,0,0,0,0,0,,4,57.14,0,0,0,0,0,0,0,0,31,0,0,0,0,0,0,0.0,0,0,0,0,2,0,0,6.6,0,0,0,0,0,0,0,0,0.0,0.0,0,0,0,0,0,0,0.0,0,3,0,0.0,0,0,0,0,4,50.0,0,2,1,3,13.2,0,0,10,1,0,0,Tawanda Chirewa,Wolverhampton,1005725,3
401,0,0,0.0,1,0,0.0,8,3,11,84.62,0,0.0,1,3,0,0,0,0,3,0,0,0,0,1,3,0,0,1,0,2,0,0,0.0,,0,0,0.0,0,0,0,1,1,0,0,0,,3,75.0,0,0,0,2,0,0,0,0,32,0,0,0,0,0,0,0.0,0,0,0,0,3,0,0,6.6,0,0,0,0,0,0,0,0,0.0,0.0,0,0,0,0,0,0,0.0,0,3,1,33.33,0,1,0,0,3,60.0,2,10,3,13,19.8,0,0,23,0,0,0,Tyrell Malacia,Manchester United,825839,35
402,0,0,0.0,1,1,100.0,4,4,8,88.89,0,0.0,2,3,0,0,0,0,0,0,0,0,0,1,1,0,0,0,0,2,0,0,0.0,,0,0,0.0,0,0,0,0,0,0,0,0,,1,100.0,0,0,0,1,1,0,0,0,13,0,0,0,0,0,0,0.0,0,0,0,0,1,0,0,6.6,0,0,0,0,0,0,0,0,0.0,0.0,0,0,0,0,0,0,0.0,0,0,0,0.0,0,0,0,0,1,33.33,1,5,4,9,6.6,0,0,14,1,0,0,Dan Neil,Sunderland,964106,41
403,8,0,0.0,13,31,31.0,25,82,107,60.45,1,100.0,0,6,0,0,0,0,39,1,0,0,0,7,6,1,0,0,1,1,1,0,0.04,,0,0,0.0,16,0,0,11,10,1,0,0,-0.84,4,80.0,0,4,0,70,0,1,0,6,540,0,0,0,0,0,0,0.0,0,0,0,0,72,0,1,6.6,0,0,2,11,2,13,0,2,0.0,0.0,0,0,0,0,0,1,100.0,2,0,0,0.0,1,10,1,0,5,83.33,100,86,91,177,39.6,0,0,225,3,0,0,Altay Bayındır,Manchester United,815890,35
404,2,3,25.0,25,5,83.33,51,32,83,89.25,0,0.0,4,7,0,0,0,0,14,0,0,0,0,0,5,0,0,2,1,9,0,0,0.18,,1,0,0.0,0,0,0,4,4,0,0,0,,6,54.55,0,0,0,10,1,3,0,2,163,0,1,0,0,0,0,0.0,0,0,0,0,24,2,0,6.6,0,0,0,0,0,0,0,0,0.0,0.0,0,0,0,0,0,0,0.0,0,6,3,50.0,3,5,1,12,6,40.0,6,60,33,93,33.0,0,0,130,0,0,0,Andy Irving,West Ham United,845464,37
405,1,0,0.0,7,1,50.0,8,1,9,56.25,0,0.0,1,4,0,0,0,0,5,0,0,2,0,0,3,0,0,2,1,7,0,0,0.02,0.1,2,0,0.0,0,0,0,0,0,0,0,0,,8,57.14,0,0,0,7,0,1,0,0,38,0,0,0,0,0,0,0.0,0,0,0,0,14,1,0,6.6,0,0,0,0,0,0,0,0,0.0,0.0,0,0,3,0,1,5,83.33,0,0,0,0.0,1,2,6,2,8,53.33,2,12,4,16,19.8,3,0,34,3,0,0,Romelle Donovan,Brentford,1586020,50
406,0,0,0.0,9,0,0.0,10,4,14,82.35,0,0.0,0,3,0,0,0,0,3,0,0,0,0,0,3,0,0,0,0,0,0,0,0.05,0.05,0,0,0.0,0,0,0,2,2,0,0,0,,3,100.0,0,0,0,3,1,0,0,0,56,0,0,0,0,0,0,0.0,0,0,0,0,9,0,0,6.6,0,0,0,0,0,0,0,0,0.0,0.0,0,1,0,1,0,2,100.0,0,0,0,0.0,0,0,2,2,3,100.0,1,13,4,17,19.8,1,0,30,1,0,0,Alysson,Aston Villa,1631879,40
407,0,0,0.0,3,1,100.0,5,4,9,75.0,0,0.0,1,4,0,0,0,0,3,0,0,0,0,0,4,0,0,2,1,4,0,0,0.02,0.04,0,0,0.0,0,0,0,1,1,0,0,0,,3,50.0,0,0,0,3,0,0,0,0,60,0,0,0,0,0,0,0.0,0,0,0,0,9,0,0,6.6,0,0,0,0,0,0,0,0,0.0,0.0,0,1,0,0,1,0,0.0,0,2,2,100.0,0,0,0,4,3,42.86,1,8,4,12,26.4,1,0,26,1,0,0,Solly March,Brighton & Hove Albion,301288,30
408,0,0,0.0,3,1,100.0,12,5,17,100.0,0,0.0,0,2,0,0,0,0,1,0,0,1,0,0,2,0,0,0,0,1,0,0,0.01,0.04,1,0,0.0,0,0,0,0,0,0,0,0,,0,0.0,0,0,0,0,0,0,0,0,25,0,0,0,0,0,0,0.0,0,0,0,0,0,0,0,6.6,0,0,0,0,0,0,0,0,0.0,0.0,0,0,1,0,0,0,0.0,0,0,0,0.0,0,0,0,0,0,0.0,1,12,5,17,13.2,1,0,20,0,0,0,George Hemmings,Aston Villa,1398204,40
409,24,4,33.33,108,21,40.38,225,223,448,83.12,9,36.0,16,24,2,0,0,0,57,3,0,3,2,44,23,0,0,17,1,55,1,0,1.18,1.48,12,0,18.18,0,2,4,28,20,8,2,0,,20,33.9,1,0,0,91,17,8,0,18,1500,0,4,0,0,0,0,0.0,0,0,0,0,150,2,0,6.6,0,1,0,0,0,0,0,0,750.0,0.0,0,8,3,3,5,7,43.75,0,11,8,72.73,8,52,16,12,29,34.52,52,287,252,539,151.7,11,0,766,2,5,0,Archie Gray,Tottenham Hotspur,1142335,33
410,1,1,100.0,38,4,22.22,140,300,440,92.05,11,61.11,7,17,0,0,0,0,26,0,0,2,1,20,16,0,0,8,4,24,2,3,0.14,0.63,2,0,25.0,4,1,1,13,13,0,1,0,,31,64.58,1,0,0,38,11,2,0,8,700,2,2,0,0,0,0,0.0,0,0,0,0,61,2,0,6.59,0,0,0,0,0,0,0,0,700.0,0.0,0,3,1,0,2,11,78.57,0,11,8,72.73,2,13,14,1,42,63.64,18,160,318,478,105.5,4,1,599,9,1,0,Josh Acheampong,Chelsea,1403050,38
411,6,12,14.63,154,8,66.67,250,94,344,80.75,13,37.14,22,32,1,0,0,0,32,2,1,5,0,6,31,0,0,18,12,88,0,0,1.76,1.67,8,0,0.0,0,0,1,28,26,2,0,0,,52,44.07,0,0,0,82,3,15,0,14,1338,2,0,0,0,0,0,0.0,0,0,0,0,250,3,0,6.59,0,0,0,0,0,0,0,0,0.0,0.0,0,12,5,8,4,13,30.95,0,14,11,78.57,15,10,42,82,65,42.48,12,313,113,426,204.4,17,0,731,25,0,0,Anthony Elanga,Newcastle United,979232,39
412,4,0,0.0,40,0,0.0,67,16,83,76.85,10,34.48,19,14,0,0,0,0,19,0,6,3,0,5,14,0,0,11,1,48,0,0,0.27,2.69,9,0,15.79,0,3,3,6,4,2,2,1,,13,30.95,0,0,1,25,3,3,0,3,421,7,0,0,0,0,0,0.0,0,0,0,0,67,3,0,6.59,0,3,0,0,0,0,0,0,140.33,0.0,0,17,2,4,12,8,50.0,0,4,0,0.0,3,7,16,0,23,32.39,2,84,24,108,92.3,19,0,214,1,3,0,Gabriel Jesus,Arsenal,794839,42
413,4,1,50.0,94,7,36.84,212,241,453,89.7,9,37.5,15,28,0,0,0,0,43,0,0,0,1,23,27,0,0,10,5,52,1,2,0.21,,17,0,0.0,0,0,0,17,14,3,0,0,,48,56.47,0,0,0,52,5,2,0,11,1104,0,6,0,0,0,0,0.0,0,0,0,0,86,3,0,6.59,0,0,0,0,0,0,0,0,0.0,0.0,0,0,0,0,0,2,28.57,0,26,18,69.23,2,10,7,2,57,52.29,19,244,261,505,178.0,0,0,668,20,5,0,Lamare Bogarde,Aston Villa,1089388,40
414,2,0,0.0,44,1,14.29,141,137,278,87.97,5,62.5,3,11,0,0,0,0,31,0,0,1,0,14,11,0,0,4,2,19,1,0,0.12,0.36,8,0,0.0,0,0,0,17,15,2,0,0,,27,62.79,0,0,0,38,9,0,0,7,605,0,3,0,0,0,0,0.0,0,0,0,0,51,0,0,6.59,0,0,0,0,0,0,0,0,0.0,0.0,0,1,4,2,2,3,60.0,0,18,11,61.11,0,10,5,1,32,62.75,7,170,146,316,72.5,5,0,408,6,4,0,Yves Bissouma,Tottenham Hotspur,844842,33
415,20,10,19.61,206,34,40.48,389,324,713,80.84,23,46.94,26,30,0,0,0,0,111,4,2,3,8,52,29,0,0,29,10,133,2,4,1.78,0.9,28,0,0.0,0,0,0,31,25,6,0,0,,98,47.8,0,0,0,169,18,10,0,23,2079,4,3,0,0,0,0,0.0,0,0,0,0,364,10,0,6.59,0,0,0,0,0,0,0,0,0.0,0.0,0,7,6,2,8,33,43.42,0,44,27,61.36,10,53,76,51,121,47.64,84,500,382,882,191.1,13,0,1485,21,4,0,Djed Spence,Tottenham Hotspur,945798,33
416,1,0,0.0,42,1,25.0,60,21,81,71.68,3,37.5,5,26,1,0,0,0,9,2,1,6,0,7,25,0,0,4,5,34,0,0,0.61,1.5,11,0,11.76,0,2,3,9,6,3,2,0,,17,36.96,0,0,0,32,4,3,0,1,400,2,2,0,0,0,0,0.0,0,0,0,0,79,1,0,6.59,0,2,0,0,0,0,0,0,200.0,0.0,0,13,4,6,5,2,18.18,0,8,6,75.0,3,6,11,17,20,37.04,4,87,26,113,164.7,17,0,223,7,3,0,Federico Chiesa,Liverpool FC,845386,44
417,21,0,0.0,23,93,26.5,67,232,299,53.58,5,71.43,2,16,0,0,0,0,100,0,0,0,3,16,16,0,0,0,0,3,0,0,0.03,,1,0,0.0,84,0,0,29,28,1,0,0,-2.18,2,66.67,0,9,0,259,0,0,0,16,1440,0,0,0,0,0,1,0.0,4,0,0,0,274,0,6,6.59,0,0,3,29,8,38,0,8,0.0,0.0,0,0,0,0,0,0,0.0,3,0,0,0.0,0,36,0,0,7,70.0,351,293,265,558,105.4,0,0,700,3,2,0,Lucas Perri,Leeds United,871290,34
418,2,0,0.0,41,2,66.67,66,45,111,69.38,26,40.0,39,15,0,0,0,0,14,0,4,0,0,9,15,0,0,2,5,53,0,1,0.32,4.25,6,0,13.04,0,3,3,14,12,2,3,0,,8,36.36,0,0,2,49,1,5,2,11,906,4,4,0,0,0,0,0.0,0,0,0,0,75,4,0,6.59,0,1,0,0,0,0,0,0,302.0,0.0,0,22,1,14,9,1,50.0,0,1,1,100.0,5,8,2,1,34,39.08,3,104,56,160,98.8,23,2,241,6,0,0,Chris Wood,Nottingham Forest,50480,14
419,2,5,45.45,42,1,20.0,64,25,89,80.18,1,33.33,2,15,0,0,0,0,14,3,1,1,0,0,14,0,0,9,1,28,0,1,1.18,0.63,9,0,0.0,0,0,0,9,9,0,0,0,,16,38.1,0,0,0,22,2,3,0,1,370,4,0,0,0,0,0,0.0,0,0,0,0,58,5,0,6.59,0,0,0,0,0,0,0,0,0.0,0.0,0,7,3,4,5,7,50.0,0,7,5,71.43,3,4,14,11,17,37.78,5,81,30,111,92.2,10,0,192,2,2,0,Tyrique George,Everton,1403061,48
420,7,5,26.32,65,3,60.0,79,28,107,76.98,4,40.0,6,13,1,0,0,0,31,1,1,3,0,4,13,0,0,9,5,47,0,0,1.46,0.49,6,0,0.0,0,0,1,9,8,1,0,0,,20,32.79,0,0,1,32,3,12,0,3,466,1,0,0,0,0,0,0.0,0,0,0,0,96,4,0,6.58,0,0,0,0,0,0,0,0,0.0,0.0,0,6,2,4,1,5,19.23,0,10,6,60.0,12,12,26,19,24,33.8,5,105,34,139,85.6,8,0,260,5,1,0,Leon Bailey,Aston Villa,808590,40
421,12,3,30.0,109,13,81.25,229,104,333,72.71,81,39.13,126,37,4,0,0,0,61,5,3,31,1,30,37,0,0,43,8,240,0,1,1.27,6.64,42,0,8.57,0,6,10,37,31,6,6,0,,74,39.36,2,0,2,125,3,15,0,28,2320,11,5,0,0,1,0,100.0,0,1,0,0,298,19,0,6.58,0,4,0,0,0,0,0,0,386.67,0.0,0,60,10,18,21,11,28.21,0,24,16,66.67,15,22,39,10,155,39.24,16,335,123,458,243.6,70,0,883,40,2,0,Igor Jesus,Nottingham Forest,981619,14
422,2,2,66.67,24,4,40.0,44,24,68,83.95,3,75.0,1,6,0,0,0,0,6,0,0,1,0,4,6,0,0,1,0,2,0,0,0.49,0.12,0,0,0.0,0,0,0,3,3,0,0,0,,1,50.0,0,0,0,13,1,2,0,0,134,0,0,0,0,0,0,0.0,0,0,0,0,17,0,0,6.58,0,0,0,0,0,0,0,0,0.0,0.0,0,1,0,0,0,1,100.0,0,0,0,0.0,2,4,1,3,4,66.67,10,53,28,81,39.5,1,0,101,0,0,0,Ezra Mayers,West Ham United,1652590,37
423,2,0,0.0,9,0,0.0,24,27,51,83.61,2,40.0,3,7,0,0,0,0,4,0,0,0,0,8,6,0,0,1,4,11,0,0,0.04,0.08,3,0,0.0,0,0,0,1,1,0,0,0,,3,27.27,0,0,0,10,0,0,0,1,108,0,1,0,0,0,0,0.0,0,0,0,0,16,1,0,6.58,0,0,0,0,0,0,0,0,0.0,0.0,0,0,2,1,1,0,0.0,0,3,2,66.67,0,5,0,1,5,31.25,4,32,29,61,39.5,2,0,90,0,0,0,Christian Nørgaard,Arsenal,135256,42
424,24,1,7.14,110,29,28.16,273,563,836,79.32,98,60.49,64,29,2,0,0,0,76,0,1,3,5,152,29,0,0,6,19,125,0,2,0.4,1.06,36,0,10.0,3,1,3,34,29,5,1,0,,53,46.49,1,0,0,218,21,7,0,25,2209,3,12,0,0,0,1,0.0,0,0,0,1,292,3,0,6.58,1,0,0,0,0,0,0,0,2209.0,0.0,0,9,1,4,3,2,66.67,0,40,26,65.0,7,59,3,14,151,54.71,103,424,630,1054,190.9,10,0,1505,13,9,1,Dan Burn,Newcastle United,99090,39
425,13,12,22.22,206,25,67.57,318,297,615,86.01,18,60.0,12,30,1,0,0,0,82,5,1,6,2,64,29,0,0,23,24,106,0,1,2.41,1.3,17,0,0.0,0,0,1,27,25,2,0,0,,83,46.89,0,0,0,100,19,26,0,17,1615,1,1,0,0,0,0,0.0,0,0,0,0,275,3,0,6.58,0,0,0,0,0,0,0,0,0.0,0.0,0,13,7,9,5,21,41.18,0,43,32,74.42,26,34,51,54,101,48.79,37,384,331,715,190.9,20,0,1268,19,2,0,Ian Maatsen,Aston Villa,976263,40
426,2,0,0.0,30,2,66.67,52,16,68,91.89,0,0.0,0,10,1,0,0,0,16,0,2,0,0,2,10,0,0,4,2,13,0,0,0.12,0.71,0,0,0.0,0,0,1,2,2,0,0,0,,11,45.83,0,0,1,6,0,2,0,0,152,0,1,0,0,0,0,0.0,0,0,0,0,24,2,0,6.58,0,0,0,0,0,0,0,0,0.0,0.0,0,2,3,4,1,5,41.67,0,4,3,75.0,2,3,12,2,11,45.83,3,58,16,74,65.8,5,0,115,2,0,0,Reiss Nelson,Brentford,826139,50
427,2,2,12.5,40,3,25.0,84,63,147,79.89,2,25.0,6,10,1,0,0,0,17,2,0,1,0,26,10,0,0,1,5,19,0,0,0.68,0.43,4,0,0.0,0,0,1,12,10,2,0,0,,21,61.76,0,0,0,37,5,3,0,7,604,0,2,0,0,0,0,0.0,0,0,0,0,66,3,0,6.58,0,0,0,0,0,0,0,0,0.0,0.0,0,3,0,2,0,4,57.14,0,16,9,56.25,3,11,7,16,23,54.76,12,109,75,184,65.8,3,0,302,1,1,0,Nathaniel Clyne,Crystal Palace,43215,7
428,4,2,11.76,33,3,27.27,57,36,93,79.49,1,25.0,3,11,0,0,0,0,13,1,1,1,0,2,10,0,0,0,3,11,0,0,0.24,0.28,1,0,0.0,0,0,0,5,5,0,0,0,,12,60.0,0,0,0,24,4,2,0,1,263,0,0,0,0,0,1,0.0,0,0,0,0,53,2,0,6.58,0,0,0,0,0,0,0,0,0.0,0.0,0,2,4,3,2,3,42.86,0,5,2,40.0,2,9,7,17,13,54.17,11,74,43,117,65.8,6,0,182,4,0,0,Jack Harrison,Leeds United,829570,34
429,10,3,15.79,99,13,59.09,172,113,285,75.4,6,30.0,14,26,2,0,0,0,57,3,2,4,0,16,26,0,0,11,6,74,2,1,1.58,2.39,28,0,10.53,0,2,4,29,26,3,2,0,,37,38.14,0,0,0,93,13,15,1,18,1461,9,0,0,0,1,0,100.0,0,1,0,0,182,6,0,6.58,0,1,0,0,0,0,0,0,730.5,0.0,2,11,8,9,6,9,36.0,0,10,4,40.0,15,23,25,19,43,36.75,22,236,142,378,171.0,19,0,605,18,5,0,Hwang Hee-chan,Wolverhampton,786186,3
430,2,0,0.0,5,1,100.0,8,5,13,65.0,1,25.0,3,4,0,0,0,0,2,0,0,0,0,0,4,0,0,2,1,9,0,0,0.04,,2,0,0.0,0,0,0,0,0,0,0,0,,5,45.45,0,0,0,7,0,0,0,0,54,0,0,0,0,0,0,0.0,0,0,0,0,16,1,0,6.58,0,0,0,0,0,0,0,0,0.0,0.0,0,0,0,0,0,1,50.0,0,2,1,50.0,0,2,2,2,6,40.0,1,13,7,20,26.3,0,0,37,2,0,0,Romain Esse,Crystal Palace,1438837,7
431,4,0,0.0,34,7,53.85,119,163,282,93.38,11,84.62,2,9,0,0,0,0,19,0,0,0,0,21,8,0,0,1,3,6,1,0,0.09,,0,0,0.0,1,0,0,10,9,1,0,0,,3,42.86,0,0,0,20,3,1,0,5,449,0,6,0,0,0,0,0.0,0,0,0,0,28,1,0,6.58,0,0,0,0,0,0,0,0,0.0,0.0,0,0,0,0,0,2,100.0,0,1,1,100.0,1,6,2,4,14,70.0,13,131,171,302,52.6,0,0,351,0,0,0,John Stones,Manchester City,152077,17
432,10,6,10.71,139,21,36.21,269,250,519,76.44,19,42.22,26,27,1,0,0,0,74,3,1,6,3,64,26,0,0,18,12,102,0,1,1.81,1.61,33,0,18.75,0,3,4,29,25,4,3,0,,60,44.12,0,0,0,160,25,14,3,20,1822,4,8,0,0,0,2,0.0,0,0,0,0,339,3,0,6.57,0,0,0,0,0,0,0,0,607.33,0.0,0,14,2,6,4,9,36.0,0,48,29,60.42,14,36,25,56,79,43.65,58,356,323,679,170.9,16,0,1247,3,0,0,Ryan Sessegnon,Fulham,836698,43
433,2,0,0.0,31,3,60.0,44,11,55,62.5,8,29.63,19,14,1,0,0,0,13,1,5,2,0,9,14,0,0,7,2,41,0,0,0.1,2.65,5,0,17.65,0,3,4,9,6,3,3,0,,9,29.03,0,0,0,33,0,2,2,8,714,0,1,0,0,0,0,0.0,0,0,0,0,68,4,0,6.57,0,1,0,0,0,0,0,0,238.0,0.0,0,15,2,9,6,1,10.0,0,7,6,85.71,2,6,10,2,17,29.31,5,73,15,88,92.0,17,0,180,1,0,0,Alexander Isak,Liverpool FC,823941,44
434,2,4,40.0,8,3,27.27,14,21,35,63.64,2,40.0,3,9,0,0,0,0,11,0,1,1,0,6,7,0,0,4,4,18,0,2,0.37,0.34,5,0,0.0,0,0,0,6,6,0,0,0,,10,40.0,0,0,0,20,5,3,0,3,271,0,0,0,0,0,0,0.0,0,0,0,0,41,0,0,6.57,0,0,0,0,0,0,0,0,0.0,0.0,0,3,1,2,1,1,33.33,0,8,6,75.0,3,4,3,10,12,40.0,11,28,27,55,46.0,4,0,134,1,0,0,Pedro Lima,Wolverhampton,1597270,3
435,1,0,0.0,6,5,26.32,19,106,125,80.65,21,50.0,21,11,0,0,0,0,10,0,0,0,0,60,10,0,0,0,2,27,0,0,0.02,0.08,4,0,0.0,0,0,0,11,10,1,0,0,,4,40.0,0,0,0,30,5,0,0,5,517,0,7,0,0,0,0,0.0,0,0,0,0,37,0,0,6.57,0,0,0,0,0,0,0,0,0.0,0.0,0,1,0,1,0,0,0.0,0,4,3,75.0,0,6,0,0,25,48.08,19,43,112,155,65.7,1,0,253,1,0,0,Joe Worrall,Burnley,838399,6
436,10,0,0.0,33,23,50.0,122,201,323,86.36,13,46.43,15,9,1,0,0,0,32,1,2,0,0,28,9,0,0,3,6,29,0,1,0.13,0.33,5,0,0.0,6,0,1,8,8,0,0,0,,12,46.15,0,0,0,51,6,1,0,6,554,0,3,0,0,0,0,0.0,0,0,0,0,62,0,0,6.57,0,0,0,0,0,0,0,0,0.0,0.0,0,4,0,2,2,1,100.0,0,8,4,50.0,1,19,1,6,25,46.3,46,152,222,374,59.1,4,0,460,3,2,0,Chadi Riad,Crystal Palace,1064218,7
437,0,0,0.0,4,2,66.67,23,14,37,82.22,1,20.0,4,3,0,0,0,0,4,0,0,0,0,0,3,0,0,4,0,11,0,0,0.03,0.03,2,0,0.0,0,0,0,0,0,0,0,0,,6,46.15,0,0,0,8,1,2,0,0,107,0,1,0,0,0,0,0.0,0,0,0,0,16,0,0,6.57,0,0,0,0,0,0,0,0,0.0,0.0,0,0,1,1,0,0,0.0,0,5,2,40.0,2,1,1,0,7,38.89,3,27,18,45,19.7,1,0,63,1,0,0,Jack Fletcher,Manchester United,1402726,35
438,3,0,0.0,57,1,14.29,113,50,163,60.37,99,51.83,92,33,1,0,0,1,26,1,11,9,1,43,32,0,0,22,1,144,0,0,0.45,5.46,17,0,6.38,0,3,4,28,24,4,3,0,,42,44.68,2,0,1,107,5,12,0,13,1438,6,2,0,0,1,0,0.0,0,0,0,0,225,8,0,6.57,0,1,0,0,0,0,0,0,479.33,0.0,1,40,7,22,16,18,56.25,0,7,5,71.43,12,5,32,0,141,49.47,7,193,77,270,210.1,47,0,599,17,1,0,Tolu Arokodare,Wolverhampton,987734,3
439,15,10,29.41,98,13,59.09,168,89,257,75.15,14,35.9,25,29,1,0,0,0,38,1,1,9,0,10,29,0,0,17,14,82,0,2,0.93,1.25,13,0,8.7,0,2,3,24,21,3,1,1,,40,41.24,0,0,3,85,2,13,1,14,1316,1,1,0,0,0,0,0.0,0,0,0,0,181,6,0,6.56,0,1,0,0,0,0,0,0,658.0,0.0,2,9,14,5,9,7,33.33,0,18,9,50.0,13,27,21,34,54,39.71,22,230,112,342,190.3,23,0,578,16,2,0,Loum Tchaouna,Burnley,1004505,6
440,2,1,14.29,29,3,75.0,50,38,88,86.27,2,28.57,5,14,0,0,0,0,22,0,0,3,1,4,13,0,0,10,6,46,0,0,0.16,0.2,11,0,0.0,0,0,0,2,2,0,0,0,,31,43.06,0,0,0,14,6,4,0,4,371,0,1,0,0,0,0,0.0,0,0,0,0,59,2,0,6.56,0,0,0,0,0,0,0,0,0.0,0.0,0,3,1,1,0,13,48.15,0,7,3,42.86,4,2,27,7,33,41.77,4,61,41,102,85.3,4,0,207,11,2,0,Tyler Dibling,Everton,1174472,48
441,5,3,8.82,51,18,41.86,107,114,221,80.36,7,50.0,7,13,0,0,0,0,35,3,0,0,0,30,13,0,0,0,9,29,1,0,0.31,0.18,7,0,0.0,0,0,0,16,15,1,0,0,,39,63.93,0,0,0,54,13,5,0,9,668,1,1,0,0,0,0,0.0,0,0,0,1,117,2,0,6.56,0,0,0,0,0,0,0,0,0.0,0.0,0,3,0,3,0,2,22.22,0,30,22,73.33,5,17,9,34,46,61.33,43,145,130,275,85.3,3,0,500,7,2,0,Oliver Scarles,West Ham United,1150952,37
442,8,3,20.0,117,10,45.45,193,109,302,84.12,10,47.62,11,24,2,0,0,0,52,4,1,3,0,6,23,0,0,12,19,68,0,0,1.1,1.26,16,0,0.0,0,0,2,18,15,3,0,0,,38,40.0,0,0,1,57,9,14,0,10,1011,2,2,0,0,0,0,0.0,0,0,0,0,122,9,0,6.56,0,0,0,0,0,0,0,0,0.0,0.0,0,11,6,8,6,7,41.18,0,20,14,70.0,14,18,17,15,48,41.38,22,240,119,359,150.9,17,0,554,11,3,0,Joe Willock,Newcastle United,888550,39
443,8,8,19.05,136,13,72.22,198,82,280,81.16,6,20.69,23,20,0,0,0,0,46,3,1,6,0,2,20,0,0,15,9,79,0,0,1.53,2.32,18,0,11.76,0,2,2,19,15,4,1,1,,31,35.63,0,0,1,65,4,21,0,10,951,2,2,0,0,0,0,0.0,0,0,0,0,154,10,0,6.56,0,2,0,0,0,0,0,0,475.5,0.0,3,6,11,7,4,11,42.31,0,10,6,60.0,21,14,26,42,37,31.9,18,248,97,345,131.2,17,0,530,10,5,0,Justin Kluivert,Bournemouth,851596,60
444,13,1,33.33,43,27,35.53,186,418,604,87.92,47,57.32,35,21,0,0,0,0,43,0,2,2,1,111,19,0,0,5,7,63,0,0,0.31,0.57,16,0,0.0,16,0,0,37,35,2,0,0,,22,44.0,0,0,0,83,9,4,0,17,1565,0,24,0,0,0,2,0.0,0,0,0,0,98,0,0,6.56,0,0,0,0,0,0,0,0,0.0,0.0,0,6,1,4,1,4,80.0,0,16,8,50.0,4,44,5,3,69,52.27,76,249,438,687,124.6,7,0,916,2,4,0,Max Kilman,West Ham United,894474,37
445,2,0,0.0,61,1,50.0,105,49,154,82.35,11,45.83,13,21,2,0,0,0,43,2,3,1,1,10,21,0,0,28,5,86,1,0,1.02,1.56,15,0,9.09,0,1,3,15,14,1,1,0,,58,44.27,0,0,1,33,5,5,0,9,933,1,3,0,0,0,0,0.0,0,0,0,0,127,3,0,6.56,0,1,0,0,0,0,0,0,933.0,0.0,0,11,0,4,6,14,35.9,0,24,13,54.17,5,4,39,11,69,44.52,2,131,56,187,137.7,11,0,412,20,0,0,Evann Guessand,Crystal Palace,930245,7
446,17,22,24.18,100,14,40.0,230,183,413,76.2,23,42.59,31,31,1,0,0,0,62,3,0,0,3,57,30,0,0,7,14,68,0,3,1.69,0.33,8,0,0.0,0,0,1,37,30,7,0,0,,43,53.75,0,0,0,129,15,21,0,19,1855,2,8,0,0,0,0,0.0,0,0,0,0,261,4,0,6.56,0,0,0,0,0,0,0,0,0.0,0.0,0,2,0,1,1,5,35.71,0,29,15,51.72,21,37,14,91,66,49.25,35,322,220,542,196.7,2,0,941,9,3,0,Jackson Tchatchoua,Wolverhampton,1096210,3
447,3,0,0.0,26,3,30.0,43,13,56,42.42,78,53.06,69,21,1,0,0,0,15,1,6,11,0,24,21,0,0,12,5,112,0,0,0.14,3.34,21,0,3.13,0,1,2,13,11,2,1,0,,30,41.1,0,0,0,76,2,8,1,10,997,5,3,1,0,0,0,0.0,0,0,0,0,143,5,0,6.55,0,0,0,0,0,0,0,0,997.0,0.0,0,29,3,16,5,5,41.67,0,8,3,37.5,8,12,12,2,108,49.09,10,108,24,132,137.6,32,0,332,18,2,0,Rodrigo Muniz,Fulham,1015256,43
448,4,0,0.0,35,3,50.0,73,29,102,84.3,1,16.67,5,14,1,0,0,0,18,1,0,2,0,3,12,0,0,9,4,28,0,0,0.37,0.17,4,0,0.0,0,0,1,9,7,2,0,0,,15,39.47,0,0,0,19,3,6,0,2,321,2,1,0,0,0,0,0.0,0,0,0,0,49,3,0,6.55,0,0,0,0,0,0,0,0,0.0,0.0,0,3,1,2,0,3,33.33,0,7,4,57.14,6,6,9,9,16,36.36,6,86,35,121,78.6,4,0,192,5,1,0,James McAtee,Nottingham Forest,1003334,14
449,11,9,16.07,140,14,34.15,260,210,470,83.93,3,25.0,9,20,0,0,0,0,86,1,1,6,1,39,20,0,1,12,21,67,0,0,1.48,0.58,15,0,0.0,0,0,0,29,24,5,0,0,,51,46.79,0,0,1,90,20,20,0,15,1406,6,6,0,0,0,0,0.0,0,0,0,0,210,6,0,6.55,1,0,0,0,0,0,0,0,0.0,0.0,0,7,9,6,4,18,64.29,0,29,22,75.86,20,29,28,56,54,44.63,41,323,237,560,131.0,16,0,959,4,1,0,Lucas Pires,Burnley,1136896,6
450,1,0,0.0,2,0,0.0,2,2,4,80.0,0,0.0,0,2,0,0,0,0,1,0,0,0,0,0,2,0,0,0,0,1,0,0,0.0,0.08,0,0,0.0,0,0,0,0,0,0,0,0,,0,0.0,0,0,0,1,0,1,0,0,21,0,0,0,0,0,0,0.0,0,0,0,0,2,0,0,6.55,0,0,0,0,0,0,0,0,0.0,0.0,0,1,0,1,0,0,0.0,0,0,0,0.0,1,1,1,0,0,0.0,0,3,2,5,13.1,1,0,8,0,0,0,Josh Dasilva,Brentford,856260,50
451,1,8,21.05,67,2,25.0,103,52,155,79.08,1,20.0,4,14,2,0,0,0,28,2,1,2,0,2,13,0,0,5,6,37,0,0,1.01,0.55,9,0,0.0,0,0,2,10,9,1,0,0,,26,44.07,0,0,0,41,0,11,0,6,552,0,1,0,0,0,0,0.0,0,0,0,0,107,2,0,6.55,0,0,0,0,0,0,0,0,0.0,0.0,0,5,4,4,3,8,38.1,0,4,3,75.0,11,8,21,38,27,42.19,8,133,63,196,85.1,9,0,333,14,1,0,Dilane Bakwa,Nottingham Forest,963298,14
452,10,0,0.0,62,25,38.46,211,472,683,87.34,25,50.0,25,23,1,0,0,0,89,0,1,1,1,98,22,0,1,1,7,46,0,2,0.33,0.24,8,0,0.0,17,0,1,37,34,3,0,0,,44,67.69,0,0,1,99,17,5,0,22,1817,1,13,0,0,0,0,0.0,0,0,0,0,123,1,0,6.55,1,0,0,0,0,0,0,0,0.0,0.0,0,2,0,1,0,4,44.44,0,38,24,63.16,5,31,9,3,69,60.0,65,272,510,782,144.0,2,0,1033,3,5,0,Jean-Clair Todibo,West Ham United,945217,37
453,21,2,28.57,40,15,41.67,96,144,240,80.54,21,67.74,10,11,0,0,0,0,28,1,0,2,0,37,11,0,0,3,10,38,0,0,0.18,0.09,16,0,0.0,0,0,0,15,13,2,0,0,,24,46.15,0,0,1,58,7,3,0,11,791,0,6,0,0,0,1,0.0,0,0,0,1,76,4,0,6.55,0,0,0,0,0,0,0,0,0.0,0.0,0,1,2,1,0,2,100.0,0,16,8,50.0,3,42,2,7,45,54.22,36,134,164,298,72.0,3,0,427,6,4,0,Matt Doherty,Wolverhampton,143047,3
454,16,0,0.0,3,30,34.88,16,168,184,76.35,1,100.0,0,7,0,0,0,0,53,0,0,0,1,10,7,0,0,0,0,1,1,0,0.0,,1,0,0.0,28,0,0,10,9,1,0,0,-0.42,1,50.0,0,7,0,57,0,0,0,6,585,0,0,0,0,0,1,0.0,1,0,0,0,58,0,4,6.54,0,0,9,11,7,19,0,6,0.0,0.0,0,0,0,0,0,0,0.0,9,0,0,0.0,0,25,0,0,2,66.67,86,58,183,241,45.8,0,1,312,1,2,0,Marco Bizot,Aston Villa,100390,40
455,12,5,18.52,145,4,20.0,278,222,500,85.47,8,38.1,13,20,1,0,0,0,70,2,0,2,0,25,20,0,0,12,12,66,0,2,0.75,0.19,17,0,0.0,0,0,1,25,20,5,0,0,,58,52.25,0,0,0,85,7,12,0,14,1340,3,5,0,0,0,0,0.0,0,0,0,0,170,1,0,6.54,0,0,0,0,0,0,0,0,0.0,0.0,0,4,0,1,1,6,33.33,0,31,19,61.29,12,20,18,27,66,50.0,20,327,258,585,130.8,4,0,894,22,4,0,Destiny Udogie,Tottenham Hotspur,983572,33
456,1,2,66.67,5,1,100.0,11,7,18,100.0,1,100.0,0,5,0,0,0,0,2,0,0,0,0,2,3,0,0,0,1,1,1,0,0.16,,0,0,0.0,0,0,0,1,1,0,0,0,,1,50.0,0,0,0,0,0,1,0,1,39,0,0,0,0,0,0,0.0,0,0,0,0,1,0,0,6.53,0,0,0,0,0,0,0,0,0.0,0.0,0,0,0,0,0,0,0.0,0,0,0,0.0,1,1,0,3,2,66.67,1,11,7,18,19.6,0,0,26,1,0,0,Séamus Coleman,Everton,76632,48
457,1,1,25.0,90,1,33.33,153,66,219,60.5,130,45.77,154,38,0,0,0,0,35,2,10,7,0,25,38,0,0,23,10,247,0,0,0.47,8.15,47,0,21.05,0,8,8,34,31,3,8,0,,23,19.83,1,0,2,143,5,12,3,21,1932,12,4,0,0,0,0,0.0,0,0,0,0,278,9,0,6.53,0,3,0,0,0,0,0,0,241.5,0.0,0,36,2,17,14,9,30.0,0,6,4,66.67,12,4,30,4,153,38.25,3,266,96,362,248.1,38,1,678,8,3,0,Thierno Barry,Everton,1395746,48
458,15,0,0.0,31,22,33.85,130,351,481,84.53,22,47.83,24,14,0,0,0,0,40,0,0,0,1,83,14,0,0,0,5,42,0,3,0.14,0.61,13,0,50.0,1,1,1,26,26,0,1,0,,16,47.06,0,0,0,88,11,0,0,14,1202,1,11,1,0,0,1,0.0,0,0,0,0,92,0,0,6.53,0,1,0,0,0,0,0,0,1202.0,0.0,0,2,0,1,1,0,0.0,0,14,8,57.14,0,43,0,1,38,47.5,65,182,387,569,91.4,2,0,723,2,1,0,Axel Tuanzebe,Burnley,817979,6
459,5,4,57.14,96,8,30.77,244,456,700,91.98,16,47.06,18,22,0,0,0,0,50,1,0,0,0,39,22,0,0,4,12,55,0,3,0.63,0.31,15,0,0.0,17,0,0,27,25,2,0,0,,45,54.88,0,0,0,61,18,8,0,12,1159,0,7,0,0,0,0,0.0,0,0,0,0,97,4,0,6.53,0,0,0,0,0,0,0,0,0.0,0.0,0,3,1,4,0,7,53.85,0,36,22,61.11,8,19,13,7,61,52.59,26,278,483,761,143.6,4,0,993,2,7,0,Jorrel Hato,Chelsea,1153079,38
460,3,3,60.0,40,3,50.0,73,58,131,77.51,15,39.47,23,16,0,0,0,0,28,0,1,4,2,9,15,0,0,15,6,72,0,0,0.32,0.78,20,0,9.09,0,1,1,13,13,0,0,1,,35,41.67,0,0,1,38,4,6,1,6,694,2,2,0,0,0,0,0.0,0,0,0,0,81,3,0,6.53,0,0,0,0,0,0,0,0,694.0,0.0,0,7,4,6,1,3,27.27,0,25,12,48.0,6,4,11,5,50,40.98,6,98,71,169,97.9,11,0,312,7,0,0,Merlin Röhl,Everton,1064082,48
461,0,1,50.0,9,1,50.0,21,7,28,77.78,1,50.0,1,4,0,0,0,0,3,0,0,2,0,0,4,0,0,0,2,6,0,0,0.28,0.06,1,0,0.0,0,0,0,4,3,1,0,0,,1,16.67,0,0,0,8,1,3,0,1,86,0,1,0,0,0,0,0.0,0,0,0,0,16,0,0,6.53,0,0,0,0,0,0,0,0,0.0,0.0,0,1,1,0,0,0,0.0,0,1,0,0.0,3,1,2,2,2,25.0,2,28,8,36,26.1,2,0,57,0,1,0,Facundo Buonanotte,Leeds United,1117025,34
462,1,1,25.0,31,1,25.0,58,17,75,72.82,2,33.33,4,9,1,0,0,0,10,1,0,3,0,1,9,0,0,6,2,22,0,0,0.61,0.16,6,0,0.0,0,0,1,9,6,3,0,0,,8,30.77,0,0,0,28,0,3,0,2,236,0,0,0,0,0,0,0.0,0,0,0,0,56,0,0,6.52,0,0,0,0,0,0,0,0,0.0,0.0,0,2,3,1,1,3,42.86,0,1,1,100.0,3,6,7,4,10,31.25,4,80,23,103,58.7,5,0,156,4,1,0,Fer López,Wolverhampton,1526628,3
463,3,0,0.0,11,6,19.35,45,141,186,77.82,19,63.33,11,10,0,0,0,0,14,0,0,1,0,46,9,0,0,2,3,24,2,1,0.02,0.32,9,0,0.0,20,0,0,13,10,3,0,0,,7,35.0,0,0,0,53,16,0,0,5,541,0,8,0,0,0,0,0.0,0,0,0,0,70,1,0,6.52,0,0,0,0,0,0,0,0,0.0,0.0,0,4,0,3,0,1,100.0,0,5,2,40.0,0,14,1,3,26,52.0,31,80,159,239,58.7,4,0,347,1,0,0,Radu Drăguşin,Tottenham Hotspur,997103,33
464,5,9,21.43,107,3,30.0,171,67,238,81.51,11,39.29,17,28,1,0,0,0,31,2,2,7,0,13,28,0,0,11,5,59,0,0,1.17,1.38,1,0,0.0,0,0,1,29,26,3,0,0,,22,34.38,0,0,1,54,6,12,0,10,1038,4,1,0,0,0,0,0.0,0,0,0,0,149,5,0,6.52,0,0,0,0,0,0,0,0,0.0,0.0,5,8,9,6,4,10,28.57,0,12,4,33.33,12,9,35,42,33,35.87,10,217,75,292,182.6,17,0,504,0,0,0,Jacob Bruun Larsen,Burnley,809276,6
465,8,3,18.75,47,10,38.46,116,139,255,79.69,13,50.0,13,21,2,0,0,0,20,3,0,0,1,25,19,0,0,6,4,40,0,0,0.66,0.27,14,0,0.0,0,0,2,14,11,3,0,0,,13,32.5,0,0,0,65,9,6,0,7,644,0,2,0,1,0,0,0.0,0,0,0,0,116,0,0,6.52,0,0,0,0,0,0,0,0,0.0,0.0,0,4,1,4,1,3,50.0,0,10,7,70.0,5,20,6,16,26,39.39,26,154,166,320,123.9,5,0,482,0,4,0,Joe Gomez,Liverpool FC,318927,44
466,0,1,33.33,41,1,20.0,59,10,69,84.15,1,50.0,1,5,0,0,0,0,4,0,0,4,0,1,5,0,0,0,0,2,0,0,0.09,0.29,0,0,0.0,0,0,0,2,2,0,0,0,,2,66.67,0,0,0,13,0,1,0,1,117,0,1,0,0,0,0,0.0,0,0,0,0,18,1,0,6.52,0,0,0,0,0,0,0,0,0.0,0.0,0,4,1,1,0,0,0.0,0,0,0,0.0,1,4,1,3,3,60.0,5,69,13,82,32.6,5,0,103,2,0,0,Harvey Elliott,Aston Villa,955245,40
467,1,0,0.0,22,1,33.33,43,13,56,65.88,15,34.09,29,20,0,0,0,0,14,2,1,5,1,5,17,0,0,21,3,80,0,0,0.21,2.15,6,0,15.38,0,2,2,9,8,1,2,0,,27,34.62,1,0,0,29,1,4,1,8,770,3,1,0,0,0,0,0.0,0,0,0,0,100,2,0,6.52,0,0,0,0,0,0,0,0,385.0,0.0,0,11,2,2,6,11,34.38,0,5,1,20.0,4,3,32,1,42,34.43,3,72,13,85,110.8,13,0,228,11,0,0,Eliezer Mayenda,Sunderland,1168588,41
468,20,3,27.27,67,40,41.24,227,474,701,85.91,24,54.55,20,19,0,0,0,0,53,0,1,1,1,95,18,0,1,5,4,42,1,1,0.31,0.53,11,0,0.0,3,0,0,33,28,5,0,0,,44,66.67,0,0,0,115,14,6,0,17,1427,0,12,0,0,0,0,0.0,0,0,0,0,144,0,0,6.52,1,0,0,0,0,0,0,0,0.0,0.0,0,4,1,2,2,10,83.33,0,23,13,56.52,6,52,12,11,68,61.82,97,306,510,816,117.3,5,1,1057,11,2,0,Toti Gomes,Wolverhampton,973418,3
469,6,0,0.0,60,9,32.14,109,76,185,73.12,8,26.67,22,21,0,0,0,0,34,0,4,4,1,12,20,0,0,11,19,72,0,0,0.38,2.62,11,0,7.69,0,1,1,15,13,2,1,0,,38,43.18,0,0,1,68,1,7,1,7,830,1,0,0,0,1,0,100.0,0,1,0,0,144,4,0,6.52,0,0,0,0,0,0,0,0,830.0,0.0,1,10,3,5,4,3,21.43,0,25,11,44.0,7,15,14,16,46,38.98,28,161,92,253,130.3,13,0,453,10,0,0,Justin Devenny,Crystal Palace,1084311,7
470,4,2,40.0,48,3,42.86,112,70,182,74.29,20,38.46,32,24,1,0,0,0,19,2,5,6,0,11,24,0,0,13,3,61,0,0,0.35,2.95,9,0,8.0,0,2,3,8,7,1,1,1,,20,40.82,0,0,0,63,1,11,2,5,666,1,2,0,0,0,0,0.0,0,0,0,0,120,2,0,6.51,0,0,0,0,0,0,0,0,333.0,0.0,0,21,4,10,9,5,55.56,0,9,6,66.67,11,7,9,5,40,39.6,7,157,88,245,156.3,25,0,393,6,3,0,Joshua Zirkzee,Manchester United,917007,35
471,0,1,16.67,21,0,0.0,41,16,57,73.08,5,38.46,8,8,0,0,0,0,9,0,2,1,0,11,8,0,0,5,4,36,0,0,0.11,0.78,11,0,0.0,0,0,0,6,4,2,0,0,,20,41.67,0,0,0,21,5,3,0,5,413,1,0,0,0,0,0,0.0,0,0,0,0,59,2,0,6.51,0,0,0,0,0,0,0,0,0.0,0.0,0,5,2,3,3,7,43.75,0,10,7,70.0,3,3,16,6,25,40.98,2,61,17,78,52.1,7,0,177,3,1,0,Nilson Angulo,Sunderland,1116571,41
472,13,1,7.69,71,12,21.05,146,137,283,77.96,14,46.67,16,22,2,0,0,0,29,1,0,0,4,38,19,0,0,2,15,50,0,0,0.25,,19,0,0.0,0,0,2,16,13,3,0,0,,26,43.33,0,0,0,80,8,5,0,14,1095,0,9,0,0,0,0,0.0,0,0,0,0,119,0,0,6.51,0,0,0,0,0,0,0,0,0.0,0.0,0,0,0,0,0,1,100.0,0,15,12,80.0,5,34,1,13,40,44.44,57,205,158,363,123.7,0,0,572,11,3,0,Adam Smith,Bournemouth,44566,60
473,1,5,18.52,41,1,33.33,59,22,81,77.88,1,7.14,13,24,0,0,0,0,14,1,1,3,0,2,21,0,0,14,2,41,0,0,0.58,0.69,7,0,0.0,0,0,0,12,11,1,0,0,,22,44.0,0,0,0,23,0,3,0,1,450,5,0,0,0,0,0,0.0,0,0,0,0,84,2,0,6.51,0,0,0,0,0,0,0,0,0.0,0.0,0,7,0,3,1,12,60.0,0,2,2,100.0,3,3,20,27,23,35.94,3,79,25,104,136.7,7,0,217,8,1,0,Adama Traoré,West Ham United,286165,37
474,2,5,18.52,43,2,33.33,77,45,122,75.78,9,39.13,14,14,0,0,0,0,20,2,1,2,0,11,13,0,0,12,9,68,0,0,0.61,0.35,17,0,16.67,0,1,1,8,7,1,1,0,,21,28.0,0,0,0,39,2,7,0,9,665,4,0,0,0,0,0,0.0,0,0,0,0,109,4,0,6.51,0,1,0,0,0,0,0,0,665.0,0.0,0,5,1,2,2,7,26.92,0,11,8,72.73,7,7,26,27,30,30.61,6,106,55,161,84.6,6,0,309,3,2,0,Simon Adingra,Sunderland,1110842,41
475,0,0,0.0,0,0,0.0,0,2,2,100.0,0,0.0,2,1,1,0,0,0,2,0,0,0,0,1,1,0,0,0,0,3,0,0,0.0,,0,0,0.0,0,0,1,2,2,0,0,0,,1,50.0,0,0,0,0,0,1,0,0,16,0,0,0,0,0,0,0.0,0,0,0,0,2,0,0,6.5,0,0,0,0,0,0,0,0,0.0,0.0,0,0,0,0,0,0,0.0,0,1,0,0.0,1,0,1,1,1,25.0,0,0,2,2,6.5,0,0,7,0,0,0,Hamed Junior Traorè,Bournemouth,892924,60
476,6,3,50.0,84,12,66.67,153,98,251,81.76,14,45.16,17,20,1,0,0,0,43,2,1,8,0,7,17,0,0,9,12,56,0,2,0.54,1.24,10,0,0.0,0,0,1,10,9,1,0,0,,32,45.07,0,0,1,56,3,10,0,6,730,1,3,0,0,0,0,0.0,0,0,0,0,107,2,0,6.5,0,0,0,0,0,0,0,0,0.0,0.0,0,13,7,7,5,7,46.67,0,14,9,64.29,10,11,15,6,46,45.1,18,196,111,307,110.5,20,0,452,12,4,0,Carlos Alcaraz,Everton,1017392,48
477,0,0,0.0,1,0,0.0,4,1,5,100.0,0,0.0,0,1,0,0,0,0,0,0,0,0,0,0,1,0,0,0,0,1,0,0,0.01,,0,0,0.0,0,0,0,0,0,0,0,0,,0,0.0,0,0,0,0,0,1,0,0,15,0,0,0,0,0,0,0.0,0,0,0,0,2,0,0,6.5,0,0,0,0,0,0,0,0,0.0,0.0,0,0,0,0,0,0,0.0,0,0,0,0.0,1,0,1,1,0,0.0,0,4,1,5,6.5,0,0,8,0,0,0,Bendito Mantato,Manchester United,1545190,35
478,0,0,0.0,1,6,31.58,6,0,6,31.58,0,0.0,0,1,0,0,0,0,4,0,0,0,0,1,1,0,0,0,0,0,0,0,0.0,,0,0,0.0,8,0,0,0,0,0,0,0,,0,0.0,0,1,0,13,0,0,0,0,45,0,0,0,0,0,0,0.0,0,0,0,0,13,0,1,6.5,0,0,0,0,0,0,0,0,0.0,0.0,0,0,0,0,0,0,0.0,0,0,0,0.0,0,0,0,0,0,0.0,19,18,1,19,6.5,0,0,21,0,0,0,Angus Gunn,Nottingham Forest,227946,14
479,0,0,0.0,11,0,0.0,15,3,18,94.74,0,0.0,2,2,0,0,0,0,1,0,0,0,0,0,2,0,0,2,1,6,0,0,0.21,,1,0,0.0,0,0,0,0,0,0,0,0,,0,0.0,0,0,0,1,0,2,0,0,25,0,0,0,0,0,0,0.0,0,0,0,0,4,0,0,6.5,0,0,0,0,0,0,0,0,0.0,0.0,0,0,0,0,0,0,0.0,0,0,0,0.0,2,0,0,0,0,0.0,0,16,3,19,13.0,0,0,23,0,0,0,Divine Mukasa,Manchester City,1467990,17
480,0,0,0.0,5,0,0.0,17,20,37,100.0,0,0.0,0,6,0,0,0,0,4,0,0,0,0,4,5,0,0,1,1,4,0,1,0.01,,1,0,0.0,0,0,0,3,1,2,0,0,,5,55.56,0,0,0,0,0,0,0,1,105,0,1,0,0,0,0,0.0,0,0,0,0,11,0,0,6.5,0,0,0,0,0,0,0,0,0.0,0.0,0,0,0,0,0,0,0.0,0,5,4,80.0,0,0,1,4,5,55.56,0,17,20,37,32.5,0,0,64,0,0,0,Andrés García,Aston Villa,1457536,40
481,0,2,18.18,32,2,50.0,59,30,89,85.58,5,62.5,3,14,0,0,0,0,22,0,1,2,0,6,14,0,0,14,7,39,0,0,0.47,0.86,7,0,0.0,0,0,0,11,10,1,0,0,,19,34.55,0,0,0,15,1,1,0,2,412,0,0,0,0,0,0,0.0,0,0,0,0,64,3,0,6.5,0,0,0,0,0,0,0,0,0.0,0.0,0,5,2,3,2,7,46.67,0,5,5,100.0,1,2,15,11,24,38.1,4,67,37,104,91.0,7,0,208,8,1,0,Romaine Mundle,Sunderland,1094440,41
482,0,0,0.0,6,2,66.67,11,3,14,73.68,0,0.0,1,6,0,0,0,0,4,0,0,0,0,0,5,0,0,0,0,5,0,0,0.04,0.04,3,0,0.0,0,0,0,2,2,0,0,0,,1,20.0,0,0,0,5,0,0,0,0,73,0,0,0,0,0,0,0.0,0,0,0,0,11,0,0,6.5,0,0,0,0,0,0,0,0,0.0,0.0,0,0,1,0,1,0,0.0,0,1,1,100.0,0,0,1,0,1,16.67,3,14,5,19,32.5,1,0,31,0,1,0,Tom Watson,Brighton & Hove Albion,1167066,30
483,0,0,0.0,17,0,0.0,25,13,38,67.86,10,22.73,34,23,0,0,0,0,7,1,2,5,0,14,19,0,0,8,0,51,0,0,0.07,2.0,6,0,6.67,0,1,1,3,3,0,1,0,,11,39.29,0,0,0,18,0,1,1,0,259,3,1,0,0,0,0,0.0,0,0,0,0,42,1,0,6.49,0,0,0,0,0,0,0,0,259.0,0.0,5,10,5,7,3,1,25.0,0,1,1,100.0,1,0,4,2,21,29.17,0,43,13,56,123.3,15,0,134,10,1,0,Enes Ünal,Bournemouth,336655,60
484,0,0,0.0,16,0,0.0,27,10,37,77.08,1,25.0,3,8,1,0,0,0,6,1,1,1,0,0,8,0,0,0,3,15,0,0,0.12,0.26,3,0,0.0,0,0,1,1,1,0,0,0,,9,42.86,0,0,0,11,1,1,0,0,122,0,0,0,0,0,0,0.0,0,0,0,0,24,0,0,6.49,0,0,0,0,0,0,0,0,0.0,0.0,0,2,1,1,1,2,25.0,0,6,2,33.33,1,0,8,4,10,40.0,1,36,12,48,51.9,3,0,82,1,0,0,Ben Gannon-Doak,Bournemouth,1154861,60
485,2,0,0.0,23,1,50.0,45,12,57,87.69,0,0.0,2,9,0,0,0,0,8,0,0,0,0,4,8,0,0,2,4,12,0,1,0.33,0.11,1,0,0.0,0,0,0,3,2,1,0,0,,4,28.57,0,0,0,8,3,5,0,2,185,0,1,0,0,0,0,0.0,0,0,0,0,19,3,0,6.49,0,0,0,0,0,0,0,0,0.0,0.0,0,2,0,2,0,1,25.0,0,1,0,0.0,5,2,4,3,4,25.0,2,51,14,65,51.9,2,0,97,2,1,0,Alex Tóth,Bournemouth,1476524,60
486,3,7,38.89,113,5,50.0,165,66,231,70.43,32,39.51,49,30,1,0,0,0,64,2,7,5,0,18,30,0,0,37,13,176,1,0,1.77,2.18,40,0,5.0,0,1,2,31,23,8,1,0,,74,36.82,0,0,1,97,3,20,0,21,1670,3,1,0,1,0,0,0.0,0,0,0,0,265,12,0,6.48,0,1,0,0,0,0,0,0,1670.0,0.0,0,17,3,11,4,28,42.42,0,29,18,62.07,19,5,66,18,106,37.59,10,241,87,328,194.5,20,0,676,17,3,0,Randal Kolo Muani,Tottenham Hotspur,871706,33
487,2,1,16.67,79,7,50.0,142,54,196,70.0,28,28.57,70,26,2,0,0,0,42,2,3,7,0,20,26,0,0,32,8,142,0,0,0.49,3.25,22,0,15.0,0,3,5,30,29,1,3,0,,38,34.55,0,0,0,84,4,10,1,15,1372,11,3,0,0,0,0,0.0,0,0,0,0,190,9,0,6.48,0,2,0,0,0,0,0,0,457.33,0.0,0,15,5,7,6,10,45.45,0,16,12,75.0,10,5,22,6,66,31.73,14,211,69,280,168.5,20,0,523,13,4,0,Lyle Foster,Burnley,901907,6
488,1,0,0.0,7,1,100.0,11,16,27,90.0,0,0.0,1,5,0,0,0,0,8,0,0,0,0,2,5,0,0,5,1,11,0,0,0.04,0.07,0,0,0.0,0,0,0,2,2,0,0,0,,3,23.08,0,0,0,3,0,1,0,1,121,0,0,0,0,0,0,0.0,0,0,0,0,15,0,0,6.48,0,0,0,0,0,0,0,0,0.0,0.0,0,1,0,1,0,2,33.33,0,1,1,100.0,1,1,6,0,3,21.43,1,13,17,30,32.4,1,0,50,0,0,0,Luís Guilherme,West Ham United,1016893,37
489,0,0,0.0,58,1,50.0,98,34,132,69.84,25,42.37,34,28,0,0,0,0,25,0,4,10,0,11,28,0,0,22,8,92,0,1,0.22,4.47,25,0,2.78,0,1,1,18,15,3,1,0,,34,36.96,0,0,2,57,1,3,1,12,1139,5,0,0,0,0,0,0.0,0,0,0,1,131,4,0,6.48,0,0,0,0,0,0,0,0,1139.0,0.0,0,31,5,15,11,10,76.92,0,5,3,60.0,3,3,13,6,59,39.07,2,145,44,189,181.3,36,0,377,19,4,0,Liam Delap,Chelsea,997087,38
490,0,0,0.0,5,1,100.0,15,4,19,95.0,1,50.0,1,4,0,0,0,0,1,0,0,1,0,0,4,0,0,1,0,6,0,0,0.02,0.24,1,0,0.0,0,0,0,0,0,0,0,0,,2,28.57,0,0,0,1,0,0,0,0,69,0,0,0,0,0,0,0.0,0,0,0,0,10,0,0,6.48,0,0,0,0,0,0,0,0,0.0,0.0,0,2,1,1,1,1,25.0,0,0,0,0.0,0,0,4,0,3,33.33,1,16,4,20,25.9,3,0,35,1,0,0,Zeki Amdouni,Burnley,990550,6
491,1,2,40.0,57,2,40.0,100,48,148,73.63,21,33.33,42,14,1,0,0,0,28,2,2,3,0,12,14,0,0,17,8,95,1,0,1.12,1.05,23,0,0.0,0,0,1,12,11,1,0,0,,42,44.21,0,0,0,53,4,14,0,10,826,0,2,0,0,0,0,0.0,0,0,0,0,102,5,0,6.47,0,0,0,0,0,0,0,0,0.0,0.0,0,12,0,6,3,9,64.29,0,26,14,53.85,14,7,14,5,63,39.87,5,140,61,201,90.6,12,0,365,8,0,0,Pablo Felipe,West Ham United,1101174,37
492,0,1,33.33,3,1,100.0,11,12,23,85.19,0,0.0,3,6,0,0,0,0,4,0,0,0,0,0,6,0,0,2,0,7,0,0,0.0,,0,0,0.0,0,0,0,2,0,2,0,0,,1,20.0,0,0,0,4,0,1,0,0,63,0,0,0,0,0,0,0.0,0,0,0,0,13,1,0,6.47,0,0,0,0,0,0,0,0,0.0,0.0,0,0,0,0,0,0,0.0,0,1,1,100.0,1,2,2,3,1,12.5,1,14,13,27,38.8,0,0,42,0,0,0,Mike Trésor,Burnley,826183,6
493,0,0,0.0,6,0,0.0,11,0,11,68.75,1,14.29,6,7,0,0,0,0,4,0,0,0,0,0,6,0,0,0,3,12,0,0,0.01,,4,0,0.0,0,0,0,2,2,0,0,0,,3,33.33,0,0,0,5,0,1,0,0,79,0,0,0,0,0,0,0.0,0,0,0,0,8,0,0,6.47,0,0,0,0,0,0,0,0,0.0,0.0,0,0,0,0,0,0,0.0,0,1,1,100.0,1,1,0,0,4,25.0,1,16,0,16,38.8,0,0,25,2,1,0,Jonah Kusi-Asare,Fulham,1503757,43
494,0,0,0.0,6,0,0.0,13,7,20,90.91,0,0.0,0,6,0,0,0,0,4,0,1,0,0,0,3,0,0,1,1,4,0,0,0.02,0.37,1,0,0.0,0,0,0,1,1,0,0,0,,1,20.0,0,0,0,2,0,1,0,0,47,1,0,0,0,0,0,0.0,0,0,0,0,4,0,0,6.47,0,0,0,0,0,0,0,0,0.0,0.0,0,1,0,1,0,0,0.0,0,1,0,0.0,1,0,1,0,1,20.0,1,14,8,22,19.4,1,0,30,0,0,0,Trey Nyoni,Liverpool FC,1445945,44
495,25,11,14.47,118,35,33.65,247,310,557,75.68,10,35.71,18,21,5,0,0,0,69,6,1,2,2,66,21,0,0,6,13,57,1,1,1.99,0.34,13,0,0.0,0,0,5,40,39,1,0,0,,60,60.61,0,0,0,179,31,20,0,21,1830,1,4,0,0,0,0,0.0,0,0,0,0,313,0,0,6.46,0,0,0,0,0,0,0,0,0.0,0.0,0,3,6,4,3,5,41.67,0,52,32,61.54,20,66,12,76,70,55.12,104,374,362,736,135.7,9,0,1198,3,1,0,Quilindschy Hartman,Burnley,1392044,6
496,0,0,0.0,17,1,33.33,25,10,35,59.32,8,38.1,13,14,0,0,0,0,9,0,1,2,0,3,13,0,0,7,4,32,0,0,0.03,0.49,4,0,0.0,0,0,0,4,3,1,0,0,,8,29.63,0,0,0,24,0,0,0,0,193,3,0,0,0,0,0,0.0,0,0,0,1,52,2,0,6.46,0,0,0,0,0,0,0,0,0.0,0.0,0,5,1,2,2,0,0.0,0,1,1,100.0,0,1,4,6,16,33.33,3,48,11,59,84.0,6,0,113,7,0,0,Christantus Uche,Crystal Palace,1884145,7
497,3,0,0.0,30,4,80.0,41,24,65,69.89,15,42.86,20,19,1,0,0,0,14,1,6,0,0,2,18,0,0,6,1,44,0,0,0.56,3.12,6,0,7.69,0,1,2,11,9,2,1,0,,8,25.0,0,0,0,28,0,4,0,4,539,4,1,0,0,0,0,0.0,0,0,0,0,57,2,0,6.46,0,1,0,0,0,0,0,0,539.0,0.0,0,12,1,8,5,1,8.33,0,5,5,100.0,4,4,12,1,23,34.33,5,63,30,93,116.2,13,0,162,2,3,0,Yoane Wissa,Newcastle United,805123,39
498,12,4,26.67,102,16,27.59,243,259,502,78.07,26,52.0,24,33,0,0,0,0,64,0,1,4,1,39,33,0,1,15,22,101,1,0,0.49,0.85,31,0,7.14,0,1,1,40,36,4,1,0,,68,46.9,0,0,1,141,27,12,0,18,1783,2,8,0,0,0,1,0.0,0,0,0,0,206,2,0,6.45,1,1,0,0,0,0,0,0,1783.0,0.0,0,6,8,6,4,9,47.37,0,48,25,52.08,12,43,19,15,94,48.21,58,339,304,643,213.0,14,0,925,11,7,0,Josh Laurent,Burnley,552036,6
499,0,1,100.0,0,0,0.0,0,2,2,50.0,0,0.0,2,2,0,0,0,0,1,0,0,0,0,0,2,0,0,1,0,4,0,0,0.01,,1,0,0.0,0,0,0,0,0,0,0,0,,0,0.0,0,0,0,2,0,0,0,0,21,0,0,0,0,0,0,0.0,0,0,0,0,5,0,0,6.45,0,0,0,0,0,0,0,0,0.0,0.0,0,0,0,0,0,0,0.0,0,0,0,0.0,0,0,0,1,0,0.0,0,1,3,4,12.9,0,0,9,0,0,0,Dane Scarlett,Tottenham Hotspur,998772,33
500,0,0,0.0,0,0,0.0,2,1,3,50.0,0,0.0,0,2,0,0,0,0,1,0,0,0,0,2,2,0,0,0,0,1,0,0,0.0,,1,0,0.0,0,0,0,1,1,0,0,0,,1,50.0,0,0,0,3,0,0,0,0,18,1,0,0,0,0,0,0.0,0,0,0,0,3,0,0,6.45,0,0,0,0,0,0,0,0,0.0,0.0,0,0,0,0,0,0,0.0,0,1,0,0.0,0,1,0,0,1,50.0,2,3,3,6,12.9,0,0,10,0,0,0,Sam Byram,Leeds United,254713,34
501,0,0,0.0,4,0,0.0,6,2,8,72.73,0,0.0,0,2,0,0,0,0,2,0,0,0,0,0,2,0,0,0,0,2,0,0,0.0,,1,0,0.0,0,0,0,1,0,1,0,0,,1,33.33,0,0,0,3,0,0,0,0,25,0,0,0,0,0,0,0.0,0,0,0,0,4,0,0,6.45,0,0,0,0,0,0,0,0,0.0,0.0,0,0,0,0,0,0,0.0,0,1,1,100.0,0,0,1,0,1,33.33,0,7,4,11,12.9,0,0,13,0,0,0,Joel Drakes-Thomas,Crystal Palace,2007717,7
502,3,1,25.0,30,6,85.71,43,36,79,81.44,5,26.32,14,16,0,0,0,0,9,0,1,5,0,1,16,0,0,5,1,25,0,0,0.13,0.96,4,0,0.0,0,0,0,9,8,1,0,0,,3,21.43,0,0,0,18,1,1,0,2,315,1,0,0,0,0,0,0.0,0,0,0,0,35,2,0,6.44,0,0,0,0,0,0,0,0,0.0,0.0,0,10,4,6,3,1,33.33,0,2,1,50.0,1,4,3,4,8,24.24,7,57,40,97,103.1,14,0,146,0,0,0,Joël Piroe,Leeds United,850823,34
503,16,3,12.0,75,23,38.98,171,199,370,76.92,19,47.5,21,25,1,0,0,0,72,1,0,1,3,41,24,0,0,9,8,68,1,3,0.55,0.18,15,0,0.0,0,0,1,22,21,1,0,0,,47,50.0,0,0,0,111,8,4,0,14,1334,2,5,0,0,0,1,0.0,0,0,0,0,218,3,0,6.43,0,0,0,0,0,0,0,0,0.0,0.0,0,1,4,4,0,15,50.0,0,15,11,73.33,4,41,30,25,66,49.25,59,239,242,481,154.4,5,0,817,17,2,0,Rico Henry,Brentford,599128,50
504,1,0,0.0,7,2,50.0,18,11,29,85.29,2,33.33,4,3,0,0,0,0,3,0,0,0,0,3,3,0,0,2,2,9,0,0,0.03,,0,0,0.0,0,0,0,2,2,0,0,0,,3,37.5,0,0,0,5,0,0,0,1,93,1,0,0,0,0,0,0.0,0,0,0,0,14,0,0,6.43,0,0,0,0,0,0,0,0,0.0,0.0,0,0,0,0,0,2,66.67,0,1,0,0.0,0,1,3,4,5,35.71,4,21,13,34,19.3,0,0,56,0,0,0,Harry Howell,Brighton & Hove Albion,1627806,30
505,0,0,0.0,3,0,0.0,3,1,4,30.77,8,50.0,8,7,0,0,0,0,2,0,1,1,0,0,7,0,0,2,0,11,0,0,0.04,0.25,2,0,0.0,0,0,0,3,2,1,0,0,,2,40.0,0,0,0,9,0,0,0,0,92,2,0,0,0,0,0,0.0,0,0,0,0,17,0,0,6.43,0,0,0,0,0,0,0,0,0.0,0.0,0,2,0,0,1,1,100.0,0,0,0,0.0,0,1,1,0,10,47.62,1,12,1,13,45.0,2,0,27,2,2,0,Ashley Barnes,Burnley,27028,6
506,1,1,33.33,52,1,100.0,81,24,105,69.54,35,31.53,76,24,1,0,0,0,26,1,3,8,0,9,24,0,0,20,5,130,0,0,0.23,2.15,14,0,6.25,0,1,2,27,22,5,1,0,,30,35.71,1,0,0,46,3,5,0,8,874,6,0,0,0,0,0,0.0,0,0,0,0,119,6,0,6.41,0,0,0,0,0,0,0,0,874.0,0.0,0,15,1,2,6,8,33.33,0,6,3,50.0,5,1,24,3,65,33.33,1,118,33,151,153.9,16,0,324,16,0,0,Armando Broja,Burnley,996985,6
507,0,0,0.0,0,0,0.0,1,0,1,50.0,0,0.0,1,1,0,0,0,0,0,0,0,0,0,1,1,0,0,0,1,2,0,0,0.0,,0,0,0.0,0,0,0,0,0,0,0,0,,0,0.0,0,0,0,1,0,0,0,0,9,0,0,0,0,0,0,0.0,0,0,0,0,1,0,0,6.4,0,0,0,0,0,0,0,0,0.0,0.0,0,0,0,0,0,0,0.0,0,0,0,0.0,0,0,0,0,0,0.0,0,1,1,2,6.4,0,0,3,0,0,0,Shumaira Mheuka,Chelsea,1402787,38
508,0,0,0.0,0,0,0.0,0,0,0,0.0,0,0.0,1,1,0,0,0,0,0,0,0,0,0,0,1,0,0,0,0,1,0,0,,,1,0,0.0,0,0,0,0,0,0,0,0,,0,0.0,0,0,0,0,0,0,0,0,9,0,0,0,0,0,0,0.0,0,0,0,0,3,0,0,6.4,0,0,0,0,0,0,0,0,0.0,0.0,0,0,0,0,0,0,0.0,0,0,0,0.0,0,0,0,0,0,0.0,0,0,0,0,6.4,0,0,3,0,0,0,Kaye Furo,Brentford,1403098,50
509,0,0,0.0,3,0,0.0,3,1,4,100.0,0,0.0,1,1,0,0,0,0,0,0,0,0,0,0,1,0,0,0,0,3,0,0,0.0,,1,0,0.0,0,0,0,0,0,0,0,0,,1,33.33,0,0,0,0,0,0,0,0,9,0,0,0,0,0,0,0.0,0,0,0,0,2,0,0,6.4,0,0,0,0,0,0,0,0,0.0,0.0,0,0,0,0,0,0,0.0,0,0,0,0.0,0,0,1,0,1,25.0,0,3,1,4,6.4,0,0,7,1,0,0,Jaydon Banel,Burnley,1142573,6
510,0,0,0.0,1,0,0.0,1,2,3,60.0,0,0.0,0,1,0,0,0,0,1,0,0,0,0,0,1,0,0,0,1,2,0,0,0.0,,0,0,0.0,0,0,0,1,1,0,0,0,,1,33.33,0,0,0,2,0,0,0,0,16,0,0,0,0,0,0,0.0,0,0,0,0,6,0,0,6.4,0,0,0,0,0,0,0,0,0.0,0.0,0,0,0,0,0,0,0.0,0,0,0,0.0,0,0,1,3,1,33.33,0,2,3,5,6.4,0,0,12,1,0,0,Bradley Burrowes,Aston Villa,1899712,40
511,0,0,0.0,1,0,0.0,1,2,3,100.0,0,0.0,0,1,0,0,0,0,0,0,0,0,0,0,1,0,0,0,0,0,0,0,0.01,,0,0,0.0,0,0,0,1,1,0,0,0,,0,0.0,0,0,0,0,0,0,0,0,8,0,0,0,0,0,0,0.0,0,0,0,0,0,0,0,6.4,0,0,0,0,0,0,0,0,0.0,0.0,0,0,0,0,0,0,0.0,0,0,0,0.0,0,0,0,0,0,0.0,0,1,2,3,6.4,0,0,3,0,0,0,George Earthy,West Ham United,1212165,37
512,0,0,0.0,1,0,0.0,1,2,3,60.0,0,0.0,1,1,0,0,0,0,0,0,0,0,0,0,1,0,0,0,0,2,0,0,0.0,,1,0,0.0,0,0,0,0,0,0,0,0,,0,0.0,0,0,0,2,0,0,0,0,9,0,0,0,0,0,0,0.0,0,0,0,0,2,0,0,6.4,0,0,0,0,0,0,0,0,0.0,0.0,0,0,0,0,0,0,0.0,0,0,0,0.0,0,0,0,0,0,0.0,1,3,2,5,6.4,0,0,5,0,0,0,Kaden Rodney,Crystal Palace,1185603,7
513,0,0,0.0,12,0,0.0,20,4,24,82.76,4,57.14,3,9,0,0,0,0,4,0,1,3,0,1,6,0,0,1,0,7,0,0,0.03,0.44,2,0,0.0,0,0,0,3,3,0,0,0,,1,20.0,0,0,0,5,0,1,0,0,106,1,0,0,0,0,0,0.0,0,0,0,0,12,2,0,6.4,0,0,0,0,0,0,0,0,0.0,0.0,0,3,1,0,1,0,0.0,0,1,1,100.0,1,1,1,2,5,41.67,0,24,5,29,38.4,4,0,46,0,0,0,Arnaud Kalimuendo,Nottingham Forest,954061,14
514,0,0,0.0,0,0,0.0,0,6,6,75.0,1,100.0,0,2,0,0,0,0,0,0,0,1,0,4,2,0,0,0,0,0,0,0,0.0,0.04,0,0,0.0,0,0,0,2,2,0,0,0,,0,0.0,0,0,0,2,0,0,0,0,25,0,1,0,0,0,0,0.0,0,0,0,0,2,0,0,6.4,0,0,0,0,0,0,0,0,0.0,0.0,0,1,0,0,0,0,0.0,0,0,0,0.0,0,0,0,0,1,100.0,1,2,6,8,12.8,1,0,14,0,0,0,Jamaal Lascelles,Newcastle United,153444,39
515,0,0,0.0,8,1,100.0,14,2,16,80.0,0,0.0,1,1,0,0,0,0,1,0,0,1,0,0,1,0,0,0,0,1,0,0,0.02,0.03,0,0,0.0,0,0,0,1,1,0,0,0,,1,100.0,0,0,0,4,0,0,0,0,27,0,0,0,0,0,0,0.0,0,0,0,0,4,0,0,6.4,0,0,0,0,0,0,0,0,0.0,0.0,0,1,0,0,0,1,100.0,0,0,0,0.0,0,0,1,0,1,50.0,1,18,2,20,6.4,1,0,23,0,0,0,Patrick Roberts,Sunderland,361326,41
516,0,0,0.0,0,0,0.0,0,0,0,0.0,0,0.0,1,1,0,0,0,0,0,0,0,1,0,0,1,0,0,1,0,2,0,0,0.0,0.03,0,0,0.0,0,0,0,1,0,1,0,0,,0,0.0,0,0,0,0,0,0,0,0,13,0,0,0,0,0,0,0.0,0,0,0,0,2,0,0,6.4,0,0,0,0,0,0,0,0,0.0,0.0,0,1,0,0,0,0,0.0,0,0,0,0.0,0,0,0,0,0,0.0,0,0,0,0,6.4,1,0,5,0,0,0,Sean Neave,Newcastle United,1511675,39
517,10,0,0.0,109,9,47.37,209,109,318,64.5,80,39.22,124,36,1,0,0,1,37,1,5,10,2,38,36,0,0,27,14,231,0,0,1.11,5.32,52,0,9.09,0,4,5,41,35,6,4,0,,41,27.7,1,0,3,175,4,10,0,26,2316,10,7,0,0,2,0,50.0,0,1,0,0,306,7,0,6.37,0,3,0,0,0,0,0,0,579.0,0.0,0,37,7,20,14,11,40.74,0,9,3,33.33,10,22,27,3,121,34.38,19,342,151,493,229.3,44,1,829,21,4,0,Jørgen Strand Larsen,Crystal Palace,876599,7
518,2,1,33.33,9,1,12.5,16,28,44,70.97,6,75.0,2,3,0,0,0,0,10,0,0,0,0,7,3,0,0,2,0,8,0,0,0.01,,3,0,0.0,0,0,0,4,4,0,0,0,,6,50.0,0,0,0,18,1,0,0,2,165,0,1,0,0,0,1,0.0,0,0,0,0,34,1,0,6.37,0,0,0,0,0,0,0,0,0.0,0.0,0,0,0,0,0,1,33.33,0,4,4,100.0,0,7,3,3,12,60.0,8,30,32,62,19.1,0,0,107,1,0,0,Zach Abbott,Nottingham Forest,1390490,14
519,1,0,0.0,2,2,33.33,5,11,16,72.73,0,0.0,1,4,0,0,0,0,3,0,0,0,0,10,3,0,0,0,0,2,0,0,0.0,,1,0,0.0,0,0,0,3,3,0,0,0,,0,0.0,0,0,0,6,1,1,0,1,122,0,2,0,0,0,0,0.0,0,0,0,0,9,0,0,6.37,0,0,0,0,0,0,0,0,0.0,0.0,0,0,0,0,0,0,0.0,0,0,0,0.0,1,2,0,0,0,0.0,6,10,12,22,19.1,0,0,43,0,0,0,Igor Júlio,Brighton & Hove Albion,842513,30
520,0,0,0.0,12,2,25.0,15,11,26,63.41,3,75.0,1,7,0,0,0,0,3,0,0,0,0,4,3,0,0,0,0,6,0,0,0.07,0.04,4,0,0.0,0,0,0,2,1,1,0,0,,3,37.5,0,0,0,15,2,2,0,0,99,0,0,0,0,0,0,0.0,0,0,0,0,26,0,0,6.37,0,0,0,0,0,0,0,0,0.0,0.0,0,1,0,1,0,0,0.0,0,3,0,0.0,2,3,1,6,6,50.0,8,29,12,41,19.1,1,0,73,0,1,0,Borna Sosa,Crystal Palace,357584,7
521,0,0,0.0,0,0,0.0,1,1,2,50.0,1,25.0,3,2,0,0,0,0,1,0,1,0,0,0,2,0,0,2,0,6,0,0,0.0,0.13,0,0,0.0,0,0,0,2,2,0,0,0,,1,25.0,0,0,0,2,2,0,0,0,58,1,0,0,0,0,0,0.0,0,0,0,0,8,0,0,6.35,0,0,0,0,0,0,0,0,0.0,0.0,0,1,0,1,0,1,50.0,0,0,0,0.0,0,0,2,0,2,25.0,0,3,1,4,12.7,1,0,17,0,0,0,Callum Marshall,West Ham United,1394099,37
522,0,0,0.0,1,0,0.0,2,2,4,80.0,2,66.67,1,1,0,0,0,0,1,0,0,0,0,0,1,0,0,1,0,3,0,0,0.01,,0,0,0.0,0,0,0,0,0,0,0,0,,0,0.0,0,0,0,1,1,0,0,0,14,0,0,0,0,0,0,0.0,0,0,0,0,4,1,0,6.3,0,0,0,0,0,0,0,0,0.0,0.0,0,0,0,0,0,0,0.0,0,0,0,0.0,0,0,1,0,2,40.0,0,3,2,5,6.3,0,0,11,0,0,0,Saša Kalajdžić,Wolverhampton,870038,3
523,0,0,0.0,0,0,0.0,0,0,0,0.0,0,0.0,1,1,0,0,0,0,0,0,0,0,0,0,1,0,0,0,0,1,0,0,,,0,0,0.0,0,0,0,2,2,0,0,0,,0,0.0,0,0,0,1,0,0,0,0,13,0,0,0,0,0,0,0.0,0,0,0,0,1,0,0,6.3,0,0,0,0,0,0,0,0,0.0,0.0,0,0,0,0,0,0,0.0,0,0,0,0.0,0,0,0,0,0,0.0,0,1,0,1,6.3,0,0,2,0,0,0,Ben Winterburn,Bournemouth,2007889,60
524,0,0,0.0,4,0,0.0,15,5,20,86.96,0,0.0,0,3,0,0,0,0,4,0,0,0,0,0,2,0,0,0,1,3,0,0,0.01,,2,0,0.0,0,0,0,2,1,1,0,0,,3,50.0,0,0,0,3,0,0,0,0,34,0,0,0,0,0,0,0.0,0,0,0,0,6,0,0,6.3,0,0,0,0,0,0,0,0,0.0,0.0,0,0,0,0,0,0,0.0,0,1,0,0.0,0,0,0,2,3,50.0,2,16,7,23,12.6,0,0,31,2,0,0,Julio Soler,Bournemouth,1201520,60
525,1,0,0.0,1,0,0.0,3,43,46,88.46,1,50.0,1,3,0,0,0,0,2,0,1,0,0,5,3,0,0,0,2,4,0,0,0.0,0.44,0,0,0.0,9,0,0,3,3,0,0,0,,1,25.0,0,0,0,6,1,0,0,1,107,0,1,0,0,0,0,0.0,0,0,0,0,7,0,0,6.3,0,0,0,0,0,0,0,0,0.0,0.0,0,1,0,1,0,0,0.0,0,1,0,0.0,0,1,1,0,2,33.33,3,7,45,52,18.9,1,0,63,0,0,0,Mamadou Sarr,Chelsea,1154657,38
526,0,0,0.0,6,0,0.0,13,12,25,92.59,0,0.0,1,4,0,0,0,0,3,0,0,0,0,4,4,0,0,1,3,10,0,0,0.04,0.02,3,0,0.0,0,0,0,3,2,1,0,0,,2,18.18,0,0,0,2,2,3,0,2,144,0,0,0,0,0,0,0.0,0,0,0,0,8,0,0,6.3,0,0,0,0,0,0,0,0,0.0,0.0,0,0,1,0,1,0,0.0,0,0,0,0.0,3,1,2,3,2,16.67,0,15,12,27,25.2,1,0,49,2,1,0,Souza,Tottenham Hotspur,1482340,33
527,1,0,0.0,10,0,0.0,17,5,22,68.75,5,29.41,12,10,1,0,0,0,4,1,3,2,0,4,10,0,0,1,2,28,0,0,0.3,1.55,10,0,0.0,0,0,1,3,3,0,0,0,,3,15.79,0,0,1,10,0,3,0,1,276,2,0,0,0,0,0,0.0,0,0,0,0,23,1,0,6.28,0,0,0,0,0,0,0,0,0.0,0.0,0,11,2,9,2,1,25.0,0,0,0,0.0,3,1,4,0,8,22.22,0,25,7,32,62.8,13,0,70,2,1,0,Marc Guiu,Chelsea,1414933,38
528,2,0,0.0,7,30,38.96,24,59,83,63.85,0,0.0,0,5,0,0,0,0,26,0,0,0,1,4,5,0,0,0,0,0,1,0,0.01,,0,0,0.0,31,0,0,8,6,2,0,0,-2.96,0,0.0,0,1,0,47,0,0,0,5,438,0,0,0,0,0,0,0.0,1,0,0,0,50,0,3,6.28,0,0,3,6,0,6,0,2,0.0,0.0,0,0,0,0,0,0,0.0,2,0,0,0.0,0,3,0,0,0,0.0,77,66,64,130,31.4,0,0,151,0,1,0,John Victor,Nottingham Forest,840103,14
529,3,0,0.0,0,12,52.17,7,23,30,73.17,0,0.0,0,1,0,0,0,0,7,0,0,0,0,0,1,0,0,0,0,0,0,0,0.0,,0,0,0.0,6,0,0,3,3,0,0,0,-1.72,0,0.0,0,0,0,11,0,0,0,1,90,0,0,0,0,0,0,0.0,0,0,0,0,11,0,0,6.2,0,0,0,1,0,1,0,0,0.0,0.0,0,0,0,0,0,0,0.0,0,0,0,0.0,0,3,0,0,0,0.0,23,15,26,41,6.2,0,0,48,0,0,0,Hákon Rafn Valdimarsson,Brentford,1005959,50
530,3,0,0.0,17,6,46.15,42,62,104,90.43,4,57.14,3,2,0,0,0,0,8,0,0,0,0,11,2,0,0,0,0,3,0,0,0.03,0.1,0,0,0.0,2,0,0,8,8,0,0,0,,3,100.0,0,0,0,11,1,0,0,2,180,0,2,0,0,0,0,0.0,0,0,0,0,14,0,0,6.2,0,0,0,0,0,0,0,0,0.0,0.0,0,2,0,2,0,1,100.0,0,1,0,0.0,0,6,1,2,7,70.0,13,52,63,115,12.4,2,0,145,1,0,0,Nayef Aguerd,West Ham United,877102,37
531,1,0,0.0,18,1,50.0,38,19,57,61.29,18,36.0,32,8,0,0,0,0,10,0,1,2,0,4,8,0,0,6,1,48,0,0,0.23,0.92,11,0,0.0,0,0,0,11,11,0,0,0,,3,15.79,0,0,0,36,2,7,0,5,408,3,1,0,0,0,0,0.0,0,0,0,0,51,2,0,6.19,0,0,0,0,0,0,0,0,0.0,0.0,0,9,0,4,3,0,0.0,0,2,1,50.0,7,5,0,0,21,30.43,2,72,21,93,49.5,9,0,144,1,0,0,Niclas Füllkrug,West Ham United,132645,37
532,0,0,0.0,4,0,0.0,7,7,14,73.68,0,0.0,0,1,0,0,0,0,0,0,0,0,0,1,1,0,0,1,0,3,0,0,0.0,,1,0,0.0,0,0,0,2,1,1,0,0,,0,0.0,0,0,0,5,0,0,0,1,45,0,0,0,0,0,0,0.0,0,0,0,0,8,0,0,5.8,0,0,0,0,0,0,0,0,0.0,0.0,0,0,0,0,0,0,0.0,0,0,0,0.0,0,0,1,1,0,0.0,0,12,7,19,5.8,0,0,33,0,0,0,Emil Krafth,Newcastle United,150396,39
533,0,0,0.0,0,0,0.0,0,0,0,0.0,0,0.0,0,1,0,0,0,0,0,0,0,0,0,0,0,0,0,0,0,0,0,0,,,0,0,0.0,0,0,0,0,0,0,0,0,,0,0.0,0,0,0,0,0,0,0,0,1,0,0,0,0,0,0,0.0,0,0,0,0,0,0,0,0.0,0,0,0,0,0,0,0,0,0.0,0.0,0,0,0,0,0,0,0.0,0,0,0,0.0,0,0,0,0,0,0.0,0,0,0,0,0.0,0,0,0,0,0,0,James Rowswell,Tottenham Hotspur,1403130,33
534,0,0,0.0,0,0,0.0,0,0,0,0.0,0,0.0,0,1,0,0,0,0,0,0,0,0,0,0,0,0,0,0,0,1,0,0,,,1,0,0.0,0,0,0,0,0,0,0,0,,0,0.0,0,0,0,0,0,0,0,0,1,0,0,0,0,0,0,0.0,0,0,0,0,0,0,0,0.0,0,0,0,0,0,0,0,0,0.0,0.0,0,0,0,0,0,0,0.0,0,0,0,0.0,0,0,0,0,0,0.0,0,0,0,0,0.0,0,0,1,0,0,0,Myles Peart-Harris,Brentford,980649,50
535,0,0,0.0,0,0,0.0,0,0,0,0.0,0,0.0,0,1,0,0,0,0,0,0,0,0,0,0,0,0,0,0,0,0,0,0,,,0,0,0.0,0,0,0,0,0,0,0,0,,0,0.0,0,0,0,0,0,0,0,0,1,0,0,0,0,0,0,0.0,0,0,0,0,0,0,0,0.0,0,0,0,0,0,0,0,0,0.0,0.0,0,0,0,0,0,0,0.0,0,0,0,0.0,0,0,0,0,0,0.0,0,0,0,0,0.0,0,0,0,0,0,0,Nehemiah Oriola,Brighton & Hove Albion,1899611,30
536,0,0,0.0,0,0,0.0,0,0,0,0.0,0,0.0,0,1,0,0,0,0,0,0,0,0,0,0,0,0,0,0,0,0,0,0,,,0,0,0.0,0,0,0,0,0,0,0,0,,0,0.0,0,0,0,0,0,0,0,0,1,0,0,0,0,0,0,0.0,0,0,0,0,0,0,0,0.0,0,0,0,0,0,0,0,0,0.0,0.0,0,0,0,0,0,0,0.0,0,0,0,0.0,0,0,0,0,0,0.0,0,0,0,0,0.0,0,0,0,0,0,0,Joe Knight,Brighton & Hove Albion,1565348,30
