playerName,playerId,teamName,teamId,primaryPosition,positionGroup,minutesPlayed,averageBallPossession,totalShots,inaccuratePasses,dispossessed,unsuccessfulDribbles,keyPasses,assists,expectedAssists,goals,expectedGoals,marketValue,PEA,PEA/90,total_sca,direct_sca,secondary_sca,direct_pass_sca,direct_balltouch_sca,direct_foul_sca,direct_takeon_sca,direct_cornerawarded_sca,direct_savedshot_sca,direct_shotonpost_sca,direct_goodskill_sca,secondary_pass_sca,secondary_balltouch_sca,secondary_foul_sca,secondary_takeon_sca,secondary_cornerawarded_sca,secondary_savedshot_sca,secondary_shotonpost_sca,secondary_goodskill_sca,SCA/90,adjPEA/90,adjSCA/90,usageRate,attackingInvolvement,teamTotalPEA,teamTotalSCA,RCE
Bruno Fernandes,288205,Manchester United,35,AM,Midfielder,3066,51.79,85,355,30,21,137,21,12.32,9,10.83,32000000.0,491,14.41,201,129.0,72.0,125.0,0.0,1.0,2.0,0.0,0.0,1.0,0.0,69.0,0.0,0.0,0.0,2.0,1.0,0.0,0.0,5.9,13.91,5.7,0.131,0.241,3756,834,1.84
Declan Rice,856714,Arsenal,42,MC,Midfielder,3099,56.13,40,271,18,14,64,5,6.96,4,3.17,114000000.0,343,9.96,97,57.0,40.0,57.0,0.0,0.0,0.0,0.0,0.0,0.0,0.0,36.0,1.0,0.0,0.0,3.0,0.0,0.0,0.0,2.82,8.87,2.51,0.095,0.13,3614,747,1.368
Bruno Guimarães,866469,Newcastle United,39,MC,Midfielder,2455,52.61,42,201,46,30,46,5,4.98,9,5.6,72000000.0,319,11.69,79,48.0,31.0,43.0,1.0,2.0,0.0,1.0,0.0,1.0,0.0,28.0,1.0,1.0,0.0,1.0,0.0,0.0,0.0,2.9,11.11,2.76,0.088,0.121,3629,655,1.375
Rodri,827606,Manchester City,17,DM,Midfielder,1513,60.5,16,160,11,8,25,0,2.59,1,1.13,50000000.0,195,11.6,43,28.0,15.0,25.0,0.0,2.0,0.0,0.0,0.0,1.0,0.0,15.0,0.0,0.0,0.0,0.0,0.0,0.0,0.0,2.56,9.59,2.12,0.047,0.047,4135,916,1.0
Jérémy Doku,934386,Manchester City,17,LW,Winger,1784,60.5,39,132,49,64,60,5,6.18,5,2.75,70000000.0,284,14.33,110,73.0,37.0,56.0,1.0,3.0,11.0,1.0,0.0,1.0,0.0,31.0,0.0,0.0,0.0,6.0,0.0,0.0,0.0,5.55,11.84,4.59,0.069,0.12,4135,916,1.739
Elliot Anderson,994546,Nottingham Forest,14,MC,Midfielder,3334,46.76,44,345,62,42,55,4,4.79,4,2.9,100000000.0,493,13.31,113,57.0,56.0,50.0,1.0,3.0,3.0,0.0,0.0,0.0,0.0,54.0,1.0,1.0,0.0,0.0,0.0,0.0,0.0,3.05,14.23,3.26,0.143,0.198,3445,570,1.385
Granit Xhaka,117777,Sunderland,41,MC,Midfielder,2903,44.84,21,295,17,13,34,6,3.71,1,1.02,8500000.0,346,10.73,73,32.0,41.0,31.0,1.0,0.0,0.0,0.0,0.0,0.0,0.0,40.0,0.0,0.0,0.0,1.0,0.0,0.0,0.0,2.26,11.96,2.52,0.104,0.157,3339,465,1.51
Erling Haaland,839956,Manchester City,17,ST,Striker,2958,60.5,126,132,23,15,25,8,2.85,27,25.43,240000000.0,296,9.01,47,30.0,17.0,20.0,3.0,0.0,7.0,0.0,0.0,0.0,0.0,10.0,3.0,1.0,0.0,3.0,0.0,0.0,0.0,1.43,7.45,1.18,0.072,0.051,4135,916,0.708
Marc Guéhi,877994,Manchester City,17,DC,Centerback,3150,60.5,32,239,18,4,18,3,2.32,3,4.12,66000000.0,293,8.37,39,19.0,20.0,16.0,1.0,1.0,1.0,0.0,0.0,0.0,0.0,20.0,0.0,0.0,0.0,0.0,0.0,0.0,0.0,1.11,6.92,0.92,0.071,0.043,4135,916,0.606
Gabriel Magalhães,869792,Arsenal,42,DC,Centerback,2751,56.13,27,205,4,1,7,4,1.82,3,2.93,70000000.0,237,7.75,18,8.0,10.0,4.0,2.0,1.0,0.0,0.0,0.0,1.0,0.0,10.0,0.0,0.0,0.0,0.0,0.0,0.0,0.0,0.59,6.9,0.53,0.066,0.024,3614,747,0.364
Virgil van Dijk,151545,Liverpool FC,44,DC,Centerback,3420,59.21,30,307,1,0,12,0,1.35,6,3.77,15500000.0,338,8.89,33,10.0,23.0,8.0,2.0,0.0,0.0,0.0,0.0,0.0,0.0,21.0,1.0,0.0,0.0,0.0,1.0,0.0,0.0,0.87,7.51,0.73,0.089,0.038,3807,878,0.427
Marcos Senesi,830659,Bournemouth,60,DC,Centerback,3290,50.18,17,518,14,3,24,5,4.67,0,1.52,23000000.0,552,15.1,53,24.0,29.0,21.0,2.0,1.0,0.0,0.0,0.0,0.0,0.0,26.0,1.0,0.0,0.0,2.0,0.0,0.0,0.0,1.45,15.05,1.44,0.148,0.086,3742,614,0.581
Jan Paul van Hecke,962012,Brighton & Hove Albion,30,DC,Centerback,3211,54.08,23,323,6,2,13,3,1.62,3,3.3,65000000.0,354,9.92,31,13.0,18.0,11.0,2.0,0.0,0.0,0.0,0.0,0.0,0.0,18.0,0.0,0.0,0.0,0.0,0.0,0.0,0.0,0.87,9.17,0.8,0.096,0.046,3682,680,0.479
Bukayo Saka,934235,Arsenal,42,RW,Winger,2225,56.13,71,180,32,51,63,5,7.16,7,7.55,115000000.0,334,13.51,93,62.0,31.0,57.0,0.0,2.0,2.0,1.0,0.0,0.0,0.0,28.0,0.0,2.0,1.0,0.0,0.0,0.0,0.0,3.76,12.03,3.35,0.092,0.124,3614,747,1.348
Jack Grealish,189061,Everton,48,LW,Winger,1631,43.63,26,91,30,34,40,6,3.57,2,2.15,21000000.0,181,9.99,64,43.0,21.0,37.0,2.0,2.0,2.0,0.0,0.0,0.0,0.0,18.0,0.0,0.0,0.0,3.0,0.0,0.0,0.0,3.53,11.45,4.05,0.052,0.111,3490,575,2.135
James Garner,927361,Everton,48,MC,Midfielder,3414,43.63,45,229,15,16,56,7,5.95,2,2.03,48000000.0,305,8.04,86,58.0,28.0,56.0,0.0,0.0,2.0,0.0,0.0,0.0,0.0,27.0,0.0,1.0,0.0,0.0,0.0,0.0,0.0,2.27,9.21,2.6,0.087,0.15,3490,575,1.724
Casemiro,122951,Manchester United,35,MC,Midfielder,2593,51.79,52,299,13,10,36,2,3.12,9,5.52,5500000.0,374,12.98,62,35.0,27.0,33.0,2.0,0.0,0.0,0.0,0.0,0.0,0.0,23.0,0.0,1.0,0.0,2.0,1.0,0.0,0.0,2.15,12.53,2.08,0.1,0.074,3756,834,0.74
Rayan Cherki,979128,Manchester City,17,AM,Midfielder,1794,60.5,55,173,34,55,61,12,8.65,4,4.13,98000000.0,317,15.9,93,61.0,32.0,55.0,0.0,0.0,6.0,0.0,0.0,0.0,0.0,29.0,0.0,0.0,0.0,2.0,1.0,0.0,0.0,4.67,13.14,3.86,0.077,0.102,4135,916,1.325
Youri Tielemans,331737,Aston Villa,40,MC,Midfielder,1862,53.55,24,170,13,8,32,4,3.33,0,1.17,43000000.0,215,10.39,50,26.0,24.0,26.0,0.0,0.0,0.0,0.0,0.0,0.0,0.0,22.0,0.0,0.0,0.0,1.0,1.0,0.0,0.0,2.42,9.7,2.26,0.065,0.075,3295,667,1.154
Mateus Fernandes,1142562,West Ham United,37,MC,Midfielder,3024,42.53,28,196,32,20,37,4,2.97,3,2.0,49000000.0,276,8.21,66,40.0,26.0,36.0,0.0,1.0,1.0,1.0,0.0,1.0,0.0,24.0,0.0,0.0,0.0,2.0,0.0,0.0,0.0,1.96,9.65,2.3,0.08,0.132,3447,499,1.65
Reece James,885908,Chelsea,38,DR,Fullback,1961,57.74,22,146,13,11,27,4,3.19,2,1.04,63000000.0,192,8.81,43,25.0,18.0,22.0,0.0,2.0,1.0,0.0,0.0,0.0,0.0,18.0,0.0,0.0,0.0,0.0,0.0,0.0,0.0,1.97,7.63,1.71,0.059,0.062,3277,697,1.051
Rúben Dias,318941,Manchester City,17,DC,Centerback,2149,60.5,10,123,3,3,7,0,0.64,2,0.56,60000000.0,139,5.82,13,5.0,8.0,5.0,0.0,0.0,0.0,0.0,0.0,0.0,0.0,8.0,0.0,0.0,0.0,0.0,0.0,0.0,0.0,0.54,4.81,0.45,0.034,0.014,4135,916,0.412
Dominik Szoboszlai,869856,Liverpool FC,44,AM,Midfielder,3233,59.21,71,268,27,24,78,7,6.81,6,4.85,91000000.0,390,10.86,140,79.0,61.0,72.0,2.0,2.0,2.0,0.0,0.0,0.0,1.0,55.0,0.0,0.0,0.0,4.0,2.0,0.0,0.0,3.9,9.17,3.29,0.102,0.159,3807,878,1.559
Kiernan Dewsbury-Hall,861970,Everton,48,MC,Midfielder,2635,43.63,39,180,49,23,37,4,5.38,8,4.31,38000000.0,291,9.94,66,40.0,26.0,36.0,0.0,1.0,2.0,1.0,0.0,0.0,0.0,21.0,0.0,1.0,0.0,4.0,0.0,0.0,0.0,2.25,11.39,2.58,0.083,0.115,3490,575,1.386
Moisés Caicedo,987650,Chelsea,38,MC,Midfielder,2802,57.74,27,170,19,13,19,1,2.38,3,1.44,104000000.0,229,7.36,48,15.0,33.0,15.0,0.0,0.0,0.0,0.0,0.0,0.0,0.0,30.0,2.0,0.0,0.0,0.0,1.0,0.0,0.0,1.54,6.37,1.33,0.07,0.069,3277,697,0.986
Enzo Fernández,974505,Chelsea,38,MC,Midfielder,3121,57.74,72,285,41,35,69,4,7.25,10,11.29,97000000.0,433,12.49,107,71.0,36.0,61.0,3.0,6.0,1.0,0.0,0.0,0.0,0.0,33.0,1.0,1.0,0.0,1.0,0.0,0.0,0.0,3.09,10.82,2.68,0.132,0.154,3277,697,1.167
James Tarkowski,145188,Everton,48,DC,Centerback,3330,43.63,21,302,1,4,19,3,2.07,2,2.75,5200000.0,328,8.86,24,18.0,6.0,17.0,1.0,0.0,0.0,0.0,0.0,0.0,0.0,5.0,0.0,0.0,0.0,0.0,1.0,0.0,0.0,0.65,10.15,0.74,0.094,0.042,3490,575,0.447
Anton Stach,889861,Leeds United,34,MC,Midfielder,2378,45.74,55,213,26,22,63,3,4.51,5,2.92,27000000.0,316,11.96,83,62.0,21.0,58.0,2.0,0.0,1.0,1.0,0.0,0.0,0.0,20.0,1.0,0.0,0.0,0.0,0.0,0.0,0.0,3.14,13.07,3.43,0.088,0.143,3578,580,1.625
Ethan Ampadu,847097,Leeds United,34,MC,Midfielder,3123,45.74,26,249,12,5,20,1,2.25,1,2.5,28000000.0,292,8.41,48,23.0,25.0,19.0,1.0,2.0,1.0,0.0,0.0,0.0,0.0,22.0,1.0,0.0,0.0,2.0,0.0,0.0,0.0,1.38,9.19,1.51,0.082,0.083,3578,580,1.012
Boubacar Kamara,826204,Aston Villa,40,MC,Midfielder,1418,53.55,7,96,15,17,15,3,0.86,1,0.49,39000000.0,135,8.57,26,14.0,12.0,14.0,0.0,0.0,0.0,0.0,0.0,0.0,0.0,10.0,0.0,2.0,0.0,0.0,0.0,0.0,0.0,1.65,8.0,1.54,0.041,0.039,3295,667,0.951
Harry Wilson,355528,Fulham,43,RW,Winger,2691,51.71,78,146,23,15,39,7,4.78,10,5.83,27000000.0,262,8.76,66,40.0,26.0,37.0,0.0,1.0,2.0,0.0,0.0,0.0,0.0,23.0,2.0,0.0,0.0,1.0,0.0,0.0,0.0,2.21,8.47,2.14,0.072,0.098,3626,674,1.361
Cristian Romero,829932,Tottenham Hotspur,33,DC,Centerback,1872,50.37,17,143,6,2,12,1,1.26,4,1.31,46000000.0,168,8.08,15,10.0,5.0,8.0,1.0,1.0,0.0,0.0,0.0,0.0,0.0,5.0,0.0,0.0,0.0,0.0,0.0,0.0,0.0,0.72,8.02,0.71,0.047,0.026,3597,571,0.553
Tom Edozie,1445189,Wolverhampton,3,LW,Winger,26,42.82,2,2,2,1,0,0,0.0,1,0.23,195000.0,7,24.23,0,,,,,,,,,,,,,,,,,,,0.0,28.29,0.0,0.002,0.0,3167,466,0.0
Fabian Schär,101882,Newcastle United,39,DC,Centerback,1091,52.61,17,124,1,0,4,0,0.61,0,0.98,3900000.0,142,11.71,4,3.0,1.0,3.0,0.0,0.0,0.0,0.0,0.0,0.0,0.0,1.0,0.0,0.0,0.0,0.0,0.0,0.0,0.0,0.33,11.13,0.31,0.039,0.006,3629,655,0.154
Max Alleyne,1168513,Manchester City,17,DC,Centerback,135,60.5,2,8,1,1,1,0,0.06,0,0.26,7800000.0,12,8.0,1,1.0,0.0,1.0,0.0,0.0,0.0,0.0,0.0,0.0,0.0,0.0,0.0,0.0,0.0,0.0,0.0,0.0,0.0,0.67,6.61,0.55,0.003,0.001,4135,916,0.333
João Pedro,975079,Chelsea,38,ST,Striker,2674,57.74,73,171,55,38,29,5,2.0,15,14.96,74000000.0,337,11.34,57,33.0,24.0,20.0,6.0,3.0,4.0,0.0,0.0,0.0,0.0,18.0,1.0,3.0,0.0,2.0,0.0,0.0,0.0,1.92,9.82,1.66,0.103,0.082,3277,697,0.796
Matheus Cunha,886363,Manchester United,35,AM,Midfielder,2503,51.79,90,172,53,47,35,2,3.28,10,7.06,79000000.0,362,13.02,82,36.0,46.0,26.0,4.0,0.0,6.0,0.0,0.0,0.0,0.0,33.0,0.0,4.0,0.0,8.0,0.0,1.0,0.0,2.95,12.57,2.85,0.096,0.098,3756,834,1.021
Lisandro Martínez,859999,Manchester United,35,DC,Centerback,1237,51.79,5,95,2,2,5,0,0.6,0,0.15,48000000.0,104,7.57,12,4.0,8.0,4.0,0.0,0.0,0.0,0.0,0.0,0.0,0.0,8.0,0.0,0.0,0.0,0.0,0.0,0.0,0.0,0.87,7.31,0.84,0.028,0.014,3756,834,0.5
Alex Iwobi,352770,Fulham,43,LW,Winger,2434,51.71,39,213,24,26,44,3,4.69,4,1.92,21000000.0,302,11.17,75,48.0,27.0,44.0,1.0,0.0,3.0,0.0,0.0,0.0,0.0,27.0,0.0,0.0,0.0,0.0,0.0,0.0,0.0,2.77,10.8,2.68,0.083,0.111,3626,674,1.337
Alex Scott,1104986,Bournemouth,60,MC,Midfielder,2859,50.18,44,211,26,23,28,1,2.95,3,3.81,53000000.0,304,9.57,53,25.0,28.0,20.0,0.0,5.0,0.0,0.0,0.0,0.0,0.0,26.0,1.0,0.0,0.0,1.0,0.0,0.0,0.0,1.67,9.54,1.66,0.081,0.086,3742,614,1.062
Ibrahima Konaté,826215,Liverpool FC,44,DC,Centerback,3100,59.21,12,225,5,2,8,0,0.98,1,1.21,46000000.0,244,7.08,21,8.0,13.0,7.0,1.0,0.0,0.0,0.0,0.0,0.0,0.0,13.0,0.0,0.0,0.0,0.0,0.0,0.0,0.0,0.61,5.98,0.52,0.064,0.024,3807,878,0.375
Pascal Groß,48480,Brighton & Hove Albion,30,MC,Midfielder,1636,54.08,18,151,10,9,39,3,3.83,1,1.45,2300000.0,188,10.34,56,40.0,16.0,40.0,0.0,0.0,0.0,0.0,0.0,0.0,0.0,15.0,0.0,0.0,0.0,1.0,0.0,0.0,0.0,3.08,9.56,2.85,0.051,0.082,3682,680,1.608
Adam Wharton,1109771,Crystal Palace,7,MC,Midfielder,2562,45.92,32,255,27,14,44,5,7.38,1,1.52,74000000.0,328,11.52,69,43.0,26.0,42.0,0.0,0.0,0.0,1.0,0.0,0.0,0.0,24.0,0.0,0.0,0.0,1.0,1.0,0.0,0.0,2.42,12.54,2.64,0.087,0.121,3757,568,1.391
Anthony Gordon,914902,Newcastle United,39,LW,Winger,1817,52.61,48,94,26,37,26,2,3.37,6,8.83,82000000.0,205,10.15,44,30.0,14.0,26.0,0.0,2.0,2.0,0.0,0.0,0.0,0.0,11.0,0.0,1.0,0.0,2.0,0.0,0.0,0.0,2.18,9.65,2.07,0.056,0.067,3629,655,1.196
Ryan Gravenberch,904897,Liverpool FC,44,MC,Midfielder,2996,59.21,38,207,26,23,29,3,2.26,5,1.9,87000000.0,294,8.83,73,35.0,38.0,26.0,1.0,4.0,4.0,0.0,0.0,0.0,0.0,31.0,1.0,3.0,0.0,3.0,0.0,0.0,0.0,2.19,7.46,1.85,0.077,0.083,3807,878,1.078
Martín Zubimendi,966837,Arsenal,42,MC,Midfielder,3001,56.13,27,244,10,8,19,1,2.26,5,2.85,77000000.0,289,8.67,43,19.0,24.0,16.0,2.0,0.0,1.0,0.0,0.0,0.0,0.0,24.0,0.0,0.0,0.0,0.0,0.0,0.0,0.0,1.29,7.72,1.15,0.08,0.058,3614,747,0.725
Konstantinos Mavropanos,829022,West Ham United,37,DC,Centerback,2535,42.53,23,208,2,0,4,0,0.7,3,2.55,19500000.0,233,8.27,11,4.0,7.0,4.0,0.0,0.0,0.0,0.0,0.0,0.0,0.0,7.0,0.0,0.0,0.0,0.0,0.0,0.0,0.0,0.39,9.72,0.46,0.068,0.022,3447,499,0.324
Cole Palmer,982780,Chelsea,38,AM,Midfielder,1965,57.74,64,117,35,45,25,1,2.47,10,10.56,92000000.0,261,11.95,59,33.0,26.0,24.0,0.0,4.0,3.0,0.0,0.0,0.0,2.0,24.0,1.0,0.0,0.0,1.0,0.0,0.0,0.0,2.7,10.35,2.34,0.08,0.085,3277,697,1.062
Amadou Onana,923973,Aston Villa,40,MC,Midfielder,1776,53.55,19,107,10,6,7,0,0.7,2,1.71,41000000.0,142,7.2,21,7.0,14.0,6.0,1.0,0.0,0.0,0.0,0.0,0.0,0.0,13.0,0.0,0.0,0.0,1.0,0.0,0.0,0.0,1.06,6.72,0.99,0.043,0.031,3295,667,0.721
Rayan,1464966,Bournemouth,60,RW,Winger,1119,50.18,28,69,10,21,14,2,1.82,5,2.91,58000000.0,128,10.29,29,17.0,12.0,13.0,1.0,0.0,2.0,1.0,0.0,0.0,0.0,9.0,0.0,0.0,0.0,2.0,1.0,0.0,0.0,2.33,10.25,2.32,0.034,0.047,3742,614,1.382
Crysencio Summerville,917005,West Ham United,37,LW,Winger,2480,42.53,54,110,39,54,28,2,3.42,5,5.17,49000000.0,257,9.33,62,33.0,29.0,26.0,1.0,2.0,3.0,0.0,0.0,0.0,1.0,18.0,3.0,3.0,0.0,4.0,0.0,1.0,0.0,2.25,10.97,2.65,0.075,0.124,3447,499,1.653
João Palhinha,364612,Tottenham Hotspur,33,MC,Midfielder,2197,50.37,33,188,30,13,8,2,0.66,5,2.7,13800000.0,264,10.81,25,10.0,15.0,5.0,2.0,0.0,1.0,0.0,0.0,1.0,1.0,11.0,0.0,0.0,0.0,3.0,1.0,0.0,0.0,1.02,10.73,1.01,0.073,0.044,3597,571,0.603
Joachim Andersen,362682,Fulham,43,DC,Centerback,2884,51.71,16,317,3,1,7,1,1.82,0,1.48,21000000.0,337,10.52,27,5.0,22.0,5.0,0.0,0.0,0.0,0.0,0.0,0.0,0.0,16.0,2.0,0.0,0.0,3.0,1.0,0.0,0.0,0.84,10.17,0.81,0.093,0.04,3626,674,0.43
William Saliba,941168,Arsenal,42,DC,Centerback,2615,56.13,5,150,9,3,10,0,1.42,1,0.86,94000000.0,167,5.75,26,11.0,15.0,9.0,2.0,0.0,0.0,0.0,0.0,0.0,0.0,15.0,0.0,0.0,0.0,0.0,0.0,0.0,0.0,0.89,5.12,0.79,0.046,0.035,3614,747,0.761
Malick Thiaw,1014286,Newcastle United,39,DC,Centerback,2964,52.61,28,176,3,0,6,0,0.97,4,4.72,41000000.0,207,6.29,9,4.0,5.0,3.0,1.0,0.0,0.0,0.0,0.0,0.0,0.0,3.0,0.0,0.0,0.0,2.0,0.0,0.0,0.0,0.27,5.98,0.26,0.057,0.014,3629,655,0.246
Antoine Semenyo,934354,Manchester City,17,LW,Winger,3200,60.5,83,187,63,74,39,4,3.12,17,11.09,85000000.0,407,11.45,72,45.0,27.0,37.0,0.0,0.0,8.0,0.0,0.0,0.0,0.0,25.0,0.0,0.0,0.0,2.0,0.0,0.0,0.0,2.02,9.46,1.67,0.098,0.079,4135,916,0.806
Mikkel Damsgaard,907072,Brentford,50,AM,Midfielder,2078,47.61,29,225,33,33,42,4,5.44,4,2.62,29000000.0,320,13.86,67,45.0,22.0,42.0,0.0,1.0,2.0,0.0,0.0,0.0,0.0,20.0,0.0,0.0,0.0,2.0,0.0,0.0,0.0,2.9,14.56,3.05,0.086,0.129,3707,519,1.5
Jarrad Branthwaite,979563,Everton,48,DC,Centerback,689,43.63,6,57,2,0,3,0,0.12,1,0.35,41000000.0,65,8.49,7,3.0,4.0,2.0,0.0,1.0,0.0,0.0,0.0,0.0,0.0,2.0,0.0,0.0,0.0,2.0,0.0,0.0,0.0,0.91,9.73,1.04,0.019,0.012,3490,575,0.632
Phil Foden,859765,Manchester City,17,AM,Midfielder,2107,60.5,55,143,33,22,55,5,4.77,7,6.42,66000000.0,253,10.81,94,59.0,35.0,50.0,1.0,2.0,6.0,0.0,0.0,0.0,0.0,30.0,3.0,1.0,0.0,1.0,0.0,0.0,0.0,4.02,8.93,3.32,0.061,0.103,4135,916,1.689
Jarrod Bowen,552884,West Ham United,37,RW,Winger,3405,42.53,79,208,77,65,45,11,5.24,9,7.26,29000000.0,429,11.34,87,52.0,35.0,39.0,5.0,0.0,7.0,1.0,0.0,0.0,0.0,26.0,1.0,0.0,0.0,7.0,0.0,1.0,0.0,2.3,13.33,2.7,0.124,0.174,3447,499,1.403
Sven Botman,910046,Newcastle United,39,DC,Centerback,1838,52.61,15,153,5,0,8,1,0.88,1,1.74,33000000.0,173,8.47,10,7.0,3.0,5.0,2.0,0.0,0.0,0.0,0.0,0.0,0.0,2.0,1.0,0.0,0.0,0.0,0.0,0.0,0.0,0.49,8.05,0.47,0.048,0.015,3629,655,0.312
Joško Gvardiol,964994,Manchester City,17,DL,Fullback,1374,60.5,17,111,4,4,6,2,0.71,2,2.4,64000000.0,136,8.91,15,5.0,10.0,4.0,0.0,0.0,1.0,0.0,0.0,0.0,0.0,10.0,0.0,0.0,0.0,0.0,0.0,0.0,0.0,0.98,7.36,0.81,0.033,0.016,4135,916,0.485
Martin Ødegaard,547410,Arsenal,42,MC,Midfielder,1370,56.13,22,127,13,18,40,6,3.67,1,1.23,77000000.0,180,11.82,61,40.0,21.0,38.0,0.0,0.0,2.0,0.0,0.0,0.0,0.0,18.0,0.0,1.0,0.0,2.0,0.0,0.0,0.0,4.01,10.53,3.57,0.05,0.082,3614,747,1.64
Ezri Konsa,827679,Aston Villa,40,DC,Centerback,3036,53.55,11,95,6,4,5,0,0.58,0,1.25,47000000.0,116,3.44,19,6.0,13.0,4.0,1.0,0.0,0.0,1.0,0.0,0.0,0.0,12.0,0.0,0.0,0.0,1.0,0.0,0.0,0.0,0.56,3.21,0.52,0.035,0.028,3295,667,0.8
Rio Ngumoha,1881902,Liverpool FC,44,LW,Winger,582,59.21,16,25,12,13,16,1,2.03,2,1.31,29000000.0,66,10.21,25,16.0,9.0,15.0,0.0,0.0,0.0,0.0,0.0,1.0,0.0,8.0,0.0,1.0,0.0,0.0,0.0,0.0,0.0,3.87,8.62,3.27,0.017,0.028,3807,878,1.647
James Hill,1156586,Bournemouth,60,DC,Centerback,2120,50.18,12,231,5,0,13,3,1.16,0,0.89,24000000.0,248,10.53,23,9.0,14.0,9.0,0.0,0.0,0.0,0.0,0.0,0.0,0.0,13.0,0.0,0.0,0.0,0.0,1.0,0.0,0.0,0.98,10.49,0.98,0.066,0.037,3742,614,0.561
Eberechi Eze,864921,Arsenal,42,AM,Midfielder,1900,56.13,63,101,24,20,16,2,2.66,7,5.05,69000000.0,208,9.85,38,19.0,19.0,15.0,0.0,0.0,4.0,0.0,0.0,0.0,0.0,14.0,0.0,1.0,0.0,4.0,0.0,0.0,0.0,1.8,8.77,1.6,0.058,0.051,3614,747,0.879
Murillo,1199282,Nottingham Forest,14,DC,Centerback,2133,46.76,11,186,9,5,8,0,0.48,1,0.74,49000000.0,211,8.9,22,9.0,13.0,9.0,0.0,0.0,0.0,0.0,0.0,0.0,0.0,12.0,1.0,0.0,0.0,0.0,0.0,0.0,0.0,0.93,9.52,0.99,0.061,0.039,3445,570,0.639
Nico González,954056,Manchester City,17,MC,Midfielder,1575,60.5,14,127,15,5,11,0,1.11,1,0.7,43000000.0,161,9.2,30,12.0,18.0,11.0,0.0,1.0,0.0,0.0,0.0,0.0,0.0,17.0,0.0,0.0,0.0,1.0,0.0,0.0,0.0,1.71,7.6,1.41,0.039,0.033,4135,916,0.846
Olivier Boscagli,788784,Brighton & Hove Albion,30,DC,Centerback,819,54.08,1,102,1,0,4,1,0.46,0,0.04,13900000.0,104,11.43,16,4.0,12.0,4.0,0.0,0.0,0.0,0.0,0.0,0.0,0.0,12.0,0.0,0.0,0.0,0.0,0.0,0.0,0.0,1.76,10.57,1.63,0.028,0.024,3682,680,0.857
Mathias Jensen,799251,Brentford,50,MC,Midfielder,2277,47.61,29,215,25,16,35,1,6.02,3,2.27,10400000.0,285,11.26,58,32.0,26.0,32.0,0.0,0.0,0.0,0.0,0.0,0.0,0.0,23.0,0.0,0.0,0.0,3.0,0.0,0.0,0.0,2.29,11.83,2.4,0.077,0.112,3707,519,1.455
Ibrahim Sangaré,843754,Nottingham Forest,14,MC,Midfielder,2080,46.76,16,126,15,12,12,2,1.8,2,1.15,21000000.0,169,7.31,22,13.0,9.0,12.0,0.0,0.0,0.0,0.0,0.0,1.0,0.0,8.0,0.0,0.0,0.0,1.0,0.0,0.0,0.0,0.95,7.82,1.02,0.049,0.039,3445,570,0.796
Nordi Mukiele,780014,Sunderland,41,DR,Fullback,2787,44.84,26,254,15,14,24,4,2.49,3,1.88,15200000.0,309,9.98,46,24.0,22.0,22.0,0.0,1.0,1.0,0.0,0.0,0.0,0.0,16.0,1.0,0.0,0.0,4.0,1.0,0.0,0.0,1.49,11.13,1.66,0.093,0.099,3339,465,1.065
Vitaly Janelt,814873,Brentford,50,MC,Midfielder,1449,47.61,12,103,6,6,21,4,2.27,1,0.91,16600000.0,127,7.89,27,18.0,9.0,18.0,0.0,0.0,0.0,0.0,0.0,0.0,0.0,7.0,0.0,0.0,0.0,2.0,0.0,0.0,0.0,1.68,8.29,1.76,0.034,0.052,3707,519,1.529
Matthijs de Ligt,803031,Manchester United,35,DC,Centerback,1170,51.79,11,75,1,1,3,0,0.77,1,1.46,32000000.0,88,6.77,4,2.0,2.0,2.0,0.0,0.0,0.0,0.0,0.0,0.0,0.0,2.0,0.0,0.0,0.0,0.0,0.0,0.0,0.0,0.31,6.54,0.3,0.023,0.005,3756,834,0.217
Morato,985086,Nottingham Forest,14,DC,Centerback,1366,46.76,5,111,0,0,2,0,0.16,1,1.32,13600000.0,116,7.64,4,1.0,3.0,1.0,0.0,0.0,0.0,0.0,0.0,0.0,0.0,3.0,0.0,0.0,0.0,0.0,0.0,0.0,0.0,0.26,8.17,0.28,0.034,0.007,3445,570,0.206
Leandro Trossard,135666,Arsenal,42,LW,Winger,2006,56.13,53,174,39,31,36,6,3.56,6,5.48,19300000.0,297,13.33,58,41.0,17.0,35.0,0.0,0.0,5.0,0.0,0.0,1.0,0.0,12.0,1.0,1.0,0.0,3.0,0.0,0.0,0.0,2.6,11.87,2.32,0.082,0.078,3614,747,0.951
Lewis Dunk,115365,Brighton & Hove Albion,30,DC,Centerback,2844,54.08,24,191,5,0,7,0,0.57,1,1.71,3600000.0,220,6.96,22,7.0,15.0,5.0,1.0,1.0,0.0,0.0,0.0,0.0,0.0,15.0,0.0,0.0,0.0,0.0,0.0,0.0,0.0,0.7,6.43,0.65,0.06,0.032,3682,680,0.533
Jenson Seelt,1088897,Sunderland,41,DC,Centerback,134,44.84,0,13,1,0,0,0,0.02,0,0.0,5200000.0,14,9.4,0,,,,,,,,,,,,,,,,,,,0.0,10.48,0.0,0.004,0.0,3339,465,0.0
Matheus Nunes,945122,Manchester City,17,DR,Fullback,2865,60.5,7,235,18,29,28,5,2.24,1,0.35,48000000.0,289,9.08,64,22.0,42.0,22.0,0.0,0.0,0.0,0.0,0.0,0.0,0.0,40.0,0.0,0.0,0.0,2.0,0.0,0.0,0.0,2.01,7.5,1.66,0.07,0.07,4135,916,1.0
Pedro Neto,879349,Chelsea,38,RW,Winger,2643,57.74,46,118,25,57,55,6,6.83,5,4.62,58000000.0,246,8.38,89,55.0,34.0,48.0,0.0,1.0,4.0,1.0,0.0,0.0,1.0,32.0,0.0,0.0,0.0,2.0,0.0,0.0,0.0,3.03,7.26,2.62,0.075,0.128,3277,697,1.707
James Justin,827681,Leeds United,34,DR,Fullback,1916,45.74,24,170,10,13,12,1,1.17,2,1.67,12400000.0,217,10.19,25,11.0,14.0,11.0,0.0,0.0,0.0,0.0,0.0,0.0,0.0,9.0,0.0,0.0,0.0,5.0,0.0,0.0,0.0,1.17,11.14,1.28,0.061,0.043,3578,580,0.705
Abdukodir Khusanov,1194333,Manchester City,17,DC,Centerback,1429,60.5,7,89,2,2,6,0,0.57,0,0.68,47000000.0,100,6.3,10,3.0,7.0,2.0,1.0,0.0,0.0,0.0,0.0,0.0,0.0,7.0,0.0,0.0,0.0,0.0,0.0,0.0,0.0,0.63,5.21,0.52,0.024,0.011,4135,916,0.458
Trevoh Chalobah,826134,Chelsea,38,DC,Centerback,2782,57.74,16,159,5,2,5,0,1.05,3,1.43,43000000.0,182,5.89,16,5.0,11.0,5.0,0.0,0.0,0.0,0.0,0.0,0.0,0.0,9.0,0.0,0.0,0.0,2.0,0.0,0.0,0.0,0.52,5.1,0.45,0.056,0.023,3277,697,0.411
Patrick Dorgu,1397168,Manchester United,35,ML,Fullback,1461,51.79,26,121,22,28,27,4,1.85,4,2.35,33000000.0,197,12.14,41,27.0,14.0,25.0,0.0,0.0,2.0,0.0,0.0,0.0,0.0,10.0,0.0,0.0,0.0,4.0,0.0,0.0,0.0,2.53,11.72,2.44,0.052,0.049,3756,834,0.942
Noah Okafor,865523,Leeds United,34,ST,Striker,1573,45.74,35,79,31,53,20,1,1.32,8,5.26,27000000.0,198,11.33,38,18.0,20.0,16.0,2.0,0.0,0.0,0.0,0.0,0.0,0.0,12.0,1.0,1.0,0.0,5.0,1.0,0.0,0.0,2.17,12.39,2.37,0.055,0.066,3578,580,1.2
Daniel Muñoz,870360,Crystal Palace,7,MR,Fullback,2403,45.92,27,171,7,13,28,3,3.97,4,2.44,23000000.0,218,8.16,45,25.0,20.0,25.0,0.0,0.0,0.0,0.0,0.0,0.0,0.0,16.0,0.0,1.0,0.0,3.0,0.0,0.0,0.0,1.69,8.89,1.84,0.058,0.079,3757,568,1.362
Sandro Tonali,892673,Newcastle United,39,MC,Midfielder,2543,52.61,37,244,17,12,32,2,2.89,0,1.74,74000000.0,310,10.97,51,30.0,21.0,29.0,0.0,0.0,1.0,0.0,0.0,0.0,0.0,19.0,0.0,1.0,0.0,1.0,0.0,0.0,0.0,1.8,10.43,1.71,0.085,0.078,3629,655,0.918
Hugo Ekitiké,1048422,Liverpool FC,44,ST,Striker,1810,59.21,65,93,26,34,21,4,2.67,11,9.87,77000000.0,218,10.84,48,30.0,18.0,17.0,5.0,0.0,7.0,0.0,0.0,0.0,1.0,13.0,4.0,0.0,0.0,1.0,0.0,0.0,0.0,2.39,9.15,2.02,0.057,0.055,3807,878,0.965
Igor Thiago,1016907,Brentford,50,ST,Striker,3284,47.61,84,194,42,24,24,1,1.88,22,20.57,68000000.0,344,9.43,46,27.0,19.0,19.0,3.0,0.0,5.0,0.0,0.0,0.0,0.0,15.0,0.0,0.0,0.0,4.0,0.0,0.0,0.0,1.26,9.9,1.32,0.093,0.089,3707,519,0.957
Morgan Gibbs-White,865912,Nottingham Forest,14,AM,Midfielder,3110,46.76,83,228,37,33,49,4,2.92,15,10.84,67000000.0,381,11.03,90,53.0,37.0,46.0,1.0,2.0,4.0,0.0,0.0,0.0,0.0,31.0,0.0,1.0,0.0,5.0,0.0,0.0,0.0,2.6,11.79,2.78,0.111,0.158,3445,570,1.423
Enzo Le Fée,984014,Sunderland,41,MC,Midfielder,2944,44.84,36,207,31,33,53,6,5.92,5,5.16,26000000.0,307,9.39,76,54.0,22.0,52.0,1.0,1.0,0.0,0.0,0.0,0.0,0.0,21.0,1.0,0.0,0.0,0.0,0.0,0.0,0.0,2.32,10.47,2.59,0.092,0.163,3339,465,1.772
Lewis Miley,1400650,Newcastle United,39,MC,Midfielder,1494,52.61,12,86,9,2,15,4,2.11,1,1.34,27000000.0,109,6.57,30,14.0,16.0,13.0,1.0,0.0,0.0,0.0,0.0,0.0,0.0,16.0,0.0,0.0,0.0,0.0,0.0,0.0,0.0,1.81,6.24,1.72,0.03,0.046,3629,655,1.533
Kenny Tete,190877,Fulham,43,DR,Fullback,1802,51.71,16,138,16,14,11,0,1.42,1,0.96,8700000.0,184,9.19,24,14.0,10.0,11.0,0.0,1.0,2.0,0.0,0.0,0.0,0.0,9.0,0.0,0.0,0.0,1.0,0.0,0.0,0.0,1.2,8.89,1.16,0.051,0.036,3626,674,0.706
Jurriën Timber,958959,Arsenal,42,DR,Fullback,2457,56.13,25,160,25,20,27,5,1.61,3,4.77,73000000.0,230,8.42,50,29.0,21.0,25.0,2.0,1.0,1.0,0.0,0.0,0.0,0.0,18.0,0.0,1.0,0.0,2.0,0.0,0.0,0.0,1.83,7.5,1.63,0.064,0.067,3614,747,1.047
Tosin Adarabioyo,352668,Chelsea,38,DC,Centerback,796,57.74,2,72,1,0,1,0,0.4,0,0.11,16500000.0,75,8.48,3,0.0,3.0,0.0,0.0,0.0,0.0,0.0,0.0,0.0,0.0,3.0,0.0,0.0,0.0,0.0,0.0,0.0,0.0,0.34,7.34,0.29,0.023,0.004,3277,697,0.174
Mohamed Salah,159665,Liverpool FC,44,RW,Winger,2148,59.21,68,183,50,53,49,7,5.31,7,8.16,21000000.0,354,14.83,83,52.0,31.0,45.0,3.0,0.0,2.0,1.0,0.0,1.0,0.0,23.0,3.0,0.0,0.0,5.0,0.0,0.0,0.0,3.48,12.52,2.94,0.093,0.095,3807,878,1.022
Josh Cullen,792122,Burnley,6,MC,Midfielder,1519,42.29,11,138,10,4,13,2,1.35,2,0.9,4099999.0,163,9.66,24,15.0,9.0,14.0,0.0,1.0,0.0,0.0,0.0,0.0,0.0,9.0,0.0,0.0,0.0,0.0,0.0,0.0,0.0,1.42,11.42,1.68,0.047,0.048,3487,501,1.021
John McGinn,250223,Aston Villa,40,RW,Winger,2169,53.55,28,133,46,20,41,4,3.99,5,2.96,12600000.0,227,9.42,64,42.0,22.0,42.0,0.0,0.0,0.0,0.0,0.0,0.0,0.0,17.0,0.0,0.0,0.0,5.0,0.0,0.0,0.0,2.66,8.8,2.48,0.069,0.096,3295,667,1.391
Ayden Heaven,1445799,Manchester United,35,DC,Centerback,938,51.79,3,47,1,2,2,1,0.18,0,0.35,32000000.0,53,5.09,4,2.0,2.0,2.0,0.0,0.0,0.0,0.0,0.0,0.0,0.0,2.0,0.0,0.0,0.0,0.0,0.0,0.0,0.0,0.38,4.91,0.37,0.014,0.005,3756,834,0.357
Lucas Paquetá,839981,West Ham United,37,AM,Midfielder,1521,42.53,23,181,27,26,23,1,2.11,4,2.82,36000000.0,257,15.21,31,20.0,11.0,19.0,0.0,0.0,1.0,0.0,0.0,0.0,0.0,10.0,0.0,0.0,0.0,1.0,0.0,0.0,0.0,1.83,17.88,2.15,0.075,0.062,3447,499,0.827
Pedro Porro,913654,Tottenham Hotspur,33,DR,Fullback,2798,50.37,32,368,9,26,56,2,4.48,1,1.05,42000000.0,435,13.99,88,55.0,33.0,54.0,1.0,0.0,0.0,0.0,0.0,0.0,0.0,28.0,0.0,0.0,0.0,5.0,0.0,0.0,0.0,2.83,13.89,2.81,0.121,0.154,3597,571,1.273
Cody Gakpo,862967,Liverpool FC,44,LW,Winger,2754,59.21,87,161,28,35,54,5,4.69,7,8.46,58000000.0,311,10.16,90,55.0,35.0,49.0,2.0,2.0,2.0,0.0,0.0,0.0,0.0,30.0,1.0,1.0,0.0,3.0,0.0,0.0,0.0,2.94,8.58,2.48,0.082,0.103,3807,878,1.256
Jaka Bijol,886930,Leeds United,34,DC,Centerback,1913,45.74,15,153,0,1,7,2,0.78,1,0.88,18500000.0,169,7.95,11,5.0,6.0,4.0,1.0,0.0,0.0,0.0,0.0,0.0,0.0,4.0,2.0,0.0,0.0,0.0,0.0,0.0,0.0,0.52,8.69,0.57,0.047,0.019,3578,580,0.404
Piero Hincapié,1002837,Arsenal,42,DL,Fullback,1792,56.13,3,93,5,7,13,2,1.63,1,0.36,46000000.0,108,5.42,25,11.0,14.0,9.0,2.0,0.0,0.0,0.0,0.0,0.0,0.0,12.0,0.0,0.0,0.0,2.0,0.0,0.0,0.0,1.26,4.83,1.12,0.03,0.033,3614,747,1.1
Ben Davies,94758,Tottenham Hotspur,33,DC,Centerback,138,50.37,2,9,1,0,1,0,0.09,1,0.49,2800000.0,12,7.83,2,2.0,0.0,1.0,1.0,0.0,0.0,0.0,0.0,0.0,0.0,0.0,0.0,0.0,0.0,0.0,0.0,0.0,0.0,1.3,7.77,1.29,0.003,0.004,3597,571,1.333
Rayan Aït-Nouri,931278,Manchester City,17,DL,Fullback,976,60.5,10,57,12,20,12,2,2.02,0,0.59,39000000.0,99,9.13,23,12.0,11.0,11.0,0.0,0.0,1.0,0.0,0.0,0.0,0.0,10.0,0.0,0.0,0.0,1.0,0.0,0.0,0.0,2.12,7.55,1.75,0.024,0.025,4135,916,1.042
Cristhian Mosquera,1144630,Arsenal,42,DC,Centerback,1003,56.13,1,55,8,2,5,0,0.63,0,0.1,38000000.0,66,5.92,11,5.0,6.0,4.0,1.0,0.0,0.0,0.0,0.0,0.0,0.0,6.0,0.0,0.0,0.0,0.0,0.0,0.0,0.0,0.99,5.27,0.88,0.018,0.015,3614,747,0.833
Michael Keane,110846,Everton,48,DC,Centerback,2619,43.63,26,160,5,5,2,1,0.51,3,2.33,2800000.0,196,6.74,7,3.0,4.0,1.0,1.0,0.0,1.0,0.0,0.0,0.0,0.0,2.0,0.0,0.0,0.0,2.0,0.0,0.0,0.0,0.24,7.72,0.28,0.056,0.012,3490,575,0.214
Amad Diallo,971037,Manchester United,35,RW,Winger,2344,51.79,53,109,25,40,41,3,4.78,2,5.57,44000000.0,227,8.72,83,52.0,31.0,44.0,0.0,0.0,8.0,0.0,0.0,0.0,0.0,25.0,1.0,2.0,0.0,3.0,0.0,0.0,0.0,3.19,8.42,3.08,0.06,0.1,3756,834,1.667
Neco Williams,927356,Nottingham Forest,14,DL,Fullback,3206,46.76,46,241,28,40,37,3,3.96,2,1.97,26000000.0,355,9.97,63,34.0,29.0,31.0,0.0,1.0,2.0,0.0,0.0,0.0,0.0,25.0,0.0,1.0,0.0,3.0,0.0,0.0,0.0,1.77,10.66,1.89,0.103,0.111,3445,570,1.078
Maxence Lacroix,879674,Crystal Palace,7,DC,Centerback,3087,45.92,24,196,6,4,7,2,0.89,1,2.38,54000000.0,230,6.71,19,8.0,11.0,5.0,3.0,0.0,0.0,0.0,0.0,0.0,0.0,8.0,2.0,0.0,0.0,1.0,0.0,0.0,0.0,0.55,7.31,0.6,0.061,0.033,3757,568,0.541
Ola Aina,800417,Nottingham Forest,14,DR,Fullback,1590,46.76,12,96,15,19,10,0,0.82,0,0.4,16399999.0,142,8.04,18,8.0,10.0,7.0,1.0,0.0,0.0,0.0,0.0,0.0,0.0,9.0,0.0,0.0,0.0,1.0,0.0,0.0,0.0,1.02,8.6,1.09,0.041,0.032,3445,570,0.78
Mateus Mané,1899647,Wolverhampton,3,AM,Midfielder,1799,42.82,42,89,41,53,31,1,3.69,3,2.01,18500000.0,225,11.26,54,39.0,15.0,29.0,0.0,4.0,6.0,0.0,0.0,0.0,0.0,11.0,2.0,1.0,0.0,1.0,0.0,0.0,0.0,2.7,13.15,3.15,0.071,0.116,3167,466,1.634
Noussair Mazraoui,847030,Manchester United,35,DR,Fullback,1022,51.79,5,69,4,7,7,0,0.36,0,0.19,17500000.0,85,7.49,19,8.0,11.0,7.0,0.0,0.0,1.0,0.0,0.0,0.0,0.0,9.0,0.0,1.0,0.0,1.0,0.0,0.0,0.0,1.67,7.23,1.61,0.023,0.023,3756,834,1.0
Nathan Patterson,1020141,Everton,48,DR,Fullback,266,43.63,1,20,1,4,0,0,0.04,0,0.03,10900000.0,26,8.8,2,0.0,2.0,0.0,0.0,0.0,0.0,0.0,0.0,0.0,0.0,2.0,0.0,0.0,0.0,0.0,0.0,0.0,0.0,0.68,10.08,0.78,0.007,0.003,3490,575,0.429
Harry Maguire,149380,Manchester United,35,DC,Centerback,1667,51.79,14,118,2,1,4,2,0.52,1,1.11,8600000.0,135,7.29,13,5.0,8.0,4.0,1.0,0.0,0.0,0.0,0.0,0.0,0.0,8.0,0.0,0.0,0.0,0.0,0.0,0.0,0.0,0.7,7.04,0.68,0.036,0.016,3756,834,0.444
Xavi Simons,997183,Tottenham Hotspur,33,AM,Midfielder,1769,50.37,42,137,30,38,35,5,3.86,2,3.08,43000000.0,247,12.57,58,43.0,15.0,35.0,1.0,3.0,2.0,1.0,0.0,1.0,0.0,12.0,0.0,1.0,0.0,1.0,1.0,0.0,0.0,2.95,12.48,2.93,0.069,0.102,3597,571,1.478
Chris Richards,931844,Crystal Palace,7,DC,Centerback,2826,45.92,15,237,11,2,9,0,1.38,1,2.36,25000000.0,265,8.44,20,11.0,9.0,11.0,0.0,0.0,0.0,0.0,0.0,0.0,0.0,5.0,0.0,0.0,0.0,4.0,0.0,0.0,0.0,0.64,9.19,0.7,0.071,0.035,3757,568,0.493
Kobbie Mainoo,1142175,Manchester United,35,MC,Midfielder,1670,51.79,13,113,31,16,22,2,1.28,1,0.48,72000000.0,173,9.32,41,22.0,19.0,21.0,1.0,0.0,0.0,0.0,0.0,0.0,0.0,17.0,0.0,0.0,0.0,2.0,0.0,0.0,0.0,2.21,9.0,2.13,0.046,0.049,3756,834,1.065
Jorge Cuenca,868715,Fulham,43,DC,Centerback,965,51.71,1,73,0,3,3,0,0.56,0,0.05,8600000.0,77,7.18,6,3.0,3.0,3.0,0.0,0.0,0.0,0.0,0.0,0.0,0.0,3.0,0.0,0.0,0.0,0.0,0.0,0.0,0.0,0.56,6.94,0.54,0.021,0.009,3626,674,0.429
Samuel Chukwueze,822470,Fulham,43,RW,Winger,1075,51.71,25,108,15,21,24,4,3.3,3,2.07,18500000.0,169,14.15,46,29.0,17.0,24.0,1.0,0.0,3.0,0.0,0.0,1.0,0.0,13.0,0.0,1.0,0.0,3.0,0.0,0.0,0.0,3.85,13.68,3.72,0.047,0.068,3626,674,1.447
Callum Hudson Odoi,867442,Nottingham Forest,14,LW,Winger,1849,46.76,30,71,22,28,44,4,2.98,3,2.8,32000000.0,151,7.35,0,,,,,,,,,,,,,,,,,,,0.0,7.86,0.0,0.044,0.0,3445,570,0.0
Riccardo Calafiori,957602,Arsenal,42,DL,Fullback,1707,56.13,32,109,10,8,9,2,0.76,1,3.34,53000000.0,159,8.38,32,10.0,22.0,6.0,1.0,0.0,3.0,0.0,0.0,0.0,0.0,14.0,2.0,1.0,0.0,4.0,1.0,0.0,0.0,1.69,7.46,1.51,0.044,0.043,3614,747,0.977
Dango Ouattara,1106451,Brentford,50,RW,Winger,2279,47.61,56,179,31,57,27,3,4.17,7,7.72,36000000.0,323,12.76,49,36.0,13.0,26.0,0.0,4.0,5.0,0.0,0.0,1.0,0.0,8.0,0.0,2.0,0.0,3.0,0.0,0.0,0.0,1.94,13.4,2.04,0.087,0.094,3707,519,1.08
Pau Torres,864169,Aston Villa,40,DC,Centerback,1676,53.55,9,128,4,4,1,0,0.37,0,1.27,21000000.0,145,7.79,11,2.0,9.0,2.0,0.0,0.0,0.0,0.0,0.0,0.0,0.0,9.0,0.0,0.0,0.0,0.0,0.0,0.0,0.0,0.59,7.27,0.55,0.044,0.016,3295,667,0.364
Nico O'Reilly,1142703,Manchester City,17,DL,Fullback,2648,60.5,41,187,34,35,23,3,2.69,5,6.03,76000000.0,297,10.09,45,24.0,21.0,17.0,5.0,0.0,2.0,0.0,0.0,0.0,0.0,18.0,0.0,0.0,0.0,3.0,0.0,0.0,0.0,1.53,8.34,1.26,0.072,0.049,4135,916,0.681
Ollie Watkins,555386,Aston Villa,40,ST,Striker,2852,53.55,83,130,43,30,23,3,1.3,16,15.14,26000000.0,286,9.03,51,32.0,19.0,17.0,6.0,1.0,6.0,0.0,0.0,1.0,1.0,12.0,2.0,1.0,0.0,4.0,0.0,0.0,0.0,1.61,8.43,1.5,0.087,0.076,3295,667,0.874
Levi Colwill,996911,Chelsea,38,DC,Centerback,225,57.74,0,19,1,0,0,0,0.11,0,0.0,55000000.0,20,8.0,1,0.0,1.0,0.0,0.0,0.0,0.0,0.0,0.0,0.0,0.0,1.0,0.0,0.0,0.0,0.0,0.0,0.0,0.0,0.4,6.93,0.35,0.006,0.001,3277,697,0.167
Iliman Ndiaye,914309,Everton,48,LW,Winger,2786,43.63,43,151,64,61,30,3,4.41,6,6.71,53000000.0,319,10.31,63,39.0,24.0,30.0,0.0,0.0,8.0,1.0,0.0,0.0,0.0,22.0,0.0,0.0,0.0,2.0,0.0,0.0,0.0,2.04,11.82,2.34,0.091,0.11,3490,575,1.209
Michael Kayode,1137431,Brentford,50,DR,Fullback,3264,47.61,9,171,31,52,36,1,2.8,1,1.18,39000000.0,263,7.25,58,34.0,24.0,34.0,0.0,0.0,0.0,0.0,0.0,0.0,0.0,17.0,0.0,1.0,0.0,5.0,1.0,0.0,0.0,1.6,7.61,1.68,0.071,0.112,3707,519,1.577
Mohammed Kudus,905163,Tottenham Hotspur,33,RW,Winger,1545,50.37,26,64,54,50,25,5,2.4,2,1.93,54000000.0,194,11.3,39,23.0,16.0,21.0,0.0,0.0,2.0,0.0,0.0,0.0,0.0,12.0,1.0,1.0,0.0,2.0,0.0,0.0,0.0,2.27,11.22,2.25,0.054,0.068,3597,571,1.259
Maxim De Cuyper,997152,Brighton & Hove Albion,30,DL,Fullback,1443,54.08,13,109,5,10,33,3,4.13,2,1.82,21000000.0,137,8.54,41,33.0,8.0,32.0,0.0,1.0,0.0,0.0,0.0,0.0,0.0,8.0,0.0,0.0,0.0,0.0,0.0,0.0,0.0,2.56,7.9,2.37,0.037,0.06,3682,680,1.622
Mason Mount,836694,Manchester United,35,AM,Midfielder,1018,51.79,19,79,15,10,14,0,1.62,3,1.5,23000000.0,123,10.87,29,13.0,16.0,11.0,0.0,2.0,0.0,0.0,0.0,0.0,0.0,14.0,0.0,1.0,0.0,1.0,0.0,0.0,0.0,2.56,10.49,2.47,0.033,0.035,3756,834,1.061
Sean Longstaff,866191,Leeds United,34,MC,Midfielder,1046,45.74,16,69,12,5,25,2,1.91,2,1.25,14400000.0,102,8.78,32,25.0,7.0,24.0,1.0,0.0,0.0,0.0,0.0,0.0,0.0,6.0,1.0,0.0,0.0,0.0,0.0,0.0,0.0,2.75,9.6,3.01,0.029,0.055,3578,580,1.897
Sander Berge,793167,Fulham,43,MC,Midfielder,2911,51.71,15,176,20,12,21,1,1.5,0,1.54,26000000.0,223,6.89,50,25.0,25.0,22.0,2.0,0.0,1.0,0.0,0.0,0.0,0.0,24.0,0.0,0.0,0.0,1.0,0.0,0.0,0.0,1.55,6.66,1.5,0.062,0.074,3626,674,1.194
Sepp van den Berg,924378,Brentford,50,DC,Centerback,2761,47.61,23,163,4,0,7,2,1.49,0,3.13,33000000.0,190,6.19,14,6.0,8.0,5.0,1.0,0.0,0.0,0.0,0.0,0.0,0.0,8.0,0.0,0.0,0.0,0.0,0.0,0.0,0.0,0.46,6.5,0.48,0.051,0.027,3707,519,0.529
Lewis Cook,548188,Bournemouth,60,MC,Midfielder,905,50.18,3,69,3,1,11,1,0.54,0,0.08,11600000.0,76,7.56,19,10.0,9.0,10.0,0.0,0.0,0.0,0.0,0.0,0.0,0.0,9.0,0.0,0.0,0.0,0.0,0.0,0.0,0.0,1.89,7.53,1.88,0.02,0.031,3742,614,1.55
Yankuba Minteh,1400106,Brighton & Hove Albion,30,RW,Winger,2398,54.08,41,202,34,56,46,4,5.12,3,3.8,42000000.0,333,12.5,75,51.0,24.0,41.0,3.0,1.0,6.0,0.0,0.0,0.0,0.0,18.0,1.0,0.0,0.0,5.0,0.0,0.0,0.0,2.81,11.56,2.6,0.09,0.11,3682,680,1.222
Emiliano Buendía,783126,Aston Villa,40,LW,Winger,1784,53.55,49,122,35,20,30,2,2.29,6,3.42,14600000.0,226,11.4,45,32.0,13.0,30.0,0.0,1.0,1.0,0.0,0.0,0.0,0.0,10.0,1.0,1.0,0.0,0.0,1.0,0.0,0.0,2.27,10.64,2.12,0.069,0.067,3295,667,0.971
Antonee Robinson,803174,Fulham,43,DL,Fullback,1492,51.71,6,160,7,9,22,0,1.57,1,1.07,24000000.0,182,10.98,40,22.0,18.0,20.0,0.0,1.0,1.0,0.0,0.0,0.0,0.0,15.0,0.0,0.0,0.0,3.0,0.0,0.0,0.0,2.41,10.62,2.33,0.05,0.059,3626,674,1.18
Daichi Kamada,794338,Crystal Palace,7,MC,Midfielder,1908,45.92,19,132,16,12,20,0,3.24,0,1.65,10300000.0,179,8.44,42,21.0,21.0,20.0,0.0,1.0,0.0,0.0,0.0,0.0,0.0,17.0,2.0,0.0,0.0,2.0,0.0,0.0,0.0,1.98,9.19,2.16,0.048,0.074,3757,568,1.542
Richarlison,840217,Tottenham Hotspur,33,ST,Striker,1957,50.37,61,120,30,20,20,4,1.46,11,8.09,24000000.0,231,10.62,28,22.0,6.0,13.0,6.0,1.0,2.0,0.0,0.0,0.0,0.0,1.0,1.0,0.0,0.0,3.0,1.0,0.0,0.0,1.29,10.54,1.28,0.064,0.049,3597,571,0.766
Diogo Dalot,843200,Manchester United,35,DR,Fullback,2616,51.79,24,170,16,9,29,3,2.57,1,2.0,28000000.0,219,7.53,50,26.0,24.0,26.0,0.0,0.0,0.0,0.0,0.0,0.0,0.0,19.0,0.0,2.0,0.0,3.0,0.0,0.0,0.0,1.72,7.27,1.66,0.058,0.06,3756,834,1.034
Bernardo Silva,331209,Manchester City,17,MC,Midfielder,2890,60.5,30,216,34,28,47,4,4.08,2,2.56,21000000.0,308,9.59,93,46.0,47.0,43.0,0.0,0.0,3.0,0.0,0.0,0.0,0.0,41.0,0.0,0.0,0.0,6.0,0.0,0.0,0.0,2.9,7.93,2.4,0.074,0.102,4135,916,1.378
Emmanuel Agbadou,1013842,Wolverhampton,3,DC,Centerback,1101,42.82,10,112,5,1,4,0,0.4,0,0.56,16500000.0,128,10.46,10,3.0,7.0,3.0,0.0,0.0,0.0,0.0,0.0,0.0,0.0,7.0,0.0,0.0,0.0,0.0,0.0,0.0,0.0,0.82,12.21,0.96,0.04,0.021,3167,466,0.525
Florian Wirtz,1019322,Liverpool FC,44,AM,Midfielder,2388,59.21,51,220,36,35,61,3,5.17,5,7.03,95000000.0,342,12.89,112,64.0,48.0,59.0,0.0,1.0,3.0,0.0,0.0,0.0,1.0,45.0,0.0,0.0,0.0,3.0,0.0,0.0,0.0,4.22,10.88,3.56,0.09,0.128,3807,878,1.422
Noni Madueke,966547,Arsenal,42,RW,Winger,1226,56.13,26,98,17,32,22,1,2.83,3,1.22,54000000.0,173,12.7,39,25.0,14.0,21.0,0.0,0.0,3.0,1.0,0.0,0.0,0.0,13.0,0.0,0.0,0.0,1.0,0.0,0.0,0.0,2.86,11.31,2.55,0.048,0.052,3614,747,1.083
Ross Barkley,98435,Aston Villa,40,MC,Midfielder,865,53.55,18,50,16,7,10,1,1.35,3,1.51,3600000.0,91,9.47,22,11.0,11.0,9.0,0.0,1.0,1.0,0.0,0.0,0.0,0.0,9.0,0.0,1.0,0.0,1.0,0.0,0.0,0.0,2.29,8.84,2.14,0.028,0.033,3295,667,1.179
Bashir Humphreys,996910,Burnley,6,DC,Centerback,1578,42.29,9,154,6,6,9,0,0.68,0,0.42,13100000.0,175,9.98,22,7.0,15.0,6.0,1.0,0.0,0.0,0.0,0.0,0.0,0.0,15.0,0.0,0.0,0.0,0.0,0.0,0.0,0.0,1.25,11.8,1.48,0.05,0.044,3487,501,0.88
Yéremy Pino,984624,Crystal Palace,7,AM,Midfielder,2100,45.92,45,211,34,26,48,2,6.11,2,4.51,27000000.0,316,13.54,68,48.0,20.0,47.0,0.0,1.0,0.0,0.0,0.0,0.0,0.0,16.0,0.0,0.0,1.0,2.0,1.0,0.0,0.0,2.91,14.74,3.17,0.084,0.12,3757,568,1.429
Curtis Jones,927353,Liverpool FC,44,MC,Midfielder,1950,59.21,23,138,23,12,21,2,2.79,1,2.77,33000000.0,196,9.05,42,17.0,25.0,17.0,0.0,0.0,0.0,0.0,0.0,0.0,0.0,23.0,0.0,0.0,0.0,2.0,0.0,0.0,0.0,1.94,7.64,1.64,0.051,0.048,3807,878,0.941
Morgan Rogers,948261,Aston Villa,40,AM,Midfielder,3285,53.55,84,271,80,76,47,6,4.3,10,6.78,105000000.0,511,14.0,91,52.0,39.0,40.0,5.0,2.0,5.0,0.0,0.0,0.0,0.0,33.0,0.0,3.0,0.0,3.0,0.0,0.0,0.0,2.49,13.07,2.32,0.155,0.136,3295,667,0.877
Daniel Ballard,958878,Sunderland,41,DC,Centerback,2148,44.84,26,197,6,2,15,0,0.66,2,2.46,22000000.0,231,9.68,0,,,,,,,,,,,,,,,,,,,0.0,10.79,0.0,0.069,0.0,3339,465,0.0
Andrey Santos,1105779,Chelsea,38,MC,Midfielder,1280,57.74,11,79,2,3,8,0,0.88,1,2.0,39000000.0,95,6.68,20,7.0,13.0,7.0,0.0,0.0,0.0,0.0,0.0,0.0,0.0,12.0,0.0,0.0,0.0,1.0,0.0,0.0,0.0,1.41,5.78,1.22,0.029,0.029,3277,697,1.0
Tyler Adams,800419,Bournemouth,60,MC,Midfielder,1778,50.18,10,130,11,6,7,2,0.61,2,0.6,26000000.0,157,7.95,14,7.0,7.0,5.0,2.0,0.0,0.0,0.0,0.0,0.0,0.0,7.0,0.0,0.0,0.0,0.0,0.0,0.0,0.0,0.71,7.92,0.71,0.042,0.023,3742,614,0.548
Ben White,846036,Arsenal,42,DR,Fullback,713,56.13,5,65,2,1,8,1,0.68,0,0.46,27000000.0,73,9.21,18,7.0,11.0,6.0,1.0,0.0,0.0,0.0,0.0,0.0,0.0,11.0,0.0,0.0,0.0,0.0,0.0,0.0,0.0,2.27,8.2,2.02,0.02,0.024,3614,747,1.2
Kevin Danso,794953,Tottenham Hotspur,33,DC,Centerback,1507,50.37,11,125,4,1,3,0,0.27,0,0.59,19400000.0,141,8.42,6,3.0,3.0,1.0,2.0,0.0,0.0,0.0,0.0,0.0,0.0,3.0,0.0,0.0,0.0,0.0,0.0,0.0,0.0,0.36,8.36,0.36,0.039,0.011,3597,571,0.282
Bryan Mbeumo,927083,Manchester United,35,RW,Winger,2621,51.79,73,167,29,36,47,3,5.04,11,12.19,73000000.0,305,10.47,83,50.0,33.0,46.0,1.0,1.0,2.0,0.0,0.0,0.0,0.0,27.0,1.0,1.0,0.0,4.0,0.0,0.0,0.0,2.85,10.11,2.75,0.081,0.1,3756,834,1.235
Tijjani Reijnders,893549,Manchester City,17,MC,Midfielder,1640,60.5,49,87,16,26,18,2,2.34,5,4.45,48000000.0,178,9.77,45,19.0,26.0,16.0,0.0,1.0,1.0,1.0,0.0,0.0,0.0,21.0,0.0,0.0,0.0,5.0,0.0,0.0,0.0,2.47,8.07,2.04,0.043,0.049,4135,916,1.14
Douglas Luiz,867887,Aston Villa,40,MC,Midfielder,944,53.55,11,65,3,7,19,0,1.43,1,0.53,19200000.0,86,8.2,34,19.0,15.0,19.0,0.0,0.0,0.0,0.0,0.0,0.0,0.0,14.0,1.0,0.0,0.0,0.0,0.0,0.0,0.0,3.24,7.66,3.03,0.026,0.051,3295,667,1.962
Lewis Hall,1136730,Newcastle United,39,DL,Fullback,2179,52.61,25,186,38,31,25,1,2.75,1,1.01,38000000.0,280,11.56,58,31.0,27.0,26.0,0.0,1.0,3.0,1.0,0.0,0.0,0.0,26.0,0.0,0.0,0.0,1.0,0.0,0.0,0.0,2.4,10.99,2.28,0.077,0.089,3629,655,1.156
Jaydee Canvot,1471671,Crystal Palace,7,DC,Centerback,1347,45.92,7,90,5,2,3,0,0.34,0,1.48,25000000.0,104,6.95,7,3.0,4.0,3.0,0.0,0.0,0.0,0.0,0.0,0.0,0.0,4.0,0.0,0.0,0.0,0.0,0.0,0.0,0.0,0.47,7.57,0.51,0.028,0.012,3757,568,0.429
Mikel Merino,592010,Arsenal,42,MC,Midfielder,1035,56.13,22,89,17,7,12,3,1.46,4,3.38,26000000.0,135,11.74,25,10.0,15.0,10.0,0.0,0.0,0.0,0.0,0.0,0.0,0.0,11.0,0.0,1.0,0.0,2.0,1.0,0.0,0.0,2.17,10.46,1.93,0.037,0.033,3614,747,0.892
Wesley Fofana,923894,Chelsea,38,DC,Centerback,1726,57.74,8,99,5,4,3,1,0.62,0,0.72,29000000.0,116,6.05,8,4.0,4.0,2.0,1.0,1.0,0.0,0.0,0.0,0.0,0.0,4.0,0.0,0.0,0.0,0.0,0.0,0.0,0.0,0.42,5.24,0.36,0.035,0.011,3277,697,0.314
Matty Cash,833956,Aston Villa,40,DR,Fullback,3020,53.55,30,202,17,9,31,3,2.95,3,1.19,19800000.0,258,7.69,54,28.0,26.0,28.0,0.0,0.0,0.0,0.0,0.0,0.0,0.0,22.0,0.0,0.0,0.0,4.0,0.0,0.0,0.0,1.61,7.18,1.5,0.078,0.081,3295,667,1.038
Álex Jiménez,1184308,Bournemouth,60,DR,Fullback,2330,50.18,21,172,20,36,14,0,1.61,1,1.13,19900000.0,249,9.62,34,14.0,20.0,12.0,0.0,0.0,1.0,1.0,0.0,0.0,0.0,18.0,0.0,0.0,0.0,2.0,0.0,0.0,0.0,1.31,9.59,1.31,0.067,0.055,3742,614,0.821
André,1035996,Wolverhampton,3,DM,Midfielder,2766,42.82,15,113,30,15,18,0,0.99,1,0.52,26000000.0,173,5.63,38,19.0,19.0,19.0,0.0,0.0,0.0,0.0,0.0,0.0,0.0,17.0,1.0,1.0,0.0,0.0,0.0,0.0,0.0,1.24,6.57,1.45,0.055,0.082,3167,466,1.491
Ismaïla Sarr,845286,Crystal Palace,7,AM,Midfielder,2176,45.92,48,136,43,20,19,1,1.13,9,10.91,43000000.0,247,10.22,36,21.0,15.0,17.0,2.0,1.0,0.0,1.0,0.0,0.0,0.0,11.0,1.0,1.0,0.0,2.0,0.0,0.0,0.0,1.49,11.13,1.62,0.066,0.063,3757,568,0.955
Tom Cairney,82566,Fulham,43,MC,Midfielder,805,51.71,17,51,4,4,11,0,0.82,2,1.21,530000.0,76,8.5,19,10.0,9.0,10.0,0.0,0.0,0.0,0.0,0.0,0.0,0.0,9.0,0.0,0.0,0.0,0.0,0.0,0.0,0.0,2.12,8.22,2.05,0.021,0.028,3626,674,1.333
Nicolás Domínguez,871765,Nottingham Forest,14,MC,Midfielder,1193,46.76,18,79,5,6,12,1,0.79,1,1.47,13800000.0,108,8.15,18,10.0,8.0,10.0,0.0,0.0,0.0,0.0,0.0,0.0,0.0,7.0,0.0,0.0,0.0,0.0,1.0,0.0,0.0,1.36,8.71,1.45,0.031,0.032,3445,570,1.032
Dominic Solanke,361420,Tottenham Hotspur,33,ST,Striker,1000,50.37,20,41,13,13,6,0,0.35,3,2.43,31000000.0,87,7.83,11,5.0,6.0,3.0,1.0,0.0,1.0,0.0,0.0,0.0,0.0,2.0,2.0,0.0,0.0,2.0,0.0,0.0,0.0,0.99,7.77,0.98,0.024,0.019,3597,571,0.792
Omar Alderete,805137,Sunderland,41,DC,Centerback,2802,44.84,24,247,12,4,9,1,0.92,1,1.64,13800000.0,287,9.22,16,10.0,6.0,6.0,3.0,0.0,1.0,0.0,0.0,0.0,0.0,5.0,1.0,0.0,0.0,0.0,0.0,0.0,0.0,0.51,10.28,0.57,0.086,0.034,3339,465,0.395
Joël Veltman,219572,Brighton & Hove Albion,30,DR,Fullback,1073,54.08,4,81,2,3,4,0,0.22,1,1.11,1500000.0,90,7.55,14,3.0,11.0,3.0,0.0,0.0,0.0,0.0,0.0,0.0,0.0,10.0,0.0,0.0,0.0,1.0,0.0,0.0,0.0,1.17,6.98,1.08,0.024,0.021,3682,680,0.875
Zian Flemming,875137,Burnley,6,ST,Striker,1808,42.29,53,97,17,7,10,0,0.42,11,7.87,12600000.0,174,8.66,23,10.0,13.0,6.0,1.0,1.0,2.0,0.0,0.0,0.0,0.0,9.0,1.0,0.0,0.0,3.0,0.0,0.0,0.0,1.14,10.24,1.35,0.05,0.046,3487,501,0.92
James Ward-Prowse,161717,Burnley,6,MC,Midfielder,1109,42.29,5,69,4,5,23,1,1.88,0,0.22,4500000.0,83,6.74,31,23.0,8.0,22.0,0.0,1.0,0.0,0.0,0.0,0.0,0.0,8.0,0.0,0.0,0.0,0.0,0.0,0.0,0.0,2.52,7.97,2.98,0.024,0.062,3487,501,2.583
Mateo Kovačić,136710,Manchester City,17,MC,Midfielder,134,60.5,2,13,5,1,4,1,0.44,0,0.16,9700000.0,21,14.1,4,4.0,0.0,4.0,0.0,0.0,0.0,0.0,0.0,0.0,0.0,0.0,0.0,0.0,0.0,0.0,0.0,0.0,0.0,2.69,11.65,2.22,0.005,0.004,4135,916,0.8
Calvin Bassey,861972,Fulham,43,DC,Centerback,2544,51.71,13,209,17,10,10,0,0.39,1,1.72,29000000.0,249,8.81,18,9.0,9.0,7.0,1.0,0.0,1.0,0.0,0.0,0.0,0.0,8.0,0.0,0.0,0.0,0.0,1.0,0.0,0.0,0.64,8.52,0.62,0.069,0.027,3626,674,0.391
Idrissa Gana Gueye,106337,Everton,48,MC,Midfielder,2101,43.63,29,135,9,14,13,3,1.77,2,2.0,485000.0,187,8.01,36,15.0,21.0,13.0,0.0,2.0,0.0,0.0,0.0,0.0,0.0,18.0,0.0,1.0,0.0,2.0,0.0,0.0,0.0,1.54,9.18,1.76,0.054,0.063,3490,575,1.167
Ferdi Kadıoğlu,825844,Brighton & Hove Albion,30,DL,Fullback,3134,54.08,28,197,18,10,22,0,3.33,1,2.03,36000000.0,253,7.27,63,25.0,38.0,22.0,1.0,0.0,1.0,0.0,0.0,1.0,0.0,36.0,0.0,0.0,0.0,2.0,0.0,0.0,0.0,1.81,6.72,1.67,0.069,0.093,3682,680,1.348
Nikola Milenković,836168,Nottingham Forest,14,DC,Centerback,3375,46.76,16,206,2,0,3,0,0.72,0,0.84,26000000.0,224,5.97,13,3.0,10.0,2.0,1.0,0.0,0.0,0.0,0.0,0.0,0.0,9.0,1.0,0.0,0.0,0.0,0.0,0.0,0.0,0.35,6.38,0.37,0.065,0.023,3445,570,0.354
Eli Junior Kroupi,1426228,Bournemouth,60,ST,Striker,1690,50.18,52,112,20,22,22,0,1.53,13,8.35,72000000.0,206,10.97,34,20.0,14.0,19.0,1.0,0.0,0.0,0.0,0.0,0.0,0.0,12.0,0.0,0.0,0.0,2.0,0.0,0.0,0.0,1.81,10.93,1.8,0.055,0.055,3742,614,1.0
William Osula,1122603,Newcastle United,39,ST,Striker,863,52.61,23,16,13,8,6,0,0.62,7,4.29,26000000.0,60,6.26,16,9.0,7.0,3.0,3.0,1.0,2.0,0.0,0.0,0.0,0.0,6.0,0.0,0.0,0.0,1.0,0.0,0.0,0.0,1.67,5.95,1.59,0.017,0.024,3629,655,1.412
Tyrick Mitchell,988275,Crystal Palace,7,ML,Fullback,3253,45.92,19,298,26,28,29,2,2.52,1,1.61,23000000.0,371,10.26,55,30.0,25.0,28.0,0.0,0.0,2.0,0.0,0.0,0.0,0.0,21.0,0.0,1.0,0.0,3.0,0.0,0.0,0.0,1.52,11.17,1.66,0.099,0.097,3757,568,0.98
Kaoru Mitoma,936849,Brighton & Hove Albion,30,LW,Winger,1721,54.08,32,101,23,35,31,1,2.84,3,4.06,20000000.0,191,9.99,57,34.0,23.0,28.0,2.0,0.0,3.0,0.0,0.0,0.0,1.0,19.0,0.0,1.0,0.0,3.0,0.0,0.0,0.0,2.98,9.24,2.76,0.052,0.084,3682,680,1.615
Lutsharel Geertruida,856739,Sunderland,41,DR,Fullback,1702,44.84,11,103,3,5,8,0,0.83,0,1.15,22000000.0,122,6.45,20,8.0,12.0,8.0,0.0,0.0,0.0,0.0,0.0,0.0,0.0,11.0,0.0,1.0,0.0,0.0,0.0,0.0,0.0,1.06,7.19,1.18,0.037,0.043,3339,465,1.162
Jordan Henderson,42694,Brentford,50,MC,Midfielder,1929,47.61,6,256,6,5,19,3,2.45,1,0.33,1300000.0,273,12.74,36,19.0,17.0,18.0,1.0,0.0,0.0,0.0,0.0,0.0,0.0,16.0,0.0,0.0,0.0,1.0,0.0,0.0,0.0,1.68,13.38,1.76,0.074,0.069,3707,519,0.932
Marcus Tavernier,895576,Bournemouth,60,LW,Winger,2738,50.18,70,185,44,50,55,4,4.64,7,9.06,23000000.0,349,11.47,89,54.0,35.0,49.0,0.0,1.0,4.0,0.0,0.0,0.0,0.0,33.0,0.0,0.0,0.0,2.0,0.0,0.0,0.0,2.93,11.43,2.92,0.093,0.145,3742,614,1.559
Harrison Reed,365802,Fulham,43,MC,Midfielder,126,51.71,2,3,0,0,3,0,0.46,1,0.13,2100000.0,5,3.57,5,3.0,2.0,3.0,0.0,0.0,0.0,0.0,0.0,0.0,0.0,2.0,0.0,0.0,0.0,0.0,0.0,0.0,0.0,3.57,3.45,3.45,0.001,0.007,3626,674,7.0
Freddie Potts,1089582,West Ham United,37,MC,Midfielder,1167,42.53,3,87,5,6,8,1,1.07,0,0.21,10400000.0,101,7.79,16,8.0,8.0,7.0,0.0,1.0,0.0,0.0,0.0,0.0,0.0,7.0,0.0,0.0,0.0,0.0,1.0,0.0,0.0,1.23,9.16,1.45,0.029,0.032,3447,499,1.103
Dário Essugo,1110006,Chelsea,38,MC,Midfielder,34,57.74,0,4,2,0,0,0,0.01,0,0.0,13900000.0,6,15.88,0,,,,,,,,,,,,,,,,,,,0.0,13.75,0.0,0.002,0.0,3277,697,0.0
Nathan Aké,149663,Manchester City,17,DC,Centerback,703,60.5,6,56,0,0,7,0,0.53,0,0.72,10900000.0,62,7.94,9,4.0,5.0,4.0,0.0,0.0,0.0,0.0,0.0,0.0,0.0,5.0,0.0,0.0,0.0,0.0,0.0,0.0,0.0,1.15,6.56,0.95,0.015,0.01,4135,916,0.667
Veljko Milosavljević,1406130,Bournemouth,60,DC,Centerback,375,50.18,1,30,1,0,1,0,0.2,0,0.15,18600000.0,32,7.68,0,,,,,,,,,,,,,,,,,,,0.0,7.65,0.0,0.009,0.0,3742,614,0.0
Rio Cardines,1469007,Crystal Palace,7,ML,Fullback,90,45.92,1,8,1,2,2,0,0.16,0,0.02,290000.0,12,12.0,2,2.0,0.0,2.0,0.0,0.0,0.0,0.0,0.0,0.0,0.0,0.0,0.0,0.0,0.0,0.0,0.0,0.0,0.0,2.0,13.07,2.18,0.003,0.004,3757,568,1.333
Pascal Struijk,836675,Leeds United,34,DC,Centerback,2937,45.74,31,212,8,2,12,1,0.78,0,3.02,23000000.0,253,7.75,21,11.0,10.0,11.0,0.0,0.0,0.0,0.0,0.0,0.0,0.0,8.0,0.0,0.0,0.0,2.0,0.0,0.0,0.0,0.64,8.47,0.7,0.071,0.036,3578,580,0.507
Joelinton,560128,Newcastle United,39,MC,Midfielder,1953,52.61,32,145,26,14,17,1,1.35,2,2.39,27000000.0,217,10.0,40,17.0,23.0,13.0,2.0,0.0,2.0,0.0,0.0,0.0,0.0,23.0,0.0,0.0,0.0,0.0,0.0,0.0,0.0,1.84,9.5,1.75,0.06,0.061,3629,655,1.017
Oscar Bobb,1065216,Fulham,43,RW,Winger,1050,51.71,12,57,23,18,22,1,2.11,0,1.48,27000000.0,110,9.43,40,24.0,16.0,21.0,0.0,0.0,2.0,0.0,0.0,0.0,1.0,15.0,0.0,1.0,0.0,0.0,0.0,0.0,0.0,3.43,9.12,3.32,0.03,0.059,3626,674,1.967
Will Hughes,193554,Crystal Palace,7,MC,Midfielder,1577,45.92,17,127,14,7,21,0,1.89,0,1.09,4600000.0,165,9.42,35,23.0,12.0,21.0,0.0,1.0,1.0,0.0,0.0,0.0,0.0,11.0,0.0,1.0,0.0,0.0,0.0,0.0,0.0,2.0,10.26,2.18,0.044,0.062,3757,568,1.409
Adrien Truffert,999028,Bournemouth,60,DL,Fullback,3380,50.18,16,258,24,40,32,5,2.98,1,1.36,28000000.0,338,9.0,52,31.0,21.0,28.0,2.0,0.0,1.0,0.0,0.0,0.0,0.0,18.0,1.0,1.0,0.0,1.0,0.0,0.0,0.0,1.38,8.97,1.38,0.09,0.085,3742,614,0.944
Pape Matar Sarr,1002711,Tottenham Hotspur,33,MC,Midfielder,1399,50.37,17,95,18,9,11,4,1.1,2,1.72,28000000.0,139,8.94,24,9.0,15.0,8.0,0.0,0.0,1.0,0.0,0.0,0.0,0.0,11.0,3.0,1.0,0.0,0.0,0.0,0.0,0.0,1.54,8.87,1.53,0.039,0.042,3597,571,1.077
Alejandro Garnacho,1135873,Chelsea,38,LW,Winger,1283,57.74,33,60,12,25,29,4,3.68,1,3.45,26000000.0,130,9.12,44,28.0,16.0,26.0,0.0,1.0,1.0,0.0,0.0,0.0,0.0,14.0,1.0,0.0,0.0,1.0,0.0,0.0,0.0,3.09,7.9,2.68,0.04,0.063,3277,697,1.575
Yasin Ayari,1036269,Brighton & Hove Albion,30,MC,Midfielder,1941,54.08,41,134,19,30,16,3,1.14,3,2.71,36000000.0,224,10.39,35,18.0,17.0,13.0,2.0,1.0,1.0,0.0,0.0,1.0,0.0,16.0,0.0,0.0,0.0,1.0,0.0,0.0,0.0,1.62,9.61,1.5,0.061,0.051,3682,680,0.836
Jean-Ricner Bellegarde,845273,Wolverhampton,3,MC,Midfielder,1251,42.82,21,88,20,12,14,1,1.12,1,0.99,17600000.0,141,10.14,24,15.0,9.0,11.0,1.0,3.0,0.0,0.0,0.0,0.0,0.0,8.0,0.0,0.0,0.0,1.0,0.0,0.0,0.0,1.73,11.84,2.02,0.045,0.052,3167,466,1.156
Tino Livramento,980634,Newcastle United,39,DR,Fullback,1328,52.61,3,73,9,18,11,1,0.95,0,0.14,44000000.0,103,6.98,24,9.0,15.0,9.0,0.0,0.0,0.0,0.0,0.0,0.0,0.0,15.0,0.0,0.0,0.0,0.0,0.0,0.0,0.0,1.63,6.63,1.55,0.028,0.037,3629,655,1.321
Noah Sadiki,1171539,Sunderland,41,MC,Midfielder,2894,44.84,18,162,25,17,19,1,1.44,0,1.46,37000000.0,222,6.9,37,20.0,17.0,18.0,0.0,1.0,1.0,0.0,0.0,0.0,0.0,15.0,0.0,1.0,0.0,1.0,0.0,0.0,0.0,1.15,7.69,1.28,0.066,0.08,3339,465,1.212
Jaidon Anthony,1020680,Burnley,6,LW,Winger,2743,42.29,55,180,41,65,37,2,2.87,8,5.13,19400000.0,341,11.19,72,44.0,28.0,33.0,1.0,1.0,9.0,0.0,0.0,0.0,0.0,25.0,0.0,1.0,0.0,2.0,0.0,0.0,0.0,2.36,13.23,2.79,0.098,0.144,3487,501,1.469
Kevin,1112879,Fulham,43,LW,Winger,1037,51.71,25,80,23,44,14,1,1.48,1,1.2,26000000.0,172,14.93,33,19.0,14.0,16.0,0.0,0.0,3.0,0.0,0.0,0.0,0.0,13.0,0.0,0.0,0.0,1.0,0.0,0.0,0.0,2.86,14.44,2.77,0.047,0.049,3626,674,1.043
João Gomes,1015267,Wolverhampton,3,MC,Midfielder,2843,42.82,19,210,55,24,16,1,2.08,1,1.28,36000000.0,308,9.75,39,16.0,23.0,14.0,0.0,0.0,2.0,0.0,0.0,0.0,0.0,23.0,0.0,0.0,0.0,0.0,0.0,0.0,0.0,1.23,11.38,1.44,0.097,0.084,3167,466,0.866
Max Dowman,1917626,Arsenal,42,MC,Midfielder,162,56.13,6,6,7,11,4,0,0.32,1,1.18,31000000.0,30,16.67,12,7.0,5.0,4.0,0.0,1.0,2.0,0.0,0.0,0.0,0.0,5.0,0.0,0.0,0.0,0.0,0.0,0.0,0.0,6.67,14.85,5.94,0.008,0.016,3614,747,2.0
Harvey Barnes,855647,Newcastle United,39,LW,Winger,1961,52.61,58,113,24,32,24,1,2.75,7,7.07,35000000.0,227,10.42,52,28.0,24.0,23.0,0.0,0.0,5.0,0.0,0.0,0.0,0.0,18.0,1.0,1.0,0.0,4.0,0.0,0.0,0.0,2.39,9.9,2.27,0.063,0.079,3629,655,1.254
Trai Hume,989034,Sunderland,41,DR,Fullback,3037,44.84,34,258,9,14,29,1,2.01,2,2.15,20000000.0,315,9.33,38,25.0,13.0,24.0,1.0,0.0,0.0,0.0,0.0,0.0,0.0,13.0,0.0,0.0,0.0,0.0,0.0,0.0,0.0,1.13,10.4,1.26,0.094,0.082,3339,465,0.872
Kevin Schade,1006387,Brentford,50,LW,Winger,2757,47.61,57,170,45,55,29,3,2.08,8,12.18,36000000.0,327,10.67,45,28.0,17.0,23.0,3.0,0.0,1.0,0.0,0.0,1.0,0.0,9.0,2.0,1.0,0.0,4.0,1.0,0.0,0.0,1.47,11.21,1.54,0.088,0.087,3707,519,0.989
Santiago Bueno,846308,Wolverhampton,3,DC,Centerback,2553,42.82,10,147,5,0,10,1,1.45,3,2.28,9200000.0,162,5.71,22,12.0,10.0,9.0,1.0,2.0,0.0,0.0,0.0,0.0,0.0,9.0,0.0,0.0,0.0,1.0,0.0,0.0,0.0,0.78,6.67,0.91,0.051,0.047,3167,466,0.922
Lucas Digne,96538,Aston Villa,40,DL,Fullback,1866,53.55,14,140,11,7,26,6,3.26,0,0.72,5500000.0,172,8.3,44,24.0,20.0,24.0,0.0,0.0,0.0,0.0,0.0,0.0,0.0,17.0,0.0,0.0,0.0,3.0,0.0,0.0,0.0,2.12,7.75,1.98,0.052,0.066,3295,667,1.269
Estêvão,1597265,Chelsea,38,RW,Winger,852,57.74,28,52,20,41,16,2,2.2,2,2.92,82000000.0,141,14.89,30,20.0,10.0,11.0,2.0,1.0,6.0,0.0,0.0,0.0,0.0,9.0,0.0,0.0,0.0,1.0,0.0,0.0,0.0,3.17,12.89,2.75,0.043,0.043,3277,697,1.0
Amine Adli,991478,Bournemouth,60,LW,Winger,1106,50.18,20,94,9,14,16,1,1.62,3,2.6,18100000.0,137,11.15,27,15.0,12.0,13.0,1.0,1.0,0.0,0.0,0.0,0.0,0.0,12.0,0.0,0.0,0.0,0.0,0.0,0.0,0.0,2.2,11.11,2.19,0.037,0.044,3742,614,1.189
Nathan Collins,958916,Brentford,50,DC,Centerback,2972,47.61,20,296,10,3,11,2,1.62,1,2.28,29000000.0,329,9.96,20,12.0,8.0,8.0,4.0,0.0,0.0,0.0,0.0,0.0,0.0,7.0,0.0,0.0,0.0,1.0,0.0,0.0,0.0,0.61,10.46,0.64,0.089,0.039,3707,519,0.438
Sávio,1046795,Manchester City,17,LW,Winger,846,60.5,20,64,9,36,9,1,1.62,1,2.33,37000000.0,129,13.72,29,11.0,18.0,9.0,0.0,0.0,2.0,0.0,0.0,0.0,0.0,14.0,0.0,1.0,0.0,3.0,0.0,0.0,0.0,3.09,11.34,2.55,0.031,0.032,4135,916,1.032
Tim Iroegbunam,1085950,Everton,48,MC,Midfielder,1505,43.63,12,91,28,25,8,2,0.71,0,0.6,18500000.0,156,9.33,24,10.0,14.0,6.0,1.0,1.0,2.0,0.0,0.0,0.0,0.0,13.0,0.0,1.0,0.0,0.0,0.0,0.0,0.0,1.44,10.69,1.65,0.045,0.042,3490,575,0.933
Benjamin Šeško,986397,Manchester United,35,ST,Striker,1635,51.79,61,95,30,20,9,1,0.28,11,9.2,78000000.0,206,11.34,23,13.0,10.0,9.0,0.0,0.0,3.0,0.0,0.0,1.0,0.0,10.0,0.0,0.0,0.0,0.0,0.0,0.0,0.0,1.27,10.95,1.23,0.055,0.028,3756,834,0.509
Axel Disasi,827243,West Ham United,37,DC,Centerback,1255,42.53,5,76,3,0,1,0,0.05,0,1.02,15500000.0,84,6.02,3,1.0,2.0,1.0,0.0,0.0,0.0,0.0,0.0,0.0,0.0,2.0,0.0,0.0,0.0,0.0,0.0,0.0,0.0,0.22,7.08,0.26,0.024,0.006,3447,499,0.25
Tomáš Souček,799041,West Ham United,37,MC,Midfielder,2215,42.53,26,200,8,7,11,0,0.53,5,5.68,9700000.0,241,9.79,27,12.0,15.0,9.0,3.0,0.0,0.0,0.0,0.0,0.0,0.0,12.0,0.0,1.0,0.0,2.0,0.0,0.0,0.0,1.1,11.51,1.29,0.07,0.054,3447,499,0.771
Jean-Philippe Mateta,848276,Crystal Palace,7,ST,Striker,2222,45.92,63,119,41,17,9,0,1.31,12,14.51,29000000.0,240,9.72,23,11.0,12.0,7.0,2.0,1.0,1.0,0.0,0.0,0.0,0.0,7.0,2.0,0.0,0.0,3.0,0.0,0.0,0.0,0.93,10.58,1.01,0.064,0.04,3757,568,0.625
Yehor Yarmoliuk,1031258,Brentford,50,MC,Midfielder,2675,47.61,16,211,23,27,15,2,1.39,1,1.2,30000000.0,277,9.32,26,14.0,12.0,14.0,0.0,0.0,0.0,0.0,0.0,0.0,0.0,10.0,2.0,0.0,0.0,0.0,0.0,0.0,0.0,0.87,9.79,0.91,0.075,0.05,3707,519,0.667
Bertrand Traoré,218160,Sunderland,41,RW,Winger,638,44.84,13,37,9,8,8,0,0.24,1,0.52,3800000.0,67,9.45,12,9.0,3.0,7.0,0.0,0.0,2.0,0.0,0.0,0.0,0.0,3.0,0.0,0.0,0.0,0.0,0.0,0.0,0.0,1.69,10.54,1.88,0.02,0.026,3339,465,1.3
Sebastiaan Bornauw,826167,Leeds United,34,DC,Centerback,439,45.74,1,25,1,1,0,0,0.02,0,0.2,7800000.0,28,5.74,1,0.0,1.0,0.0,0.0,0.0,0.0,0.0,0.0,0.0,0.0,0.0,0.0,0.0,0.0,1.0,0.0,0.0,0.0,0.21,6.27,0.23,0.008,0.002,3578,580,0.25
Diego Gómez,1065588,Brighton & Hove Albion,30,MC,Midfielder,2136,54.08,42,166,29,22,21,1,1.71,5,6.29,27000000.0,259,10.91,41,19.0,22.0,18.0,0.0,0.0,1.0,0.0,0.0,0.0,0.0,19.0,1.0,0.0,0.0,2.0,0.0,0.0,0.0,1.73,10.09,1.6,0.07,0.06,3682,680,0.857
Omari Hutchinson,1090963,Nottingham Forest,14,RW,Winger,1694,46.76,25,91,29,38,33,5,3.91,1,1.94,28000000.0,183,9.72,58,35.0,23.0,29.0,0.0,1.0,5.0,0.0,0.0,0.0,0.0,21.0,1.0,0.0,0.0,1.0,0.0,0.0,0.0,3.08,10.39,3.29,0.053,0.102,3445,570,1.925
Hannibal Mejbri,1009386,Burnley,6,AM,Midfielder,1253,42.29,19,116,33,14,21,4,2.06,1,0.89,15700000.0,182,13.07,29,18.0,11.0,16.0,0.0,1.0,1.0,0.0,0.0,0.0,0.0,10.0,0.0,0.0,0.0,1.0,0.0,0.0,0.0,2.08,15.45,2.46,0.052,0.058,3487,501,1.115
Ethan Nwaneri,1401702,Arsenal,42,MC,Midfielder,175,56.13,6,8,2,5,1,0,0.08,0,0.23,34000000.0,21,10.8,5,2.0,3.0,0.0,1.0,0.0,1.0,0.0,0.0,0.0,0.0,2.0,0.0,0.0,0.0,1.0,0.0,0.0,0.0,2.57,9.62,2.29,0.006,0.007,3614,747,1.167
Oleksandr Zinchenko,287643,Nottingham Forest,14,DL,Fullback,353,46.76,4,24,1,1,5,0,0.36,0,0.08,8199999.0,30,7.65,10,4.0,6.0,4.0,0.0,0.0,0.0,0.0,0.0,0.0,0.0,6.0,0.0,0.0,0.0,0.0,0.0,0.0,0.0,2.55,8.18,2.73,0.009,0.018,3445,570,2.0
Omar Marmoush,873554,Manchester City,17,ST,Striker,734,60.5,30,21,15,12,12,3,0.79,3,2.71,55000000.0,78,9.56,19,14.0,5.0,9.0,2.0,2.0,1.0,0.0,0.0,0.0,0.0,3.0,1.0,1.0,0.0,0.0,0.0,0.0,0.0,2.33,7.9,1.93,0.019,0.021,4135,916,1.105
Roméo Lavia,1069488,Chelsea,38,MC,Midfielder,377,57.74,3,21,6,2,1,0,0.54,0,0.2,21000000.0,32,7.64,6,1.0,5.0,1.0,0.0,0.0,0.0,0.0,0.0,0.0,0.0,5.0,0.0,0.0,0.0,0.0,0.0,0.0,0.0,1.43,6.62,1.24,0.01,0.009,3277,697,0.9
Ao Tanaka,871886,Leeds United,34,MC,Midfielder,1326,45.74,17,100,8,7,18,0,1.47,2,1.61,14000000.0,132,8.96,29,21.0,8.0,20.0,0.0,0.0,1.0,0.0,0.0,0.0,0.0,6.0,0.0,0.0,0.0,2.0,0.0,0.0,0.0,1.97,9.79,2.15,0.037,0.05,3578,580,1.351
Valentín Castellanos,877013,West Ham United,37,ST,Striker,1395,42.53,50,89,11,10,12,0,0.81,6,5.8,29000000.0,160,10.32,21,12.0,9.0,12.0,0.0,0.0,0.0,0.0,0.0,0.0,0.0,5.0,0.0,1.0,0.0,3.0,0.0,0.0,0.0,1.35,12.13,1.59,0.046,0.042,3447,499,0.913
Jefferson Lerma,355796,Crystal Palace,7,MC,Midfielder,1730,45.92,19,179,9,4,14,2,1.48,0,1.82,5500000.0,211,10.98,28,13.0,15.0,11.0,1.0,0.0,0.0,0.0,0.0,1.0,0.0,13.0,0.0,0.0,0.0,1.0,1.0,0.0,0.0,1.46,11.96,1.59,0.056,0.049,3757,568,0.875
Timothy Castagne,329417,Fulham,43,DR,Fullback,1872,51.71,14,109,2,3,18,0,1.46,0,1.42,7600000.0,128,6.15,34,18.0,16.0,17.0,0.0,1.0,0.0,0.0,0.0,0.0,0.0,13.0,1.0,0.0,0.0,2.0,0.0,0.0,0.0,1.63,5.95,1.58,0.035,0.05,3626,674,1.429
Soungoutou Magassa,1170560,West Ham United,37,MC,Midfielder,998,42.53,7,78,6,3,5,0,0.31,1,0.44,18400000.0,94,8.48,8,4.0,4.0,4.0,0.0,0.0,0.0,0.0,0.0,0.0,0.0,4.0,0.0,0.0,0.0,0.0,0.0,0.0,0.0,0.72,9.97,0.85,0.027,0.016,3447,499,0.593
Micky van de Ven,998247,Tottenham Hotspur,33,DC,Centerback,3043,50.37,16,169,5,4,6,1,0.37,4,2.53,49000000.0,194,5.74,11,4.0,7.0,1.0,3.0,0.0,0.0,0.0,0.0,0.0,0.0,6.0,0.0,0.0,0.0,0.0,1.0,0.0,0.0,0.33,5.7,0.33,0.054,0.019,3597,571,0.352
Brenden Aaronson,973431,Leeds United,34,AM,Midfielder,2473,45.74,47,126,74,53,34,5,3.63,4,4.55,23000000.0,300,10.92,57,38.0,19.0,28.0,5.0,2.0,3.0,0.0,0.0,0.0,0.0,11.0,3.0,2.0,0.0,3.0,0.0,0.0,0.0,2.07,11.94,2.26,0.084,0.098,3578,580,1.167
Mats Wieffer,959628,Brighton & Hove Albion,30,MC,Midfielder,1914,54.08,18,148,22,11,20,3,1.87,2,1.93,24000000.0,199,9.36,35,21.0,14.0,19.0,2.0,0.0,0.0,0.0,0.0,0.0,0.0,12.0,0.0,0.0,0.0,2.0,0.0,0.0,0.0,1.65,8.65,1.53,0.054,0.051,3682,680,0.944
Ryan Christie,322391,Bournemouth,60,MC,Midfielder,986,50.18,25,119,15,20,11,0,0.83,2,1.92,8600000.0,179,16.34,25,12.0,13.0,8.0,2.0,1.0,1.0,0.0,0.0,0.0,0.0,13.0,0.0,0.0,0.0,0.0,0.0,0.0,0.0,2.28,16.28,2.27,0.048,0.041,3742,614,0.854
Rodrigo Bentancur,791190,Tottenham Hotspur,33,MC,Midfielder,1892,50.37,13,145,8,12,10,1,0.83,1,0.74,19300000.0,178,8.47,24,10.0,14.0,9.0,1.0,0.0,0.0,0.0,0.0,0.0,0.0,14.0,0.0,0.0,0.0,0.0,0.0,0.0,0.0,1.14,8.41,1.13,0.049,0.042,3597,571,0.857
Kai Havertz,836705,Arsenal,42,ST,Striker,583,56.13,18,43,8,3,11,3,0.66,2,3.31,53000000.0,72,11.11,16,11.0,5.0,10.0,0.0,1.0,0.0,0.0,0.0,0.0,0.0,5.0,0.0,0.0,0.0,0.0,0.0,0.0,0.0,2.47,9.9,2.2,0.02,0.021,3614,747,1.05
Matt O'Riley,891829,Brighton & Hove Albion,30,MC,Midfielder,203,54.08,4,9,1,0,4,0,0.17,1,1.2,16500000.0,14,6.21,3,3.0,0.0,3.0,0.0,0.0,0.0,0.0,0.0,0.0,0.0,0.0,0.0,0.0,0.0,0.0,0.0,0.0,0.0,1.33,5.74,1.23,0.004,0.004,3682,680,1.0
Ethan Pinnock,855864,Brentford,50,DC,Centerback,321,47.61,1,23,1,0,0,0,0.06,0,0.01,2800000.0,25,7.01,0,,,,,,,,,,,,,,,,,,,0.0,7.36,0.0,0.007,0.0,3707,519,0.0
El Hadji Malick Diouf,1471764,West Ham United,37,ML,Fullback,2711,42.53,18,266,19,24,30,5,2.49,0,0.57,29000000.0,327,10.86,50,31.0,19.0,28.0,2.0,0.0,1.0,0.0,0.0,0.0,0.0,16.0,0.0,0.0,0.0,2.0,1.0,0.0,0.0,1.66,12.77,1.95,0.095,0.1,3447,499,1.053
Jacob Murphy,372336,Newcastle United,39,RW,Winger,1627,52.61,42,133,19,20,23,2,2.74,3,3.15,11000000.0,214,11.84,45,28.0,17.0,22.0,0.0,0.0,5.0,1.0,0.0,0.0,0.0,11.0,0.0,0.0,0.0,6.0,0.0,0.0,0.0,2.49,11.25,2.37,0.059,0.069,3629,655,1.169
Lesley Ugochukwu,1048916,Burnley,6,MC,Midfielder,2359,42.29,23,131,31,16,10,1,0.42,3,2.5,21000000.0,201,7.67,30,15.0,15.0,7.0,2.0,3.0,3.0,0.0,0.0,0.0,0.0,13.0,0.0,1.0,0.0,1.0,0.0,0.0,0.0,1.14,9.07,1.35,0.058,0.06,3487,501,1.034
Angel Gomes,867441,Wolverhampton,3,MC,Midfielder,488,42.82,6,27,4,2,6,0,0.28,0,0.26,10800000.0,39,7.19,10,4.0,6.0,4.0,0.0,0.0,0.0,0.0,0.0,0.0,0.0,5.0,0.0,1.0,0.0,0.0,0.0,0.0,0.0,1.84,8.4,2.15,0.012,0.021,3167,466,1.75
Jeremie Frimpong,970361,Liverpool FC,44,MR,Fullback,1068,59.21,10,68,17,15,15,1,1.58,0,0.51,36000000.0,110,9.27,32,15.0,17.0,13.0,0.0,0.0,2.0,0.0,0.0,0.0,0.0,11.0,0.0,2.0,0.0,4.0,0.0,0.0,0.0,2.7,7.83,2.28,0.029,0.036,3807,878,1.241
Mathys Tel,1048888,Tottenham Hotspur,33,ST,Striker,1358,50.37,35,81,38,40,30,1,2.43,4,2.44,23000000.0,194,12.86,48,30.0,18.0,27.0,0.0,1.0,2.0,0.0,0.0,0.0,0.0,15.0,1.0,0.0,0.0,2.0,0.0,0.0,0.0,3.18,12.77,3.16,0.054,0.084,3597,571,1.556
Andy Robertson,262911,Liverpool FC,44,DL,Fullback,1188,59.21,10,119,1,3,20,0,1.39,1,1.1,7500000.0,133,10.08,36,21.0,15.0,20.0,0.0,0.0,1.0,0.0,0.0,0.0,0.0,15.0,0.0,0.0,0.0,0.0,0.0,0.0,0.0,2.73,8.51,2.31,0.035,0.041,3807,878,1.171
Alexis Mac Allister,895324,Liverpool FC,44,MC,Midfielder,2675,59.21,52,193,29,16,36,4,1.68,2,3.89,77000000.0,290,9.76,65,40.0,25.0,35.0,0.0,3.0,2.0,0.0,0.0,0.0,0.0,23.0,1.0,1.0,0.0,0.0,0.0,0.0,0.0,2.19,8.24,1.85,0.076,0.074,3807,878,0.974
Ryan Yates,846252,Nottingham Forest,14,MC,Midfielder,629,46.76,9,57,6,1,5,2,0.39,0,0.5,7200000.0,73,10.45,11,5.0,6.0,5.0,0.0,0.0,0.0,0.0,0.0,0.0,0.0,6.0,0.0,0.0,0.0,0.0,0.0,0.0,0.0,1.57,11.17,1.68,0.021,0.019,3445,570,0.905
Ilia Gruev,911679,Leeds United,34,MC,Midfielder,1334,45.74,7,61,5,1,11,3,0.88,0,0.47,11000000.0,74,4.99,16,11.0,5.0,10.0,0.0,1.0,0.0,0.0,0.0,0.0,0.0,3.0,1.0,0.0,0.0,0.0,1.0,0.0,0.0,1.08,5.45,1.18,0.021,0.028,3578,580,1.333
Ladislav Krejčí,856250,Wolverhampton,3,DC,Centerback,2361,42.82,21,230,8,2,9,1,1.49,2,2.22,21000000.0,261,9.95,16,7.0,9.0,7.0,0.0,0.0,0.0,0.0,0.0,0.0,0.0,9.0,0.0,0.0,0.0,0.0,0.0,0.0,0.0,0.61,11.62,0.71,0.082,0.034,3167,466,0.415
Charalampos Kostoulas,1416535,Brighton & Hove Albion,30,ST,Striker,386,54.08,21,32,10,16,10,1,0.56,2,2.14,27000000.0,79,18.42,10,8.0,2.0,6.0,1.0,0.0,1.0,0.0,0.0,0.0,0.0,0.0,0.0,0.0,0.0,2.0,0.0,0.0,0.0,2.33,17.03,2.15,0.021,0.015,3682,680,0.714
Luke Shaw,190839,Manchester United,35,DL,Fullback,3231,51.79,10,226,6,10,16,1,1.98,1,0.71,7500000.0,252,7.02,32,12.0,20.0,12.0,0.0,0.0,0.0,0.0,0.0,0.0,0.0,16.0,0.0,0.0,0.0,3.0,1.0,0.0,0.0,0.89,6.78,0.86,0.067,0.038,3756,834,0.567
Kieran Trippier,69256,Newcastle United,39,DR,Fullback,1592,52.61,2,200,6,6,28,1,2.01,0,0.08,1400000.0,214,12.1,48,27.0,21.0,27.0,0.0,0.0,0.0,0.0,0.0,0.0,0.0,21.0,0.0,0.0,0.0,0.0,0.0,0.0,0.0,2.71,11.5,2.58,0.059,0.073,3629,655,1.237
Wataru Endo,143040,Liverpool FC,44,MC,Midfielder,206,59.21,1,14,1,0,1,1,0.05,0,0.04,3700000.0,16,6.99,1,1.0,0.0,1.0,0.0,0.0,0.0,0.0,0.0,0.0,0.0,0.0,0.0,0.0,0.0,0.0,0.0,0.0,0.0,0.44,5.9,0.37,0.004,0.001,3807,878,0.25
Antoni Milambo,1126692,Brentford,50,MC,Midfielder,45,47.61,0,3,0,0,0,0,0.01,0,0.0,15500000.0,3,6.0,1,0.0,1.0,0.0,0.0,0.0,0.0,0.0,0.0,0.0,0.0,1.0,0.0,0.0,0.0,0.0,0.0,0.0,0.0,2.0,6.3,2.1,0.001,0.002,3707,519,2.0
Jocelin Ta Bi,2138729,Sunderland,41,RW,Winger,39,44.84,0,0,1,1,0,0,0.04,0,0.0,2600000.0,2,4.62,1,0.0,1.0,0.0,0.0,0.0,0.0,0.0,0.0,0.0,0.0,1.0,0.0,0.0,0.0,0.0,0.0,0.0,0.0,2.31,5.15,2.58,0.001,0.002,3339,465,2.0
Jun'ai Byfield,1913038,Tottenham Hotspur,33,DC,Centerback,10,50.37,0,1,0,0,0,0,0.0,0,0.0,3200000.0,1,9.0,0,,,,,,,,,,,,,,,,,,,0.0,8.93,0.0,0.0,0.0,3597,571,0.0
Alex Murphy,1125214,Newcastle United,39,DL,Fullback,16,52.61,0,0,0,0,0,0,0.0,0,0.0,1600000.0,0,0.0,0,,,,,,,,,,,,,,,,,,,0.0,0.0,0.0,0.0,0.0,3629,655,0.0
Diego Coppola,1050692,Brighton & Hove Albion,30,DC,Centerback,201,54.08,0,13,0,0,0,0,0.02,0,0.0,19700000.0,13,5.82,3,0.0,3.0,0.0,0.0,0.0,0.0,0.0,0.0,0.0,0.0,3.0,0.0,0.0,0.0,0.0,0.0,0.0,0.0,1.34,5.38,1.24,0.004,0.004,3682,680,1.0
James Maddison,356398,Tottenham Hotspur,33,AM,Midfielder,50,50.37,2,2,1,0,0,0,0.06,0,0.21,19400000.0,5,9.0,2,0.0,2.0,0.0,0.0,0.0,0.0,0.0,0.0,0.0,0.0,2.0,0.0,0.0,0.0,0.0,0.0,0.0,0.0,3.6,8.93,3.57,0.001,0.004,3597,571,4.0
Jesse Derry,1550775,Chelsea,38,LW,Winger,44,57.74,2,1,1,0,0,0,0.02,0,0.1,1900000.0,4,8.18,1,0.0,1.0,0.0,0.0,0.0,0.0,0.0,0.0,0.0,0.0,1.0,0.0,0.0,0.0,0.0,0.0,0.0,0.0,2.05,7.08,1.78,0.001,0.001,3277,697,1.0
Joe Rodon,828640,Leeds United,34,DC,Centerback,2953,45.74,18,183,6,1,9,0,0.57,2,1.41,18800000.0,208,6.34,18,9.0,9.0,7.0,2.0,0.0,0.0,0.0,0.0,0.0,0.0,3.0,2.0,1.0,0.0,3.0,0.0,0.0,0.0,0.55,6.93,0.6,0.058,0.031,3578,580,0.534
Jake O'Brien,998253,Everton,48,DR,Fullback,3131,43.63,13,281,21,14,17,1,0.99,1,1.74,16500000.0,329,9.46,28,17.0,11.0,16.0,1.0,0.0,0.0,0.0,0.0,0.0,0.0,9.0,0.0,1.0,0.0,1.0,0.0,0.0,0.0,0.8,10.84,0.92,0.094,0.049,3490,575,0.521
Florentino Luís,855845,Burnley,6,MC,Midfielder,2118,42.29,13,151,17,14,13,2,0.55,0,0.66,15500000.0,195,8.29,22,12.0,10.0,12.0,0.0,0.0,0.0,0.0,0.0,0.0,0.0,9.0,1.0,0.0,0.0,0.0,0.0,0.0,0.0,0.93,9.8,1.1,0.056,0.044,3487,501,0.786
Vitaliy Mykolenko,876643,Everton,48,DL,Fullback,2960,43.63,9,240,11,20,23,1,2.46,0,0.29,26000000.0,280,8.51,46,19.0,27.0,18.0,1.0,0.0,0.0,0.0,0.0,0.0,0.0,26.0,0.0,1.0,0.0,0.0,0.0,0.0,0.0,1.4,9.75,1.6,0.08,0.08,3490,575,1.0
Manuel Ugarte,846425,Manchester United,35,MC,Midfielder,900,51.79,13,75,11,3,3,0,0.2,0,0.71,24000000.0,102,10.2,13,2.0,11.0,2.0,0.0,0.0,0.0,0.0,0.0,0.0,0.0,9.0,0.0,0.0,1.0,1.0,0.0,0.0,0.0,1.3,9.85,1.26,0.027,0.016,3756,834,0.593
James Milner,791,Brighton & Hove Albion,30,MC,Midfielder,802,54.08,8,64,3,1,8,1,0.63,1,1.02,0.0,76,8.53,14,6.0,8.0,6.0,0.0,0.0,0.0,0.0,0.0,0.0,0.0,8.0,0.0,0.0,0.0,0.0,0.0,0.0,0.0,1.57,7.89,1.45,0.021,0.021,3682,680,1.0
Lukas Nmecha,803185,Leeds United,34,ST,Striker,1092,45.74,30,74,18,6,11,1,1.56,6,7.23,9100000.0,128,10.55,22,12.0,10.0,11.0,0.0,0.0,1.0,0.0,0.0,0.0,0.0,8.0,0.0,1.0,0.0,1.0,0.0,0.0,0.0,1.81,11.53,1.98,0.036,0.038,3578,580,1.056
Jacob Ramsey,975937,Newcastle United,39,LW,Winger,1465,52.61,16,72,13,15,22,3,1.43,2,1.19,36000000.0,116,7.13,35,22.0,13.0,22.0,0.0,0.0,0.0,0.0,0.0,0.0,0.0,12.0,0.0,0.0,0.0,1.0,0.0,0.0,0.0,2.15,6.78,2.04,0.032,0.053,3629,655,1.656
Conor Gallagher,904970,Tottenham Hotspur,33,MC,Midfielder,1196,50.37,11,80,13,8,13,1,0.72,1,1.07,31000000.0,112,8.43,26,14.0,12.0,13.0,0.0,1.0,0.0,0.0,0.0,0.0,0.0,11.0,0.0,0.0,0.0,1.0,0.0,0.0,0.0,1.96,8.37,1.95,0.031,0.046,3597,571,1.484
Dominic Calvert-Lewin,372344,Leeds United,34,ST,Striker,2726,45.74,74,191,29,22,20,1,1.09,14,15.81,24000000.0,316,10.43,44,28.0,16.0,19.0,2.0,2.0,3.0,0.0,0.0,2.0,0.0,11.0,0.0,2.0,0.0,3.0,0.0,0.0,0.0,1.45,11.4,1.59,0.088,0.076,3578,580,0.864
Luca Netz,979144,Nottingham Forest,14,DL,Fullback,355,46.76,0,17,0,2,2,0,0.42,0,0.0,7700000.0,19,4.82,3,2.0,1.0,2.0,0.0,0.0,0.0,0.0,0.0,0.0,0.0,1.0,0.0,0.0,0.0,0.0,0.0,0.0,0.0,0.76,5.15,0.81,0.006,0.005,3445,570,0.833
Danny Welbeck,33902,Brighton & Hove Albion,30,ST,Striker,2268,54.08,56,100,20,16,20,1,1.4,13,12.44,3100000.0,192,7.62,32,19.0,13.0,17.0,1.0,0.0,1.0,0.0,0.0,0.0,0.0,10.0,0.0,1.0,0.0,2.0,0.0,0.0,0.0,1.27,7.05,1.17,0.052,0.047,3682,680,0.904
Oliver Sonne,1008456,Burnley,6,DR,Fullback,165,42.29,3,20,1,2,1,0,0.09,1,0.55,4099999.0,26,14.18,3,1.0,2.0,1.0,0.0,0.0,0.0,0.0,0.0,0.0,0.0,2.0,0.0,0.0,0.0,0.0,0.0,0.0,0.0,1.64,16.77,1.94,0.007,0.006,3487,501,0.857
Raúl Jiménez,192442,Fulham,43,ST,Striker,2206,51.71,74,189,28,17,25,3,0.93,9,11.5,3200000.0,308,12.57,39,25.0,14.0,20.0,2.0,1.0,2.0,0.0,0.0,0.0,0.0,10.0,0.0,0.0,0.0,3.0,1.0,0.0,0.0,1.59,12.15,1.54,0.085,0.058,3626,674,0.682
Marcus Edwards,795066,Burnley,6,RW,Winger,1073,42.29,23,59,28,24,20,3,1.85,1,1.49,6600000.0,134,11.24,36,21.0,15.0,18.0,1.0,2.0,0.0,0.0,0.0,0.0,0.0,11.0,0.0,1.0,0.0,3.0,0.0,0.0,0.0,3.02,13.29,3.57,0.038,0.072,3487,501,1.895
Habib Diarra,1128532,Sunderland,41,MC,Midfielder,1407,44.84,26,79,14,16,7,2,0.83,2,3.41,37000000.0,135,8.64,18,7.0,11.0,5.0,0.0,0.0,2.0,0.0,0.0,0.0,0.0,8.0,0.0,1.0,0.0,2.0,0.0,0.0,0.0,1.15,9.63,1.28,0.04,0.039,3339,465,0.975
Hugo Bueno,1013928,Wolverhampton,3,DL,Fullback,2375,42.82,16,165,32,46,38,2,3.51,1,0.86,13000000.0,259,9.81,59,38.0,21.0,37.0,1.0,0.0,0.0,0.0,0.0,0.0,0.0,19.0,0.0,1.0,0.0,1.0,0.0,0.0,0.0,2.24,11.45,2.62,0.082,0.127,3167,466,1.549
Jadon Sancho,851100,Aston Villa,40,LW,Winger,891,53.55,10,62,9,13,21,2,1.94,0,0.58,17500000.0,94,9.49,29,22.0,7.0,21.0,0.0,0.0,1.0,0.0,0.0,0.0,0.0,6.0,0.0,0.0,0.0,1.0,0.0,0.0,0.0,2.93,8.86,2.74,0.029,0.043,3295,667,1.483
Nick Woltemade,980623,Newcastle United,39,ST,Striker,1939,52.61,32,91,42,22,22,3,1.53,8,6.59,59000000.0,187,8.68,32,21.0,11.0,17.0,3.0,0.0,1.0,0.0,0.0,0.0,0.0,9.0,0.0,0.0,0.0,1.0,0.0,1.0,0.0,1.49,8.25,1.42,0.052,0.049,3629,655,0.942
Hjalmar Ekdal,875360,Burnley,6,DC,Centerback,1539,42.29,6,102,4,2,4,0,0.27,0,0.26,4700000.0,114,6.67,6,3.0,3.0,3.0,0.0,0.0,0.0,0.0,0.0,0.0,0.0,2.0,1.0,0.0,0.0,0.0,0.0,0.0,0.0,0.35,7.89,0.41,0.033,0.012,3487,501,0.364
Victor Lindelöf,143334,Aston Villa,40,DC,Centerback,985,53.55,3,37,2,0,2,1,0.12,0,0.28,4800000.0,42,3.84,3,1.0,2.0,1.0,0.0,0.0,0.0,0.0,0.0,0.0,0.0,2.0,0.0,0.0,0.0,0.0,0.0,0.0,0.0,0.27,3.59,0.25,0.013,0.004,3295,667,0.308
Kyle Walker-Peters,823085,West Ham United,37,DR,Fullback,1396,42.53,5,86,17,8,7,0,0.38,1,1.13,11200000.0,116,7.48,16,7.0,9.0,6.0,0.0,0.0,1.0,0.0,0.0,0.0,0.0,7.0,0.0,1.0,0.0,1.0,0.0,0.0,0.0,1.03,8.79,1.21,0.034,0.032,3447,499,0.941
Emile Smith Rowe,867445,Fulham,43,AM,Midfielder,1943,51.71,36,82,31,15,18,0,1.11,3,4.77,18300000.0,164,7.6,34,17.0,17.0,16.0,0.0,0.0,1.0,0.0,0.0,0.0,0.0,16.0,1.0,0.0,0.0,0.0,0.0,0.0,0.0,1.57,7.35,1.52,0.045,0.05,3626,674,1.111
Reinildo Mandava,831424,Sunderland,41,DL,Fullback,1969,44.84,4,115,13,12,6,1,0.7,0,0.18,4099999.0,144,6.58,11,7.0,4.0,5.0,0.0,1.0,1.0,0.0,0.0,0.0,0.0,4.0,0.0,0.0,0.0,0.0,0.0,0.0,0.0,0.5,7.34,0.56,0.043,0.024,3339,465,0.558
Keane Lewis-Potter,972421,Brentford,50,DL,Fullback,1990,47.61,31,127,15,28,19,3,2.5,3,3.04,24000000.0,201,9.09,36,21.0,15.0,19.0,0.0,1.0,1.0,0.0,0.0,0.0,0.0,12.0,0.0,2.0,0.0,1.0,0.0,0.0,0.0,1.63,9.55,1.71,0.054,0.069,3707,519,1.278
Benoît Badiashile,904827,Chelsea,38,DC,Centerback,471,57.74,0,31,0,0,0,0,0.07,0,0.0,14500000.0,31,5.92,1,0.0,1.0,0.0,0.0,0.0,0.0,0.0,0.0,0.0,0.0,1.0,0.0,0.0,0.0,0.0,0.0,0.0,0.0,0.19,5.13,0.16,0.009,0.001,3277,697,0.111
Jack Hinshelwood,1142315,Brighton & Hove Albion,30,MC,Midfielder,1750,54.08,37,110,9,6,15,3,2.34,4,4.92,27000000.0,162,8.33,33,17.0,16.0,15.0,1.0,1.0,0.0,0.0,0.0,0.0,0.0,13.0,0.0,1.0,0.0,2.0,0.0,0.0,0.0,1.7,7.7,1.57,0.044,0.049,3682,680,1.114
Myles Lewis-Skelly,1423711,Arsenal,42,DL,Fullback,722,56.13,2,32,7,2,4,0,0.2,0,0.11,48000000.0,43,5.36,10,4.0,6.0,2.0,1.0,0.0,1.0,0.0,0.0,0.0,0.0,6.0,0.0,0.0,0.0,0.0,0.0,0.0,0.0,1.25,4.77,1.11,0.012,0.013,3614,747,1.083
Fabio Carvalho,991604,Brentford,50,AM,Midfielder,128,47.61,2,5,1,2,0,0,0.03,1,0.7,7800000.0,10,7.03,1,0.0,1.0,0.0,0.0,0.0,0.0,0.0,0.0,0.0,0.0,0.0,1.0,0.0,0.0,0.0,0.0,0.0,0.0,0.7,7.38,0.74,0.003,0.002,3707,519,0.667
Rico Lewis,1136731,Manchester City,17,DR,Fullback,423,60.5,3,44,8,2,7,1,1.39,0,0.19,26000000.0,57,12.13,14,7.0,7.0,6.0,1.0,0.0,0.0,0.0,0.0,0.0,0.0,6.0,1.0,0.0,0.0,0.0,0.0,0.0,0.0,2.98,10.02,2.46,0.014,0.015,4135,916,1.071
Leny Yoro,1153315,Manchester United,35,DC,Centerback,1748,51.79,9,114,5,1,4,0,0.63,0,1.39,46000000.0,129,6.64,14,5.0,9.0,3.0,2.0,0.0,0.0,0.0,0.0,0.0,0.0,8.0,1.0,0.0,0.0,0.0,0.0,0.0,0.0,0.72,6.41,0.7,0.034,0.017,3756,834,0.5
Callum Wilson,113956,West Ham United,37,ST,Striker,1262,42.53,38,55,21,14,8,1,0.55,7,7.66,4300000.0,128,9.13,21,11.0,10.0,5.0,1.0,0.0,5.0,0.0,0.0,0.0,0.0,6.0,1.0,0.0,0.0,3.0,0.0,0.0,0.0,1.5,10.73,1.76,0.037,0.042,3447,499,1.135
Marc Cucurella,794939,Chelsea,38,DL,Fullback,2710,57.74,20,177,7,2,39,4,3.21,1,2.35,62000000.0,206,6.84,57,35.0,22.0,30.0,4.0,1.0,0.0,0.0,0.0,0.0,0.0,18.0,0.0,0.0,0.0,2.0,2.0,0.0,0.0,1.89,5.92,1.64,0.063,0.082,3277,697,1.302
David Brooks,855731,Bournemouth,60,RW,Winger,1220,50.18,48,102,10,24,26,3,3.3,1,5.83,11000000.0,184,13.57,46,33.0,13.0,28.0,0.0,1.0,3.0,1.0,0.0,0.0,0.0,11.0,1.0,0.0,0.0,1.0,0.0,0.0,0.0,3.39,13.52,3.38,0.049,0.075,3742,614,1.531
Saša Lukić,371222,Fulham,43,MC,Midfielder,1734,51.71,18,105,9,5,28,2,1.91,1,2.26,9400000.0,137,7.11,41,25.0,16.0,24.0,1.0,0.0,0.0,0.0,0.0,0.0,0.0,14.0,0.0,2.0,0.0,0.0,0.0,0.0,0.0,2.13,6.87,2.06,0.038,0.061,3626,674,1.605
Lorenzo Lucca,962364,Nottingham Forest,14,ST,Striker,135,46.76,4,7,3,0,1,0,0.01,1,0.79,22000000.0,14,9.33,2,1.0,1.0,1.0,0.0,0.0,0.0,0.0,0.0,0.0,0.0,0.0,1.0,0.0,0.0,0.0,0.0,0.0,0.0,1.33,9.98,1.42,0.004,0.004,3445,570,1.0
Donyell Malen,803039,Aston Villa,40,ST,Striker,680,53.55,27,21,13,12,7,1,0.34,4,4.07,48000000.0,73,9.66,18,12.0,6.0,6.0,1.0,0.0,4.0,0.0,0.0,1.0,0.0,5.0,1.0,0.0,0.0,0.0,0.0,0.0,0.0,2.38,9.02,2.22,0.022,0.027,3295,667,1.227
Tyrone Mings,303638,Aston Villa,40,DC,Centerback,1323,53.55,9,94,3,4,5,0,0.42,0,1.37,3200000.0,110,7.48,10,5.0,5.0,5.0,0.0,0.0,0.0,0.0,0.0,0.0,0.0,5.0,0.0,0.0,0.0,0.0,0.0,0.0,0.0,0.68,6.98,0.63,0.033,0.015,3295,667,0.455
Georginio Rutter,946695,Brighton & Hove Albion,30,AM,Midfielder,1804,54.08,42,133,59,37,25,3,2.93,3,3.02,31000000.0,271,13.52,42,28.0,14.0,23.0,1.0,2.0,2.0,0.0,0.0,0.0,0.0,9.0,1.0,2.0,1.0,1.0,0.0,0.0,0.0,2.1,12.5,1.94,0.074,0.062,3682,680,0.838
Jamie Gittens,1140599,Chelsea,38,LW,Winger,495,57.74,10,31,4,8,9,2,0.93,0,0.82,29000000.0,53,9.64,15,11.0,4.0,9.0,0.0,0.0,2.0,0.0,0.0,0.0,0.0,3.0,0.0,0.0,0.0,1.0,0.0,0.0,0.0,2.73,8.35,2.36,0.016,0.022,3277,697,1.375
Marshall Munetsi,894733,Wolverhampton,3,MC,Midfielder,877,42.82,14,62,11,4,3,1,0.38,1,1.61,15500000.0,91,9.34,5,3.0,2.0,3.0,0.0,0.0,0.0,0.0,0.0,0.0,0.0,2.0,0.0,0.0,0.0,0.0,0.0,0.0,0.0,0.51,10.91,0.6,0.029,0.011,3167,466,0.379
Dennis Cirkin,1014987,Sunderland,41,DL,Fullback,329,44.84,1,22,5,1,0,0,0.03,0,0.08,5600000.0,29,7.93,1,0.0,1.0,0.0,0.0,0.0,0.0,0.0,0.0,0.0,0.0,1.0,0.0,0.0,0.0,0.0,0.0,0.0,0.0,0.27,8.84,0.3,0.009,0.002,3339,465,0.222
Wilson Isidor,877980,Sunderland,41,ST,Striker,1173,44.84,43,54,14,18,0,0,0.39,6,4.75,18500000.0,129,9.9,12,6.0,6.0,0.0,0.0,1.0,5.0,0.0,0.0,0.0,0.0,6.0,0.0,0.0,0.0,0.0,0.0,0.0,0.0,0.92,11.04,1.03,0.039,0.026,3339,465,0.667
Dan Ndoye,944327,Nottingham Forest,14,LW,Winger,1176,46.76,15,61,19,20,14,1,1.54,1,1.06,31000000.0,115,8.8,23,16.0,7.0,14.0,1.0,0.0,1.0,0.0,0.0,0.0,0.0,6.0,0.0,0.0,0.0,1.0,0.0,0.0,0.0,1.76,9.41,1.88,0.033,0.04,3445,570,1.212
Frank Onyeka,885864,Brentford,50,MC,Midfielder,88,47.61,0,8,0,2,1,1,0.37,0,0.0,7700000.0,10,10.23,1,1.0,0.0,1.0,0.0,0.0,0.0,0.0,0.0,0.0,0.0,0.0,0.0,0.0,0.0,0.0,0.0,0.0,0.0,1.02,10.74,1.07,0.003,0.002,3707,519,0.667
Carlos Baleba,1199043,Brighton & Hove Albion,30,MC,Midfielder,1677,54.08,20,104,19,13,9,0,0.76,0,0.75,53000000.0,156,8.37,17,10.0,7.0,8.0,0.0,2.0,0.0,0.0,0.0,0.0,0.0,6.0,0.0,0.0,0.0,1.0,0.0,0.0,0.0,0.91,7.74,0.84,0.042,0.025,3682,680,0.595
Yerson Mosquera,1014835,Wolverhampton,3,DC,Centerback,2142,42.82,30,155,5,14,11,0,0.69,0,2.52,13000000.0,204,8.57,22,9.0,13.0,9.0,0.0,0.0,0.0,0.0,0.0,0.0,0.0,9.0,1.0,1.0,0.0,2.0,0.0,0.0,0.0,0.92,10.01,1.07,0.064,0.047,3167,466,0.734
Ki-Jana Hoever,954044,Wolverhampton,3,DR,Fullback,428,42.82,1,48,3,3,5,0,0.36,0,0.02,3300000.0,55,11.57,7,4.0,3.0,3.0,1.0,0.0,0.0,0.0,0.0,0.0,0.0,3.0,0.0,0.0,0.0,0.0,0.0,0.0,0.0,1.47,13.51,1.72,0.017,0.015,3167,466,0.882
Harrison Armstrong,1627560,Everton,48,MC,Midfielder,537,43.63,5,40,8,6,4,0,0.21,0,0.79,12400000.0,59,9.89,12,5.0,7.0,4.0,0.0,1.0,0.0,0.0,0.0,0.0,0.0,7.0,0.0,0.0,0.0,0.0,0.0,0.0,0.0,2.01,11.33,2.3,0.017,0.021,3490,575,1.235
Malo Gusto,996958,Chelsea,38,DR,Fullback,2267,57.74,12,167,16,12,28,3,2.99,2,1.56,36000000.0,207,8.22,54,26.0,28.0,25.0,0.0,1.0,0.0,0.0,0.0,0.0,0.0,28.0,0.0,0.0,0.0,0.0,0.0,0.0,0.0,2.14,7.12,1.85,0.063,0.077,3277,697,1.222
Maxime Estève,1117223,Burnley,6,DC,Centerback,2937,42.29,10,177,3,2,7,0,0.66,0,0.72,26000000.0,192,5.88,13,7.0,6.0,6.0,0.0,1.0,0.0,0.0,0.0,0.0,0.0,5.0,0.0,0.0,0.0,1.0,0.0,0.0,0.0,0.4,6.95,0.47,0.055,0.026,3487,501,0.473
Gabriel Gudmundsson,834308,Leeds United,34,DL,Fullback,2642,45.74,18,227,26,35,21,0,2.75,0,1.1,21000000.0,306,10.42,36,21.0,15.0,19.0,0.0,2.0,0.0,0.0,0.0,0.0,0.0,12.0,0.0,1.0,0.0,2.0,0.0,0.0,0.0,1.23,11.39,1.34,0.086,0.062,3578,580,0.721
Brajan Gruda,1198075,Brighton & Hove Albion,30,RW,Winger,740,54.08,16,54,17,33,16,1,0.88,1,1.72,29000000.0,120,14.59,34,23.0,11.0,15.0,0.0,3.0,5.0,0.0,0.0,0.0,0.0,10.0,0.0,1.0,0.0,0.0,0.0,0.0,0.0,4.14,13.49,3.83,0.033,0.05,3682,680,1.515
Chris Rigg,1394089,Sunderland,41,MC,Midfielder,773,44.84,12,60,5,6,9,1,1.15,1,0.84,24000000.0,83,9.66,11,9.0,2.0,5.0,2.0,0.0,0.0,2.0,0.0,0.0,0.0,1.0,0.0,0.0,1.0,0.0,0.0,0.0,0.0,1.28,10.77,1.43,0.025,0.024,3339,465,0.96
Conor Bradley,1008402,Liverpool FC,44,DR,Fullback,932,59.21,6,79,11,15,4,1,0.94,0,0.24,27000000.0,111,10.72,9,5.0,4.0,4.0,0.0,0.0,0.0,0.0,0.0,1.0,0.0,2.0,0.0,1.0,0.0,1.0,0.0,0.0,0.0,0.87,9.05,0.73,0.029,0.01,3807,878,0.345
Jair,1170722,Nottingham Forest,14,DC,Centerback,525,46.76,3,44,1,2,1,0,0.07,0,0.29,15500000.0,50,8.57,3,1.0,2.0,1.0,0.0,0.0,0.0,0.0,0.0,0.0,0.0,2.0,0.0,0.0,0.0,0.0,0.0,0.0,0.0,0.51,9.16,0.55,0.015,0.005,3445,570,0.333
Shea Lacey,1465865,Manchester United,35,RW,Winger,51,51.79,4,2,1,1,0,0,0.01,0,0.1,5200000.0,8,14.12,2,1.0,1.0,0.0,0.0,0.0,1.0,0.0,0.0,0.0,0.0,0.0,0.0,0.0,0.0,0.0,0.0,1.0,0.0,3.53,13.63,3.41,0.002,0.002,3756,834,1.0
Arthur Masuaku,174975,Sunderland,41,DL,Fullback,127,44.84,1,9,1,2,1,0,0.08,0,0.07,1900000.0,13,9.21,3,1.0,2.0,1.0,0.0,0.0,0.0,0.0,0.0,0.0,0.0,2.0,0.0,0.0,0.0,0.0,0.0,0.0,0.0,2.13,10.27,2.38,0.004,0.006,3339,465,1.5
Rodrigo Gomes,1006073,Wolverhampton,3,MR,Fullback,978,42.82,20,73,7,18,4,0,0.42,3,2.15,14600000.0,118,10.86,14,7.0,7.0,3.0,0.0,1.0,3.0,0.0,0.0,0.0,0.0,4.0,0.0,0.0,0.0,3.0,0.0,0.0,0.0,1.29,12.68,1.51,0.037,0.03,3167,466,0.811
Bafodé Diakité,962408,Bournemouth,60,DC,Centerback,1286,50.18,1,90,1,0,3,0,0.18,0,0.02,23000000.0,92,6.44,7,3.0,4.0,2.0,1.0,0.0,0.0,0.0,0.0,0.0,0.0,4.0,0.0,0.0,0.0,0.0,0.0,0.0,0.0,0.49,6.42,0.49,0.025,0.011,3742,614,0.44
Brian Brobbey,910048,Sunderland,41,ST,Striker,1944,44.84,36,77,29,14,15,1,0.68,7,5.94,42000000.0,156,7.22,29,16.0,13.0,11.0,3.0,2.0,0.0,0.0,0.0,0.0,0.0,10.0,2.0,0.0,0.0,1.0,0.0,0.0,0.0,1.34,8.05,1.49,0.047,0.062,3339,465,1.319
Chemsdine Talbi,1142675,Sunderland,41,RW,Winger,1561,44.84,25,75,11,20,12,1,1.19,4,2.13,23000000.0,131,7.55,20,13.0,7.0,11.0,0.0,0.0,1.0,1.0,0.0,0.0,0.0,7.0,0.0,0.0,0.0,0.0,0.0,0.0,0.0,1.15,8.42,1.28,0.039,0.043,3339,465,1.103
Wilfried Gnonto,998951,Leeds United,34,RW,Winger,535,45.74,10,51,9,9,9,1,0.72,0,0.41,17300000.0,79,13.29,19,11.0,8.0,8.0,1.0,1.0,1.0,0.0,0.0,0.0,0.0,7.0,0.0,0.0,0.0,1.0,0.0,0.0,0.0,3.2,14.53,3.5,0.022,0.033,3578,580,1.5
Gabriel Martinelli,922573,Arsenal,42,LW,Winger,1079,56.13,29,72,26,16,13,4,1.26,1,3.99,42000000.0,143,11.93,24,16.0,8.0,12.0,0.0,0.0,3.0,1.0,0.0,0.0,0.0,6.0,1.0,0.0,0.0,1.0,0.0,0.0,0.0,2.0,10.63,1.78,0.04,0.032,3614,747,0.8
Dwight McNeil,935543,Everton,48,ML,Fullback,1188,43.63,24,60,19,6,15,1,1.92,0,1.39,18800000.0,109,8.26,27,15.0,12.0,11.0,1.0,0.0,2.0,0.0,0.0,1.0,0.0,9.0,0.0,1.0,0.0,1.0,1.0,0.0,0.0,2.05,9.47,2.35,0.031,0.047,3490,575,1.516
Eddie Nketiah,858194,Crystal Palace,7,ST,Striker,416,45.92,15,17,11,11,7,0,0.48,2,1.77,10300000.0,54,11.68,10,8.0,2.0,5.0,2.0,0.0,1.0,0.0,0.0,0.0,0.0,1.0,0.0,0.0,0.0,1.0,0.0,0.0,0.0,2.16,12.72,2.35,0.014,0.018,3757,568,1.286
Mohamadou Kanté,1523623,West Ham United,37,MC,Midfielder,111,42.53,2,9,4,0,1,0,0.05,0,0.09,905000.0,15,12.16,1,1.0,0.0,1.0,0.0,0.0,0.0,0.0,0.0,0.0,0.0,0.0,0.0,0.0,0.0,0.0,0.0,0.0,0.0,0.81,14.3,0.95,0.004,0.002,3447,499,0.5
Stefanos Tzimas,1155321,Brighton & Hove Albion,30,ST,Striker,164,54.08,4,7,9,1,6,1,0.12,1,0.46,18500000.0,21,11.52,5,4.0,1.0,3.0,1.0,0.0,0.0,0.0,0.0,0.0,0.0,0.0,0.0,0.0,0.0,0.0,1.0,0.0,0.0,2.74,10.65,2.53,0.006,0.007,3682,680,1.167
Kristoffer Ajer,576384,Brentford,50,DC,Centerback,1820,47.61,10,141,6,8,4,1,0.72,0,0.78,24000000.0,165,8.16,9,4.0,5.0,3.0,1.0,0.0,0.0,0.0,0.0,0.0,0.0,2.0,0.0,0.0,0.0,3.0,0.0,0.0,0.0,0.45,8.57,0.47,0.045,0.017,3707,519,0.378
Jayden Bogle,929132,Leeds United,34,DR,Fullback,2809,45.74,18,210,34,38,21,2,3.16,1,2.11,16000000.0,300,9.61,44,24.0,20.0,22.0,1.0,0.0,1.0,0.0,0.0,0.0,0.0,13.0,0.0,1.0,0.0,6.0,0.0,0.0,0.0,1.41,10.51,1.54,0.084,0.076,3578,580,0.905
Guido Rodríguez,609752,West Ham United,37,MC,Midfielder,177,42.53,1,8,0,0,0,0,0.04,0,0.03,4200000.0,9,4.58,1,0.0,1.0,0.0,0.0,0.0,0.0,0.0,0.0,0.0,0.0,1.0,0.0,0.0,0.0,0.0,0.0,0.0,0.0,0.51,5.38,0.6,0.003,0.002,3447,499,0.667
Beto,987489,Everton,48,ST,Striker,1613,43.63,43,79,30,27,12,1,0.22,9,8.91,19300000.0,179,9.99,20,13.0,7.0,6.0,6.0,0.0,1.0,0.0,0.0,0.0,0.0,5.0,0.0,2.0,0.0,0.0,0.0,0.0,0.0,1.12,11.45,1.28,0.051,0.035,3490,575,0.686
Taiwo Awoniyi,359664,Nottingham Forest,14,ST,Striker,502,46.76,15,15,5,2,6,1,0.77,4,3.58,7600000.0,37,6.63,7,6.0,1.0,4.0,1.0,0.0,1.0,0.0,0.0,0.0,0.0,0.0,0.0,0.0,0.0,1.0,0.0,0.0,0.0,1.25,7.09,1.34,0.011,0.012,3445,570,1.091
Luke O'Nien,365812,Sunderland,41,DC,Centerback,591,44.84,4,40,1,0,2,1,0.14,0,0.15,660000.0,45,6.85,4,2.0,2.0,0.0,2.0,0.0,0.0,0.0,0.0,0.0,0.0,2.0,0.0,0.0,0.0,0.0,0.0,0.0,0.0,0.61,7.64,0.68,0.013,0.009,3339,465,0.692
Brennan Johnson,1085180,Crystal Palace,7,RW,Winger,1752,45.92,23,130,12,20,19,1,1.31,2,2.43,32000000.0,185,9.5,33,20.0,13.0,19.0,0.0,0.0,1.0,0.0,0.0,0.0,0.0,9.0,1.0,0.0,0.0,3.0,0.0,0.0,0.0,1.7,10.34,1.85,0.049,0.058,3757,568,1.184
Evanilson,998490,Bournemouth,60,ST,Striker,2759,50.18,70,109,39,16,31,1,1.49,6,10.59,33000000.0,234,7.63,50,35.0,15.0,28.0,3.0,3.0,1.0,0.0,0.0,0.0,0.0,11.0,0.0,3.0,0.0,1.0,0.0,0.0,0.0,1.63,7.6,1.62,0.063,0.081,3742,614,1.286
Jhon Arias,844096,Wolverhampton,3,RW,Winger,1121,42.82,16,42,26,12,11,0,0.62,1,3.25,16100000.0,96,7.71,21,13.0,8.0,11.0,0.0,0.0,2.0,0.0,0.0,0.0,0.0,6.0,0.0,0.0,0.0,2.0,0.0,0.0,0.0,1.69,9.0,1.97,0.03,0.045,3167,466,1.5
Joshua King,1546231,Fulham,43,AM,Midfielder,1310,51.71,26,70,19,21,15,2,0.65,1,2.47,26000000.0,136,9.34,33,20.0,13.0,12.0,1.0,3.0,4.0,0.0,0.0,0.0,0.0,10.0,1.0,1.0,0.0,1.0,0.0,0.0,0.0,2.27,9.03,2.19,0.038,0.049,3626,674,1.289
Viktor Gyökeres,804508,Arsenal,42,ST,Striker,2254,56.13,55,120,25,30,20,1,1.94,14,12.4,61000000.0,230,9.18,41,21.0,20.0,15.0,2.0,1.0,2.0,1.0,0.0,0.0,0.0,11.0,2.0,2.0,0.0,5.0,0.0,0.0,0.0,1.64,8.18,1.46,0.064,0.055,3614,747,0.859
Daniel James,828639,Leeds United,34,RW,Winger,566,45.74,14,47,4,9,9,0,0.73,0,0.91,10600000.0,74,11.77,20,9.0,11.0,8.0,0.0,1.0,0.0,0.0,0.0,0.0,0.0,7.0,0.0,1.0,0.0,3.0,0.0,0.0,0.0,3.18,12.87,3.48,0.021,0.034,3578,580,1.619
Kyle Walker,44614,Burnley,6,DR,Fullback,3097,42.29,4,326,14,14,13,2,1.34,0,0.16,1400000.0,358,10.4,33,13.0,20.0,13.0,0.0,0.0,0.0,0.0,0.0,0.0,0.0,19.0,0.0,0.0,0.0,1.0,0.0,0.0,0.0,0.96,12.3,1.14,0.103,0.066,3487,501,0.641
Aaron Hickey,966869,Brentford,50,DR,Fullback,716,47.61,6,47,5,0,0,0,0.14,0,0.46,16500000.0,58,7.29,5,0.0,5.0,0.0,0.0,0.0,0.0,0.0,0.0,0.0,0.0,5.0,0.0,0.0,0.0,0.0,0.0,0.0,0.0,0.63,7.66,0.66,0.016,0.01,3707,519,0.625
Lucas Bergvall,1391251,Tottenham Hotspur,33,MC,Midfielder,979,50.37,12,56,7,9,5,3,0.43,1,1.4,36000000.0,84,7.72,11,4.0,7.0,3.0,1.0,0.0,0.0,0.0,0.0,0.0,0.0,4.0,1.0,0.0,0.0,2.0,0.0,0.0,0.0,1.01,7.66,1.0,0.023,0.019,3597,571,0.826
Wilson Odobert,1142679,Tottenham Hotspur,33,RW,Winger,990,50.37,22,49,21,17,20,2,1.22,0,1.9,18500000.0,109,9.91,35,17.0,18.0,15.0,0.0,0.0,2.0,0.0,0.0,0.0,0.0,17.0,0.0,0.0,0.0,0.0,1.0,0.0,0.0,3.18,9.84,3.16,0.03,0.061,3597,571,2.033
Aaron Wan-Bissaka,863653,West Ham United,37,DR,Fullback,2084,42.53,0,172,15,17,18,2,1.0,0,0.0,14100000.0,204,8.81,28,18.0,10.0,17.0,0.0,0.0,0.0,1.0,0.0,0.0,0.0,9.0,0.0,0.0,0.0,1.0,0.0,0.0,0.0,1.21,10.36,1.42,0.059,0.056,3447,499,0.949
Adam Armstrong,361352,Wolverhampton,3,ST,Striker,1146,42.82,18,48,9,8,6,2,0.86,2,2.74,6500000.0,83,6.52,7,6.0,1.0,5.0,1.0,0.0,0.0,0.0,0.0,0.0,0.0,1.0,0.0,0.0,0.0,0.0,0.0,0.0,0.0,0.55,7.61,0.64,0.026,0.015,3167,466,0.577
Miloš Kerkez,1097425,Liverpool FC,44,DL,Fullback,2301,59.21,9,157,7,10,26,1,0.7,2,1.59,36000000.0,183,7.16,41,27.0,14.0,24.0,1.0,1.0,0.0,0.0,0.0,0.0,1.0,13.0,0.0,1.0,0.0,0.0,0.0,0.0,0.0,1.6,6.05,1.35,0.048,0.047,3807,878,0.979
Tammy Abraham,610766,Aston Villa,40,ST,Striker,294,53.55,9,19,1,0,4,0,0.36,2,2.04,16500000.0,29,8.88,6,4.0,2.0,3.0,0.0,0.0,1.0,0.0,0.0,0.0,0.0,1.0,0.0,0.0,0.0,1.0,0.0,0.0,0.0,1.84,8.29,1.72,0.009,0.009,3295,667,1.0
Nicolò Savona,1010220,Nottingham Forest,14,DR,Fullback,1026,46.76,5,85,2,3,7,0,0.44,2,1.34,14600000.0,95,8.33,11,7.0,4.0,7.0,0.0,0.0,0.0,0.0,0.0,0.0,0.0,2.0,1.0,0.0,0.0,1.0,0.0,0.0,0.0,0.96,8.91,1.03,0.028,0.019,3445,570,0.679
Issa Diop,825719,Fulham,43,DC,Centerback,827,51.71,2,61,0,0,0,0,0.05,1,0.8,8199999.0,63,6.86,1,0.0,1.0,0.0,0.0,0.0,0.0,0.0,0.0,0.0,0.0,1.0,0.0,0.0,0.0,0.0,0.0,0.0,0.0,0.11,6.63,0.11,0.017,0.001,3626,674,0.059
David Møller Wolfe,1031283,Wolverhampton,3,DL,Fullback,1061,42.82,3,67,2,3,8,2,1.08,0,0.12,11000000.0,75,6.36,13,6.0,7.0,6.0,0.0,0.0,0.0,0.0,0.0,0.0,0.0,6.0,0.0,0.0,0.0,1.0,0.0,0.0,0.0,1.1,7.43,1.28,0.024,0.028,3167,466,1.167
Odsonne Édouard,795228,Crystal Palace,7,ST,Striker,8,45.92,0,0,0,0,0,0,0.0,0,0.0,11300000.0,0,0.0,0,,,,,,,,,,,,,,,,,,,0.0,0.0,0.0,0.0,0.0,3757,568,0.0
Tyler Fredricson,1142182,Manchester United,35,DC,Centerback,10,51.79,0,1,0,0,0,0,0.0,0,0.0,2800000.0,1,9.0,0,,,,,,,,,,,,,,,,,,,0.0,8.69,0.0,0.0,0.0,3756,834,0.0
Jota Silva,1011895,Nottingham Forest,14,RW,Winger,11,46.76,0,0,0,0,0,0,0.0,0,0.0,10700000.0,0,0.0,0,,,,,,,,,,,,,,,,,,,0.0,0.0,0.0,0.0,0.0,3445,570,0.0
Jamaldeen Jimoh,1410178,Aston Villa,40,LW,Winger,8,53.55,0,1,0,0,0,0,0.0,0,0.0,545000.0,1,11.25,0,,,,,,,,,,,,,,,,,,,0.0,10.5,0.0,0.0,0.0,3295,667,0.0
Callum Olusesi,1403190,Tottenham Hotspur,33,MC,Midfielder,14,50.37,0,0,0,0,0,0,0.01,0,0.0,4800000.0,0,0.0,0,,,,,,,,,,,,,,,,,,,0.0,0.0,0.0,0.0,0.0,3597,571,0.0
Tyler Fletcher,1402850,Manchester United,35,MC,Midfielder,17,51.79,0,1,0,0,0,0,0.01,0,0.0,1600000.0,1,5.29,0,,,,,,,,,,,,,,,,,,,0.0,5.11,0.0,0.0,0.0,3756,834,0.0
Tawanda Chirewa,1005725,Wolverhampton,3,RW,Winger,31,42.82,0,0,0,0,0,0,0.0,0,0.0,440000.0,0,0.0,0,,,,,,,,,,,,,,,,,,,0.0,0.0,0.0,0.0,0.0,3167,466,0.0
Tyrell Malacia,825839,Manchester United,35,DL,Fullback,32,51.79,0,2,1,0,0,0,0.0,0,0.0,4200000.0,3,8.44,1,0.0,1.0,0.0,0.0,0.0,0.0,0.0,0.0,0.0,0.0,1.0,0.0,0.0,0.0,0.0,0.0,0.0,0.0,2.81,8.15,2.71,0.001,0.001,3756,834,1.0
Dan Neil,964106,Sunderland,41,MC,Midfielder,13,44.84,0,1,0,0,0,0,0.0,0,0.0,4800000.0,1,6.92,0,,,,,,,,,,,,,,,,,,,0.0,7.72,0.0,0.0,0.0,3339,465,0.0
Andy Irving,845464,West Ham United,37,MC,Midfielder,163,42.53,0,10,2,0,3,0,0.18,0,0.0,4800000.0,12,6.63,3,3.0,0.0,3.0,0.0,0.0,0.0,0.0,0.0,0.0,0.0,0.0,0.0,0.0,0.0,0.0,0.0,0.0,0.0,1.66,7.79,1.95,0.003,0.006,3447,499,2.0
Romelle Donovan,1586020,Brentford,50,RW,Winger,38,47.61,3,7,2,1,1,0,0.02,0,0.1,3700000.0,13,30.79,2,2.0,0.0,1.0,0.0,1.0,0.0,0.0,0.0,0.0,0.0,0.0,0.0,0.0,0.0,0.0,0.0,0.0,0.0,4.74,32.34,4.98,0.004,0.004,3707,519,1.0
Alysson,1631879,Aston Villa,40,RW,Winger,56,53.55,1,3,0,0,0,0,0.05,0,0.05,10800000.0,4,6.43,2,0.0,2.0,0.0,0.0,0.0,0.0,0.0,0.0,0.0,0.0,2.0,0.0,0.0,0.0,0.0,0.0,0.0,0.0,3.21,6.0,3.0,0.001,0.003,3295,667,3.0
Solly March,301288,Brighton & Hove Albion,30,RW,Winger,60,54.08,1,3,2,0,0,0,0.02,0,0.04,1000000.0,6,9.0,1,0.0,1.0,0.0,0.0,0.0,0.0,0.0,0.0,0.0,0.0,1.0,0.0,0.0,0.0,0.0,0.0,0.0,0.0,1.5,8.32,1.39,0.002,0.001,3682,680,0.5
George Hemmings,1398204,Aston Villa,40,MC,Midfielder,25,53.55,1,0,0,0,0,0,0.01,0,0.04,860000.0,1,3.6,0,,,,,,,,,,,,,,,,,,,0.0,3.36,0.0,0.0,0.0,3295,667,0.0
Archie Gray,1142335,Tottenham Hotspur,33,MC,Midfielder,1500,50.37,11,91,17,9,8,2,1.18,2,1.48,34000000.0,128,7.68,20,8.0,12.0,6.0,2.0,0.0,0.0,0.0,0.0,0.0,0.0,12.0,0.0,0.0,0.0,0.0,0.0,0.0,0.0,1.2,7.62,1.19,0.036,0.035,3597,571,0.972
Josh Acheampong,1403050,Chelsea,38,DR,Fullback,700,57.74,4,38,8,3,2,0,0.14,1,0.63,24000000.0,53,6.81,4,2.0,2.0,2.0,0.0,0.0,0.0,0.0,0.0,0.0,0.0,2.0,0.0,0.0,0.0,0.0,0.0,0.0,0.0,0.51,5.9,0.44,0.016,0.006,3277,697,0.375
Anthony Elanga,979232,Newcastle United,39,RW,Winger,1338,52.61,17,82,18,29,15,1,1.76,0,1.67,31000000.0,146,9.82,31,15.0,16.0,14.0,0.0,0.0,1.0,0.0,0.0,0.0,0.0,14.0,0.0,0.0,0.0,2.0,0.0,0.0,0.0,2.09,9.33,1.99,0.04,0.047,3629,655,1.175
Gabriel Jesus,794839,Arsenal,42,ST,Striker,421,56.13,19,25,11,8,3,0,0.27,3,2.69,17600000.0,63,13.47,5,4.0,1.0,3.0,0.0,0.0,0.0,0.0,0.0,1.0,0.0,1.0,0.0,0.0,0.0,0.0,0.0,0.0,0.0,1.07,12.0,0.95,0.017,0.007,3614,747,0.412
Lamare Bogarde,1089388,Aston Villa,40,MC,Midfielder,1104,53.55,0,52,10,5,2,0,0.21,0,0.0,17500000.0,67,5.46,7,2.0,5.0,2.0,0.0,0.0,0.0,0.0,0.0,0.0,0.0,4.0,0.0,1.0,0.0,0.0,0.0,0.0,0.0,0.57,5.1,0.53,0.02,0.01,3295,667,0.5
Yves Bissouma,844842,Tottenham Hotspur,33,MC,Midfielder,605,50.37,5,38,4,2,0,0,0.12,0,0.36,9200000.0,49,7.29,3,0.0,3.0,0.0,0.0,0.0,0.0,0.0,0.0,0.0,0.0,3.0,0.0,0.0,0.0,0.0,0.0,0.0,0.0,0.45,7.24,0.45,0.014,0.005,3597,571,0.357
Djed Spence,945798,Tottenham Hotspur,33,DL,Fullback,2079,50.37,13,169,29,43,10,0,1.78,0,0.9,41000000.0,254,11.0,33,12.0,21.0,9.0,0.0,0.0,3.0,0.0,0.0,0.0,0.0,16.0,1.0,0.0,0.0,4.0,0.0,0.0,0.0,1.43,10.92,1.42,0.071,0.058,3597,571,0.817
Federico Chiesa,845386,Liverpool FC,44,ST,Striker,400,59.21,17,32,4,9,3,1,0.61,2,1.5,11900000.0,62,13.95,8,3.0,5.0,2.0,0.0,0.0,1.0,0.0,0.0,0.0,0.0,4.0,0.0,0.0,0.0,1.0,0.0,0.0,0.0,1.8,11.78,1.52,0.016,0.009,3807,878,0.562
Chris Wood,50480,Nottingham Forest,14,ST,Striker,906,46.76,23,49,2,1,5,0,0.32,3,4.25,5200000.0,75,7.45,11,7.0,4.0,6.0,0.0,0.0,1.0,0.0,0.0,0.0,0.0,3.0,0.0,0.0,0.0,1.0,0.0,0.0,0.0,1.09,7.97,1.17,0.022,0.019,3445,570,0.864
Tyrique George,1403061,Everton,48,LW,Winger,370,43.63,10,22,9,7,3,0,1.18,0,0.63,21000000.0,48,11.68,10,3.0,7.0,3.0,0.0,0.0,0.0,0.0,0.0,0.0,0.0,5.0,1.0,0.0,0.0,1.0,0.0,0.0,0.0,2.43,13.39,2.78,0.014,0.017,3490,575,1.214
Leon Bailey,808590,Aston Villa,40,RW,Winger,466,53.55,8,32,9,21,12,1,1.46,0,0.49,13100000.0,70,13.52,16,12.0,4.0,11.0,0.0,1.0,0.0,0.0,0.0,0.0,0.0,4.0,0.0,0.0,0.0,0.0,0.0,0.0,0.0,3.09,12.62,2.89,0.021,0.024,3295,667,1.143
Igor Jesus,981619,Nottingham Forest,14,ST,Striker,2320,46.76,70,125,43,28,15,4,1.27,6,6.64,26000000.0,266,10.32,38,20.0,18.0,13.0,1.0,1.0,3.0,2.0,0.0,0.0,0.0,13.0,0.0,0.0,0.0,4.0,0.0,1.0,0.0,1.47,11.04,1.57,0.077,0.067,3445,570,0.87
Ezra Mayers,1652590,West Ham United,37,DC,Centerback,134,42.53,1,13,1,0,2,0,0.49,0,0.12,1800000.0,15,10.07,4,3.0,1.0,3.0,0.0,0.0,0.0,0.0,0.0,0.0,0.0,1.0,0.0,0.0,0.0,0.0,0.0,0.0,0.0,2.69,11.84,3.16,0.004,0.008,3447,499,2.0
Christian Nørgaard,135256,Arsenal,42,MC,Midfielder,108,56.13,2,10,1,0,0,0,0.04,0,0.08,4800000.0,13,10.83,0,,,,,,,,,,,,,,,,,,,0.0,9.65,0.0,0.004,0.0,3614,747,0.0
Dan Burn,99090,Newcastle United,39,DC,Centerback,2209,52.61,10,218,6,1,7,2,0.4,1,1.06,4099999.0,235,9.57,17,9.0,8.0,5.0,2.0,1.0,0.0,1.0,0.0,0.0,0.0,7.0,0.0,0.0,0.0,1.0,0.0,0.0,0.0,0.69,9.1,0.66,0.065,0.026,3629,655,0.4
Ian Maatsen,976263,Aston Villa,40,DL,Fullback,1615,53.55,20,100,23,30,26,1,2.41,0,1.3,28000000.0,173,9.64,40,29.0,11.0,24.0,0.0,1.0,3.0,1.0,0.0,0.0,0.0,9.0,0.0,0.0,0.0,2.0,0.0,0.0,0.0,2.23,9.0,2.08,0.053,0.06,3295,667,1.132
Reiss Nelson,826139,Brentford,50,RW,Winger,152,47.61,5,6,4,7,2,1,0.12,0,0.71,8800000.0,22,13.03,6,2.0,4.0,2.0,0.0,0.0,0.0,0.0,0.0,0.0,0.0,4.0,0.0,0.0,0.0,0.0,0.0,0.0,0.0,3.55,13.68,3.73,0.006,0.012,3707,519,2.0
Nathaniel Clyne,43215,Crystal Palace,7,DR,Fullback,604,45.92,3,37,1,3,3,1,0.68,0,0.43,280000.0,44,6.56,7,4.0,3.0,3.0,0.0,0.0,1.0,0.0,0.0,0.0,0.0,3.0,0.0,0.0,0.0,0.0,0.0,0.0,0.0,1.04,7.14,1.13,0.012,0.012,3757,568,1.0
Jack Harrison,829570,Leeds United,34,RW,Winger,263,45.74,6,24,0,4,2,0,0.24,0,0.28,7000000.0,34,11.63,6,1.0,5.0,1.0,0.0,0.0,0.0,0.0,0.0,0.0,0.0,4.0,0.0,0.0,0.0,1.0,0.0,0.0,0.0,2.05,12.71,2.24,0.01,0.01,3578,580,1.0
Hwang Hee-chan,786186,Wolverhampton,3,ST,Striker,1461,42.82,19,93,11,16,15,2,1.58,2,2.39,5500000.0,139,8.56,27,16.0,11.0,15.0,1.0,0.0,0.0,0.0,0.0,0.0,0.0,9.0,0.0,1.0,0.0,1.0,0.0,0.0,0.0,1.66,10.0,1.94,0.044,0.058,3167,466,1.318
Romain Esse,1438837,Crystal Palace,7,RW,Winger,54,45.92,0,7,2,1,0,0,0.04,0,0.0,10900000.0,10,16.67,0,,,,,,,,,,,,,,,,,,,0.0,18.15,0.0,0.003,0.0,3757,568,0.0
John Stones,152077,Manchester City,17,DC,Centerback,449,60.5,0,20,1,0,1,0,0.09,0,0.0,10900000.0,21,4.21,1,0.0,1.0,0.0,0.0,0.0,0.0,0.0,0.0,0.0,0.0,1.0,0.0,0.0,0.0,0.0,0.0,0.0,0.0,0.2,3.48,0.17,0.005,0.001,4135,916,0.2
Ryan Sessegnon,836698,Fulham,43,DL,Fullback,1822,51.71,16,160,18,16,14,1,1.81,3,1.61,21000000.0,210,10.37,30,14.0,16.0,14.0,0.0,0.0,0.0,0.0,0.0,0.0,0.0,13.0,1.0,0.0,0.0,2.0,0.0,0.0,0.0,1.48,10.03,1.43,0.058,0.045,3626,674,0.776
Alexander Isak,823941,Liverpool FC,44,ST,Striker,714,59.21,17,33,7,9,2,1,0.1,3,2.65,88000000.0,66,8.32,6,3.0,3.0,1.0,1.0,0.0,1.0,0.0,0.0,0.0,0.0,2.0,1.0,0.0,0.0,0.0,0.0,0.0,0.0,0.76,7.03,0.64,0.017,0.007,3807,878,0.412
Pedro Lima,1597270,Wolverhampton,3,DR,Fullback,271,42.82,4,20,4,2,3,0,0.37,0,0.34,3900000.0,30,9.96,5,3.0,2.0,3.0,0.0,0.0,0.0,0.0,0.0,0.0,0.0,0.0,0.0,0.0,0.0,2.0,0.0,0.0,0.0,1.66,11.63,1.94,0.009,0.011,3167,466,1.222
Joe Worrall,838399,Burnley,6,DC,Centerback,517,42.29,1,30,0,0,0,0,0.02,0,0.08,1900000.0,31,5.4,0,,,,,,,,,,,,,,,,,,,0.0,6.38,0.0,0.009,0.0,3487,501,0.0
Chadi Riad,1064218,Crystal Palace,7,DC,Centerback,554,45.92,4,51,3,0,1,1,0.13,0,0.33,19400000.0,58,9.42,4,1.0,3.0,0.0,1.0,0.0,0.0,0.0,0.0,0.0,0.0,3.0,0.0,0.0,0.0,0.0,0.0,0.0,0.0,0.65,10.26,0.71,0.015,0.007,3757,568,0.467
Jack Fletcher,1402726,Manchester United,35,MC,Midfielder,107,51.79,1,8,4,0,2,0,0.03,0,0.03,1600000.0,13,10.93,3,2.0,1.0,2.0,0.0,0.0,0.0,0.0,0.0,0.0,0.0,1.0,0.0,0.0,0.0,0.0,0.0,0.0,0.0,2.52,10.55,2.43,0.003,0.004,3756,834,1.333
Tolu Arokodare,987734,Wolverhampton,3,ST,Striker,1438,42.82,47,107,22,14,12,1,0.45,3,5.46,18200000.0,190,11.89,21,13.0,8.0,9.0,3.0,0.0,1.0,0.0,0.0,0.0,0.0,5.0,1.0,0.0,0.0,2.0,0.0,0.0,0.0,1.31,13.88,1.53,0.06,0.045,3167,466,0.75
Loum Tchaouna,1004505,Burnley,6,RW,Winger,1316,42.29,23,85,17,14,13,1,0.93,2,1.25,13800000.0,139,9.51,22,13.0,9.0,11.0,0.0,1.0,1.0,0.0,0.0,0.0,0.0,9.0,0.0,0.0,0.0,0.0,0.0,0.0,0.0,1.5,11.24,1.77,0.04,0.044,3487,501,1.1
Tyler Dibling,1174472,Everton,48,RW,Winger,371,43.63,4,14,10,14,4,0,0.16,0,0.2,15700000.0,42,10.19,9,5.0,4.0,4.0,0.0,0.0,1.0,0.0,0.0,0.0,0.0,4.0,0.0,0.0,0.0,0.0,0.0,0.0,0.0,2.18,11.68,2.5,0.012,0.016,3490,575,1.333
Oliver Scarles,1150952,West Ham United,37,ML,Fullback,668,42.53,3,54,0,7,5,0,0.31,0,0.18,9100000.0,64,8.62,13,6.0,7.0,4.0,0.0,1.0,1.0,0.0,0.0,0.0,0.0,7.0,0.0,0.0,0.0,0.0,0.0,0.0,0.0,1.75,10.13,2.06,0.019,0.026,3447,499,1.368
Joe Willock,888550,Newcastle United,39,MC,Midfielder,1011,52.61,17,57,12,10,14,2,1.1,0,1.26,14500000.0,96,8.55,23,14.0,9.0,14.0,0.0,0.0,0.0,0.0,0.0,0.0,0.0,6.0,1.0,1.0,0.0,1.0,0.0,0.0,0.0,2.05,8.13,1.95,0.026,0.035,3629,655,1.346
Justin Kluivert,851596,Bournemouth,60,AM,Midfielder,951,50.18,17,65,15,15,21,0,1.53,2,2.32,24000000.0,112,10.6,34,22.0,12.0,21.0,1.0,0.0,0.0,0.0,0.0,0.0,0.0,12.0,0.0,0.0,0.0,0.0,0.0,0.0,0.0,3.22,10.56,3.21,0.03,0.055,3742,614,1.833
Max Kilman,894474,West Ham United,37,DC,Centerback,1565,42.53,7,83,5,1,4,0,0.31,0,0.57,12600000.0,96,5.52,5,4.0,1.0,4.0,0.0,0.0,0.0,0.0,0.0,0.0,0.0,1.0,0.0,0.0,0.0,0.0,0.0,0.0,0.0,0.29,6.49,0.34,0.028,0.01,3447,499,0.357
Evann Guessand,930245,Crystal Palace,7,ST,Striker,933,45.92,11,33,28,25,5,2,1.02,1,1.56,24000000.0,97,9.36,18,6.0,12.0,4.0,0.0,2.0,0.0,0.0,0.0,0.0,0.0,7.0,1.0,2.0,0.0,1.0,1.0,0.0,0.0,1.74,10.19,1.89,0.026,0.032,3757,568,1.231
Jackson Tchatchoua,1096210,Wolverhampton,3,DR,Fullback,1855,42.82,2,129,7,9,21,1,1.69,0,0.33,13200000.0,147,7.13,31,21.0,10.0,19.0,2.0,0.0,0.0,0.0,0.0,0.0,0.0,7.0,0.0,0.0,0.0,3.0,0.0,0.0,0.0,1.5,8.33,1.75,0.046,0.067,3167,466,1.457
Rodrigo Muniz,1015256,Fulham,43,ST,Striker,997,51.71,32,76,12,7,8,1,0.14,1,3.34,22000000.0,127,11.46,12,7.0,5.0,2.0,4.0,1.0,0.0,0.0,0.0,0.0,0.0,5.0,0.0,0.0,0.0,0.0,0.0,0.0,0.0,1.08,11.08,1.04,0.035,0.018,3626,674,0.514
James McAtee,1003334,Nottingham Forest,14,AM,Midfielder,321,46.76,4,19,9,6,6,1,0.37,0,0.17,16200000.0,38,10.65,7,6.0,1.0,6.0,0.0,0.0,0.0,0.0,0.0,0.0,0.0,0.0,0.0,0.0,0.0,1.0,0.0,0.0,0.0,1.96,11.39,2.1,0.011,0.012,3445,570,1.091
Lucas Pires,1136896,Burnley,6,DL,Fullback,1406,42.29,16,90,12,10,20,0,1.48,0,0.58,4300000.0,128,8.19,31,19.0,12.0,18.0,1.0,0.0,0.0,0.0,0.0,0.0,0.0,11.0,0.0,0.0,0.0,0.0,1.0,0.0,0.0,1.98,9.68,2.34,0.037,0.062,3487,501,1.676
Josh Dasilva,856260,Brentford,50,MC,Midfielder,21,47.61,1,1,0,0,1,0,0.0,0,0.08,1500000.0,2,8.57,0,,,,,,,,,,,,,,,,,,,0.0,9.0,0.0,0.001,0.0,3707,519,0.0
Dilane Bakwa,963298,Nottingham Forest,14,RW,Winger,552,46.76,9,41,5,13,11,2,1.01,0,0.55,26000000.0,68,11.09,20,14.0,6.0,12.0,0.0,0.0,1.0,1.0,0.0,0.0,0.0,5.0,0.0,0.0,0.0,1.0,0.0,0.0,0.0,3.26,11.86,3.49,0.02,0.035,3445,570,1.75
Jean-Clair Todibo,945217,West Ham United,37,DC,Centerback,1817,42.53,2,99,1,5,5,1,0.33,0,0.24,24000000.0,107,5.3,6,3.0,3.0,3.0,0.0,0.0,0.0,0.0,0.0,0.0,0.0,3.0,0.0,0.0,0.0,0.0,0.0,0.0,0.0,0.3,6.23,0.35,0.031,0.012,3447,499,0.387
Matt Doherty,143047,Wolverhampton,3,DR,Fullback,791,42.82,3,58,3,0,3,0,0.18,0,0.09,1000000.0,64,7.28,4,4.0,0.0,3.0,0.0,1.0,0.0,0.0,0.0,0.0,0.0,0.0,0.0,0.0,0.0,0.0,0.0,0.0,0.0,0.46,8.5,0.54,0.02,0.009,3167,466,0.45
Destiny Udogie,983572,Tottenham Hotspur,33,DL,Fullback,1340,50.37,4,85,12,12,12,1,0.75,0,0.19,28000000.0,113,7.59,24,13.0,11.0,12.0,0.0,0.0,1.0,0.0,0.0,0.0,0.0,10.0,1.0,0.0,0.0,0.0,0.0,0.0,0.0,1.61,7.53,1.6,0.031,0.042,3597,571,1.355
Séamus Coleman,76632,Everton,48,DR,Fullback,39,43.63,0,0,0,0,1,0,0.16,0,0.0,220000.0,0,0.0,1,1.0,0.0,1.0,0.0,0.0,0.0,0.0,0.0,0.0,0.0,0.0,0.0,0.0,0.0,0.0,0.0,0.0,0.0,2.31,0.0,2.65,0.0,0.002,3490,575,0.0
Thierno Barry,1395746,Everton,48,ST,Striker,1932,43.63,38,143,23,21,12,0,0.47,8,8.15,31000000.0,225,10.48,18,12.0,6.0,8.0,3.0,0.0,1.0,0.0,0.0,0.0,0.0,3.0,1.0,0.0,0.0,2.0,0.0,0.0,0.0,0.84,12.01,0.96,0.064,0.031,3490,575,0.484
Axel Tuanzebe,817979,Burnley,6,DC,Centerback,1202,42.29,2,88,0,0,0,0,0.14,1,0.61,4600000.0,90,6.74,4,0.0,4.0,0.0,0.0,0.0,0.0,0.0,0.0,0.0,0.0,4.0,0.0,0.0,0.0,0.0,0.0,0.0,0.0,0.3,7.97,0.35,0.026,0.008,3487,501,0.308
Jorrel Hato,1153079,Chelsea,38,DL,Fullback,1159,57.74,4,61,4,6,8,0,0.63,0,0.31,41000000.0,75,5.82,16,8.0,8.0,7.0,1.0,0.0,0.0,0.0,0.0,0.0,0.0,8.0,0.0,0.0,0.0,0.0,0.0,0.0,0.0,1.24,5.04,1.07,0.023,0.023,3277,697,1.0
Merlin Röhl,1064082,Everton,48,MC,Midfielder,694,43.63,11,38,15,8,6,0,0.32,1,0.78,14700000.0,72,9.34,11,6.0,5.0,5.0,0.0,1.0,0.0,0.0,0.0,0.0,0.0,2.0,0.0,1.0,0.0,2.0,0.0,0.0,0.0,1.43,10.7,1.64,0.021,0.019,3490,575,0.905
Facundo Buonanotte,1117025,Leeds United,34,RW,Winger,86,45.74,2,8,0,0,3,0,0.28,0,0.06,10900000.0,10,10.47,4,3.0,1.0,3.0,0.0,0.0,0.0,0.0,0.0,0.0,0.0,0.0,0.0,0.0,0.0,1.0,0.0,0.0,0.0,4.19,11.45,4.58,0.003,0.007,3578,580,2.333
Fer López,1526628,Wolverhampton,3,MC,Midfielder,236,42.82,5,28,6,4,3,1,0.61,0,0.16,17500000.0,43,16.4,8,4.0,4.0,3.0,0.0,1.0,0.0,0.0,0.0,0.0,0.0,3.0,1.0,0.0,0.0,0.0,0.0,0.0,0.0,3.05,19.15,3.56,0.014,0.017,3167,466,1.214
Radu Drăguşin,997103,Tottenham Hotspur,33,DC,Centerback,541,50.37,4,53,2,0,0,0,0.02,0,0.32,14800000.0,59,9.82,2,0.0,2.0,0.0,0.0,0.0,0.0,0.0,0.0,0.0,0.0,2.0,0.0,0.0,0.0,0.0,0.0,0.0,0.0,0.33,9.75,0.33,0.016,0.004,3597,571,0.25
Jacob Bruun Larsen,809276,Burnley,6,LW,Winger,1038,42.29,17,54,11,25,12,1,1.17,0,1.38,4400000.0,107,9.28,22,12.0,10.0,12.0,0.0,0.0,0.0,0.0,0.0,0.0,0.0,9.0,0.0,0.0,0.0,1.0,0.0,0.0,0.0,1.91,10.97,2.26,0.031,0.044,3487,501,1.419
Joe Gomez,318927,Liverpool FC,44,DC,Centerback,644,59.21,5,65,6,3,6,2,0.66,0,0.27,12600000.0,79,11.04,10,5.0,5.0,5.0,0.0,0.0,0.0,0.0,0.0,0.0,0.0,5.0,0.0,0.0,0.0,0.0,0.0,0.0,0.0,1.4,9.32,1.18,0.021,0.011,3807,878,0.524
Harvey Elliott,955245,Aston Villa,40,MC,Midfielder,117,53.55,5,13,0,0,1,0,0.09,0,0.29,21000000.0,18,13.85,3,1.0,2.0,1.0,0.0,0.0,0.0,0.0,0.0,0.0,0.0,2.0,0.0,0.0,0.0,0.0,0.0,0.0,0.0,2.31,12.93,2.16,0.005,0.004,3295,667,0.8
Eliezer Mayenda,1168588,Sunderland,41,ST,Striker,770,44.84,13,29,21,21,4,0,0.21,2,2.15,16600000.0,84,9.82,8,6.0,2.0,4.0,1.0,0.0,1.0,0.0,0.0,0.0,0.0,0.0,0.0,0.0,0.0,2.0,0.0,0.0,0.0,0.94,10.95,1.05,0.025,0.017,3339,465,0.68
Toti Gomes,973418,Wolverhampton,3,DC,Centerback,1427,42.82,5,115,5,2,6,0,0.31,0,0.53,18700000.0,127,8.01,9,6.0,3.0,6.0,0.0,0.0,0.0,0.0,0.0,0.0,0.0,3.0,0.0,0.0,0.0,0.0,0.0,0.0,0.0,0.57,9.35,0.67,0.04,0.019,3167,466,0.475
Justin Devenny,1084311,Crystal Palace,7,MC,Midfielder,830,45.92,13,68,11,11,7,0,0.38,1,2.62,11500000.0,103,11.17,16,7.0,9.0,6.0,1.0,0.0,0.0,0.0,0.0,0.0,0.0,8.0,0.0,0.0,0.0,1.0,0.0,0.0,0.0,1.73,12.16,1.88,0.027,0.028,3757,568,1.037
Joshua Zirkzee,917007,Manchester United,35,ST,Striker,666,51.79,25,63,13,4,11,1,0.35,2,2.95,21000000.0,105,14.19,21,11.0,10.0,8.0,2.0,0.0,1.0,0.0,0.0,0.0,0.0,10.0,0.0,0.0,0.0,0.0,0.0,0.0,0.0,2.84,13.7,2.74,0.028,0.025,3756,834,0.893
Nilson Angulo,1116571,Sunderland,41,LW,Winger,413,44.84,7,21,5,9,3,0,0.11,0,0.78,16500000.0,42,9.15,11,6.0,5.0,3.0,1.0,0.0,2.0,0.0,0.0,0.0,0.0,3.0,0.0,0.0,0.0,2.0,0.0,0.0,0.0,2.4,10.2,2.68,0.013,0.024,3339,465,1.846
Adam Smith,44566,Bournemouth,60,DR,Fullback,1095,50.18,0,80,2,0,5,2,0.25,0,0.0,310000.0,82,6.74,9,5.0,4.0,5.0,0.0,0.0,0.0,0.0,0.0,0.0,0.0,3.0,0.0,0.0,0.0,1.0,0.0,0.0,0.0,0.74,6.72,0.74,0.022,0.015,3742,614,0.682
Adama Traoré,286165,West Ham United,37,RW,Winger,450,42.53,7,23,14,8,3,0,0.58,0,0.69,5700000.0,52,10.4,8,3.0,5.0,3.0,0.0,0.0,0.0,0.0,0.0,0.0,0.0,2.0,0.0,0.0,0.0,3.0,0.0,0.0,0.0,1.6,12.23,1.88,0.015,0.016,3447,499,1.067
Simon Adingra,1110842,Sunderland,41,LW,Winger,665,44.84,6,39,12,19,7,0,0.61,1,0.35,23000000.0,76,10.29,13,6.0,7.0,6.0,0.0,0.0,0.0,0.0,0.0,0.0,0.0,4.0,0.0,0.0,0.0,3.0,0.0,0.0,0.0,1.76,11.47,1.96,0.023,0.028,3339,465,1.217
Hamed Junior Traorè,892924,Bournemouth,60,AM,Midfielder,16,50.18,0,0,0,0,1,1,0.0,0,0.0,14100000.0,0,0.0,1,1.0,0.0,1.0,0.0,0.0,0.0,0.0,0.0,0.0,0.0,0.0,0.0,0.0,0.0,0.0,0.0,0.0,0.0,5.62,0.0,5.6,0.0,0.002,3742,614,0.0
Carlos Alcaraz,1017392,Everton,48,MC,Midfielder,730,43.63,20,56,9,8,10,1,0.54,0,1.24,14600000.0,93,11.47,14,10.0,4.0,8.0,0.0,1.0,1.0,0.0,0.0,0.0,0.0,3.0,0.0,0.0,0.0,1.0,0.0,0.0,0.0,1.73,13.14,1.98,0.027,0.024,3490,575,0.889
Bendito Mantato,1545190,Manchester United,35,RW,Winger,15,51.79,0,0,0,0,1,0,0.01,0,0.0,360000.0,0,0.0,1,1.0,0.0,1.0,0.0,0.0,0.0,0.0,0.0,0.0,0.0,0.0,0.0,0.0,0.0,0.0,0.0,0.0,0.0,6.0,0.0,5.79,0.0,0.001,3756,834,0.0
Divine Mukasa,1467990,Manchester City,17,MC,Midfielder,25,60.5,0,1,2,0,2,0,0.21,0,0.0,4900000.0,3,10.8,3,2.0,1.0,1.0,1.0,0.0,0.0,0.0,0.0,0.0,0.0,0.0,0.0,0.0,0.0,1.0,0.0,0.0,0.0,10.8,8.93,8.93,0.001,0.003,4135,916,3.0
Andrés García,1457536,Aston Villa,40,DR,Fullback,105,53.55,0,0,1,0,0,0,0.01,0,0.0,6500000.0,1,0.86,1,0.0,1.0,0.0,0.0,0.0,0.0,0.0,0.0,0.0,0.0,1.0,0.0,0.0,0.0,0.0,0.0,0.0,0.0,0.86,0.8,0.8,0.0,0.001,3295,667,0.0
Romaine Mundle,1094440,Sunderland,41,LW,Winger,412,44.84,7,15,14,8,1,0,0.47,0,0.86,6800000.0,44,9.61,5,2.0,3.0,1.0,0.0,0.0,1.0,0.0,0.0,0.0,0.0,1.0,1.0,1.0,0.0,0.0,0.0,0.0,0.0,1.09,10.72,1.22,0.013,0.011,3339,465,0.846
Tom Watson,1167066,Brighton & Hove Albion,30,LW,Winger,73,54.08,1,5,0,0,0,0,0.04,0,0.04,7500000.0,6,7.4,0,,,,,,,,,,,,,,,,,,,0.0,6.84,0.0,0.002,0.0,3682,680,0.0
Enes Ünal,336655,Bournemouth,60,ST,Striker,259,50.18,15,18,8,3,1,0,0.07,1,2.0,6800000.0,44,15.29,6,5.0,1.0,1.0,1.0,2.0,1.0,0.0,0.0,0.0,0.0,1.0,0.0,0.0,0.0,0.0,0.0,0.0,0.0,2.08,15.24,2.07,0.012,0.01,3742,614,0.833
Ben Gannon-Doak,1154861,Bournemouth,60,RW,Winger,122,50.18,3,11,0,6,1,1,0.12,0,0.26,14600000.0,20,14.75,3,1.0,2.0,1.0,0.0,0.0,0.0,0.0,0.0,0.0,0.0,2.0,0.0,0.0,0.0,0.0,0.0,0.0,0.0,2.21,14.7,2.2,0.005,0.005,3742,614,1.0
Alex Tóth,1476524,Bournemouth,60,MC,Midfielder,185,50.18,2,8,2,3,5,0,0.33,0,0.11,13100000.0,15,7.3,6,4.0,2.0,4.0,0.0,0.0,0.0,0.0,0.0,0.0,0.0,2.0,0.0,0.0,0.0,0.0,0.0,0.0,0.0,2.92,7.27,2.91,0.004,0.01,3742,614,2.5
Randal Kolo Muani,871706,Tottenham Hotspur,33,ST,Striker,1670,50.37,20,97,37,38,20,1,1.77,1,2.18,18200000.0,192,10.35,32,21.0,11.0,17.0,3.0,0.0,1.0,0.0,0.0,0.0,0.0,9.0,0.0,0.0,0.0,2.0,0.0,0.0,0.0,1.72,10.27,1.71,0.053,0.056,3597,571,1.057
Lyle Foster,901907,Burnley,6,ST,Striker,1372,42.29,20,84,32,12,10,2,0.49,3,3.25,8300000.0,148,9.71,19,12.0,7.0,7.0,3.0,1.0,1.0,0.0,0.0,0.0,0.0,5.0,0.0,0.0,0.0,2.0,0.0,0.0,0.0,1.25,11.48,1.48,0.042,0.038,3487,501,0.905
Luís Guilherme,1016893,West Ham United,37,LW,Winger,121,42.53,1,3,5,4,1,0,0.04,0,0.07,12500000.0,13,9.67,2,1.0,1.0,1.0,0.0,0.0,0.0,0.0,0.0,0.0,0.0,0.0,1.0,0.0,0.0,0.0,0.0,0.0,0.0,1.49,11.37,1.75,0.004,0.004,3447,499,1.0
Liam Delap,997087,Chelsea,38,ST,Striker,1139,57.74,36,57,22,3,3,0,0.22,1,4.47,26000000.0,118,9.32,12,5.0,7.0,3.0,0.0,1.0,0.0,0.0,0.0,1.0,0.0,5.0,1.0,0.0,0.0,1.0,0.0,0.0,0.0,0.95,8.07,0.82,0.036,0.017,3277,697,0.472
Zeki Amdouni,990550,Burnley,6,ST,Striker,69,42.29,3,1,1,3,0,0,0.02,0,0.24,7600000.0,8,10.43,1,0.0,1.0,0.0,0.0,0.0,0.0,0.0,0.0,0.0,0.0,1.0,0.0,0.0,0.0,0.0,0.0,0.0,0.0,1.3,12.33,1.54,0.002,0.002,3487,501,1.0
Pablo Felipe,1101174,West Ham United,37,ST,Striker,826,42.53,12,53,17,5,14,1,1.12,0,1.05,18500000.0,87,9.48,0,,,,,,,,,,,,,,,,,,,0.0,11.15,0.0,0.025,0.0,3447,499,0.0
Mike Trésor,826183,Burnley,6,LW,Winger,63,42.29,0,4,2,0,1,0,0.0,0,0.0,2100000.0,6,8.57,1,0.0,1.0,0.0,0.0,0.0,0.0,0.0,0.0,0.0,0.0,0.0,1.0,0.0,0.0,0.0,0.0,0.0,0.0,1.43,10.13,1.69,0.002,0.002,3487,501,1.0
Jonah Kusi-Asare,1503757,Fulham,43,ST,Striker,79,51.71,0,5,0,0,1,0,0.01,0,0.0,3300000.0,5,5.7,1,0.0,1.0,0.0,0.0,0.0,0.0,0.0,0.0,0.0,0.0,1.0,0.0,0.0,0.0,0.0,0.0,0.0,0.0,1.14,5.51,1.1,0.001,0.001,3626,674,1.0
Trey Nyoni,1445945,Liverpool FC,44,MC,Midfielder,47,59.21,1,2,1,0,1,0,0.02,0,0.37,8500000.0,4,7.66,3,1.0,2.0,1.0,0.0,0.0,0.0,0.0,0.0,0.0,0.0,2.0,0.0,0.0,0.0,0.0,0.0,0.0,0.0,5.74,6.47,4.85,0.001,0.003,3807,878,3.0
Quilindschy Hartman,1392044,Burnley,6,DL,Fullback,1830,42.29,9,179,6,7,20,5,1.99,0,0.34,15500000.0,201,9.89,29,21.0,8.0,20.0,0.0,0.0,0.0,0.0,0.0,0.0,1.0,7.0,0.0,0.0,0.0,1.0,0.0,0.0,0.0,1.43,11.69,1.69,0.058,0.058,3487,501,1.0
Christantus Uche,1884145,Crystal Palace,7,ST,Striker,193,45.92,6,24,7,0,0,0,0.03,0,0.49,13200000.0,37,17.25,2,0.0,2.0,0.0,0.0,0.0,0.0,0.0,0.0,0.0,0.0,0.0,0.0,0.0,0.0,2.0,0.0,0.0,0.0,0.93,18.78,1.01,0.01,0.004,3757,568,0.4
Yoane Wissa,805123,Newcastle United,39,ST,Striker,539,52.61,13,28,6,11,4,1,0.56,1,3.12,23000000.0,58,9.68,7,3.0,4.0,1.0,2.0,0.0,0.0,0.0,0.0,0.0,0.0,4.0,0.0,0.0,0.0,0.0,0.0,0.0,0.0,1.17,9.2,1.11,0.016,0.011,3629,655,0.688
Josh Laurent,552036,Burnley,6,MC,Midfielder,1783,42.29,14,141,15,10,12,0,0.49,1,0.85,1500000.0,180,9.09,18,12.0,6.0,11.0,1.0,0.0,0.0,0.0,0.0,0.0,0.0,5.0,0.0,1.0,0.0,0.0,0.0,0.0,0.0,0.91,10.75,1.08,0.052,0.036,3487,501,0.692
Dane Scarlett,998772,Tottenham Hotspur,33,ST,Striker,21,50.37,0,2,1,0,0,0,0.01,0,0.0,1400000.0,3,12.86,0,,,,,,,,,,,,,,,,,,,0.0,12.77,0.0,0.001,0.0,3597,571,0.0
Sam Byram,254713,Leeds United,34,DL,Fullback,18,45.74,0,3,0,0,0,0,0.0,0,0.0,390000.0,3,15.0,0,,,,,,,,,,,,,,,,,,,0.0,16.4,0.0,0.001,0.0,3578,580,0.0
Joel Drakes-Thomas,2007717,Crystal Palace,7,MR,Fullback,25,45.92,0,3,0,0,0,0,0.0,0,0.0,1400000.0,3,10.8,0,,,,,,,,,,,,,,,,,,,0.0,11.76,0.0,0.001,0.0,3757,568,0.0
Joël Piroe,850823,Leeds United,34,ST,Striker,315,45.74,14,18,5,2,1,0,0.13,0,0.96,9100000.0,39,11.14,6,1.0,5.0,1.0,0.0,0.0,0.0,0.0,0.0,0.0,0.0,3.0,0.0,0.0,0.0,2.0,0.0,0.0,0.0,1.71,12.18,1.87,0.011,0.01,3578,580,0.909
Rico Henry,599128,Brentford,50,DL,Fullback,1334,47.61,5,111,9,15,4,1,0.55,0,0.18,13800000.0,140,9.45,12,6.0,6.0,4.0,1.0,1.0,0.0,0.0,0.0,0.0,0.0,5.0,0.0,0.0,0.0,1.0,0.0,0.0,0.0,0.81,9.92,0.85,0.038,0.023,3707,519,0.605
Harry Howell,1627806,Brighton & Hove Albion,30,RW,Winger,93,54.08,0,5,2,1,0,0,0.03,0,0.0,7300000.0,8,7.74,0,,,,,,,,,,,,,,,,,,,0.0,7.16,0.0,0.002,0.0,3682,680,0.0
Ashley Barnes,27028,Burnley,6,ST,Striker,92,42.29,2,9,2,0,0,0,0.04,0,0.25,145000.0,13,12.72,0,,,,,,,,,,,,,,,,,,,0.0,15.04,0.0,0.004,0.0,3487,501,0.0
Armando Broja,996985,Burnley,6,ST,Striker,874,42.29,16,46,20,16,5,1,0.23,1,2.15,4500000.0,98,10.09,10,8.0,2.0,4.0,1.0,1.0,2.0,0.0,0.0,0.0,0.0,2.0,0.0,0.0,0.0,0.0,0.0,0.0,0.0,1.03,11.93,1.22,0.028,0.02,3487,501,0.714
Shumaira Mheuka,1402787,Chelsea,38,ST,Striker,9,57.74,0,1,0,0,0,0,0.0,0,0.0,2900000.0,1,10.0,0,,,,,,,,,,,,,,,,,,,0.0,8.66,0.0,0.0,0.0,3277,697,0.0
Kaye Furo,1403098,Brentford,50,ST,Striker,9,47.61,0,0,0,0,0,0,0.0,0,0.0,7600000.0,0,0.0,0,,,,,,,,,,,,,,,,,,,0.0,0.0,0.0,0.0,0.0,3707,519,0.0
Jaydon Banel,1142573,Burnley,6,LW,Winger,9,42.29,0,0,0,0,0,0,0.0,0,0.0,950000.0,0,0.0,0,,,,,,,,,,,,,,,,,,,0.0,0.0,0.0,0.0,0.0,3487,501,0.0
Bradley Burrowes,1899712,Aston Villa,40,ST,Striker,16,53.55,0,2,0,0,0,0,0.0,0,0.0,1800000.0,2,11.25,0,,,,,,,,,,,,,,,,,,,0.0,10.5,0.0,0.001,0.0,3295,667,0.0
George Earthy,1212165,West Ham United,37,AM,Midfielder,8,42.53,0,0,0,0,0,0,0.01,0,0.0,1900000.0,0,0.0,0,,,,,,,,,,,,,,,,,,,0.0,0.0,0.0,0.0,0.0,3447,499,0.0
Kaden Rodney,1185603,Crystal Palace,7,MC,Midfielder,9,45.92,0,2,0,0,0,0,0.0,0,0.0,195000.0,2,20.0,0,,,,,,,,,,,,,,,,,,,0.0,21.78,0.0,0.001,0.0,3757,568,0.0
Arnaud Kalimuendo,954061,Nottingham Forest,14,ST,Striker,106,46.76,4,5,1,0,1,0,0.03,0,0.44,24000000.0,10,8.49,2,1.0,1.0,1.0,0.0,0.0,0.0,0.0,0.0,0.0,0.0,1.0,0.0,0.0,0.0,0.0,0.0,0.0,0.0,1.7,9.08,1.82,0.003,0.004,3445,570,1.333
Jamaal Lascelles,153444,Newcastle United,39,DC,Centerback,25,52.61,1,2,0,0,0,0,0.0,0,0.04,760000.0,3,10.8,0,,,,,,,,,,,,,,,,,,,0.0,10.26,0.0,0.001,0.0,3629,655,0.0
Patrick Roberts,361326,Sunderland,41,RW,Winger,27,44.84,1,4,0,0,0,0,0.02,0,0.03,4099999.0,5,16.67,0,,,,,,,,,,,,,,,,,,,0.0,18.59,0.0,0.001,0.0,3339,465,0.0
Sean Neave,1511675,Newcastle United,39,ST,Striker,13,52.61,1,0,1,0,0,0,0.0,0,0.03,0.0,2,13.85,0,,,,,,,,,,,,,,,,,,,0.0,13.16,0.0,0.001,0.0,3629,655,0.0
Jørgen Strand Larsen,876599,Crystal Palace,7,ST,Striker,2316,45.92,44,175,27,16,10,1,1.11,4,5.32,41000000.0,262,10.18,26,16.0,10.0,10.0,1.0,1.0,3.0,0.0,0.0,1.0,0.0,7.0,2.0,0.0,0.0,1.0,0.0,0.0,0.0,1.01,11.08,1.1,0.07,0.046,3757,568,0.657
Zach Abbott,1390490,Nottingham Forest,14,DC,Centerback,165,46.76,0,18,2,2,0,0,0.01,0,0.0,3900000.0,22,12.0,1,0.0,1.0,0.0,0.0,0.0,0.0,0.0,0.0,0.0,0.0,1.0,0.0,0.0,0.0,0.0,0.0,0.0,0.0,0.55,12.83,0.59,0.006,0.002,3445,570,0.333
Igor Júlio,842513,Brighton & Hove Albion,30,DC,Centerback,122,54.08,0,6,0,0,1,0,0.0,0,0.0,9700000.0,6,4.43,0,,,,,,,,,,,,,,,,,,,0.0,4.1,0.0,0.002,0.0,3682,680,0.0
Borna Sosa,357584,Crystal Palace,7,DL,Fullback,99,45.92,1,15,0,0,2,0,0.07,0,0.04,2700000.0,16,14.55,3,2.0,1.0,2.0,0.0,0.0,0.0,0.0,0.0,0.0,0.0,0.0,1.0,0.0,0.0,0.0,0.0,0.0,0.0,2.73,15.84,2.97,0.004,0.005,3757,568,1.25
Callum Marshall,1394099,West Ham United,37,ST,Striker,58,42.53,1,2,2,1,0,0,0.0,0,0.13,2100000.0,6,9.31,0,,,,,,,,,,,,,,,,,,,0.0,10.95,0.0,0.002,0.0,3447,499,0.0
Saša Kalajdžić,870038,Wolverhampton,3,ST,Striker,14,42.82,0,1,1,0,0,0,0.01,0,0.0,3700000.0,2,12.86,0,,,,,,,,,,,,,,,,,,,0.0,15.02,0.0,0.001,0.0,3167,466,0.0
Ben Winterburn,2007889,Bournemouth,60,AM,Midfielder,13,50.18,0,1,0,0,0,0,0.0,0,0.0,320000.0,1,6.92,0,,,,,,,,,,,,,,,,,,,0.0,6.9,0.0,0.0,0.0,3742,614,0.0
Julio Soler,1201520,Bournemouth,60,DL,Fullback,34,50.18,0,3,0,0,0,0,0.01,0,0.0,8300000.0,3,7.94,0,,,,,,,,,,,,,,,,,,,0.0,7.91,0.0,0.001,0.0,3742,614,0.0
Mamadou Sarr,1154657,Chelsea,38,DC,Centerback,107,57.74,1,6,0,0,0,0,0.0,0,0.44,24000000.0,7,5.89,0,,,,,,,,,,,,,,,,,,,0.0,5.1,0.0,0.002,0.0,3277,697,0.0
Souza,1482340,Tottenham Hotspur,33,DL,Fullback,144,50.37,1,2,1,0,3,0,0.04,0,0.02,12400000.0,4,2.5,4,3.0,1.0,2.0,1.0,0.0,0.0,0.0,0.0,0.0,0.0,1.0,0.0,0.0,0.0,0.0,0.0,0.0,0.0,2.5,2.48,2.48,0.001,0.007,3597,571,7.0
Marc Guiu,1414933,Chelsea,38,ST,Striker,276,57.74,13,10,1,3,3,1,0.3,0,1.55,11200000.0,27,8.8,6,3.0,3.0,3.0,0.0,0.0,0.0,0.0,0.0,0.0,0.0,3.0,0.0,0.0,0.0,0.0,0.0,0.0,0.0,1.96,7.62,1.7,0.008,0.009,3277,697,1.125
Nayef Aguerd,877102,West Ham United,37,DC,Centerback,180,42.53,2,11,0,0,0,0,0.03,0,0.1,15900000.0,13,6.5,1,0.0,1.0,0.0,0.0,0.0,0.0,0.0,0.0,0.0,0.0,1.0,0.0,0.0,0.0,0.0,0.0,0.0,0.0,0.5,7.64,0.59,0.004,0.002,3447,499,0.5
Niclas Füllkrug,132645,West Ham United,37,ST,Striker,408,42.53,9,36,6,0,7,0,0.23,0,0.92,3700000.0,51,11.25,8,7.0,1.0,5.0,2.0,0.0,0.0,0.0,0.0,0.0,0.0,1.0,0.0,0.0,0.0,0.0,0.0,0.0,0.0,1.76,13.23,2.07,0.015,0.016,3447,499,1.067
Emil Krafth,150396,Newcastle United,39,DR,Fullback,45,52.61,0,5,1,0,0,0,0.0,0,0.0,810000.0,6,12.0,0,,,,,,,,,,,,,,,,,,,0.0,11.4,0.0,0.002,0.0,3629,655,0.0
James Rowswell,1403130,Tottenham Hotspur,33,DR,Fullback,1,50.37,0,0,0,0,0,0,0.0,0,0.0,1000000.0,0,0.0,0,,,,,,,,,,,,,,,,,,,0.0,0.0,0.0,0.0,0.0,3597,571,0.0
Myles Peart-Harris,980649,Brentford,50,AM,Midfielder,1,47.61,0,0,0,0,0,0,0.0,0,0.0,875000.0,0,0.0,0,,,,,,,,,,,,,,,,,,,0.0,0.0,0.0,0.0,0.0,3707,519,0.0
Nehemiah Oriola,1899611,Brighton & Hove Albion,30,RW,Winger,1,54.08,0,0,0,0,0,0,0.0,0,0.0,195000.0,0,0.0,0,,,,,,,,,,,,,,,,,,,0.0,0.0,0.0,0.0,0.0,3682,680,0.0
Joe Knight,1565348,Brighton & Hove Albion,30,MC,Midfielder,1,54.08,0,0,0,0,0,0,0.0,0,0.0,105000.0,0,0.0,0,,,,,,,,,,,,,,,,,,,0.0,0.0,0.0,0.0,0.0,3682,680,0.0
